image_id,file_name,question_en,answer,split,category,question_ur,question_roman
110330,COCO_val2014_000000110330.jpg,Is there a person in the image?,yes,random,person,کیا تصویر میں کوئی شخص ہے؟,Kya tasveer mein insaan hai?
110330,COCO_val2014_000000110330.jpg,Is there a bus in the image?,yes,random,bus,کیا تصویر میں بس ہے؟,Kya tasveer mein bus hai?
110330,COCO_val2014_000000110330.jpg,Is there a handbag in the image?,yes,random,handbag,کیا تصویر میں ہینڈ بیگ ہے؟,Kya tasveer mein handbag hai?
110330,COCO_val2014_000000110330.jpg,Is there a baseball bat in the image?,no,random,baseball bat,کیا تصویر میں بیس بال کا بیٹ ہے؟,Kya tasveer mein baseball ka balla hai?
110330,COCO_val2014_000000110330.jpg,Is there a laptop in the image?,no,random,laptop,کیا تصویر میں لیپ ٹاپ ہے؟,Kya tasveer mein laptop hai?
110330,COCO_val2014_000000110330.jpg,Is there a cake in the image?,no,random,cake,کیا تصویر میں کیک ہے؟,Kya tasveer mein cake hai?
110330,COCO_val2014_000000110330.jpg,Is there a person in the image?,yes,popular,person,کیا تصویر میں کوئی شخص ہے؟,Kya tasveer mein insaan hai?
110330,COCO_val2014_000000110330.jpg,Is there a bus in the image?,yes,popular,bus,کیا تصویر میں بس ہے؟,Kya tasveer mein bus hai?
110330,COCO_val2014_000000110330.jpg,Is there a handbag in the image?,yes,popular,handbag,کیا تصویر میں ہینڈ بیگ ہے؟,Kya tasveer mein handbag hai?
110330,COCO_val2014_000000110330.jpg,Is there a car in the image?,no,popular,car,کیا تصویر میں کوئی کار ہے؟,Kya tasveer mein gaari hai?
110330,COCO_val2014_000000110330.jpg,Is there a chair in the image?,no,popular,chair,کیا تصویر میں کرسی ہے؟,Kya tasveer mein kursi hai?
110330,COCO_val2014_000000110330.jpg,Is there a book in the image?,no,popular,book,کیا تصویر میں کوئی کتاب ہے؟,Kya tasveer mein kitaab hai?
110330,COCO_val2014_000000110330.jpg,Is there a bus in the image?,yes,adversarial,bus,کیا تصویر میں بس ہے؟,Kya tasveer mein bus hai?
110330,COCO_val2014_000000110330.jpg,Is there a handbag in the image?,yes,adversarial,handbag,کیا تصویر میں ہینڈ بیگ ہے؟,Kya tasveer mein handbag hai?
110330,COCO_val2014_000000110330.jpg,Is there a person in the image?,yes,adversarial,person,کیا تصویر میں کوئی شخص ہے؟,Kya tasveer mein insaan hai?
110330,COCO_val2014_000000110330.jpg,Is there a car in the image?,no,adversarial,car,کیا تصویر میں کوئی کار ہے؟,Kya tasveer mein gaari hai?
110330,COCO_val2014_000000110330.jpg,Is there a chair in the image?,no,adversarial,chair,کیا تصویر میں کرسی ہے؟,Kya tasveer mein kursi hai?
110330,COCO_val2014_000000110330.jpg,Is there a book in the image?,no,adversarial,book,کیا تصویر میں کوئی کتاب ہے؟,Kya tasveer mein kitaab hai?
184205,COCO_val2014_000000184205.jpg,Is there a bottle in the image?,yes,random,bottle,کیا تصویر میں کوئی بوتل ہے؟,Kya tasveer mein botal hai?
184205,COCO_val2014_000000184205.jpg,Is there a cup in the image?,yes,random,cup,کیا تصویر میں کپ ہے؟,Kya tasveer mein cup hai?
184205,COCO_val2014_000000184205.jpg,Is there a backpack in the image?,yes,random,backpack,کیا تصویر میں کوئی بیگ ہے؟,Kya tasveer mein bag hai?
184205,COCO_val2014_000000184205.jpg,Is there a train in the image?,no,random,train,کیا تصویر میں ٹرین ہے؟,Kya tasveer mein train hai?
184205,COCO_val2014_000000184205.jpg,Is there a parking meter in the image?,no,random,parking meter,کیا تصویر میں پارکنگ میٹر ہے؟,Kya tasveer mein parking meter hai?
184205,COCO_val2014_000000184205.jpg,Is there a truck in the image?,no,random,truck,کیا تصویر میں کوئی ٹرک ہے؟,Kya tasveer mein truck hai?
184205,COCO_val2014_000000184205.jpg,Is there a bottle in the image?,yes,popular,bottle,کیا تصویر میں کوئی بوتل ہے؟,Kya tasveer mein botal hai?
184205,COCO_val2014_000000184205.jpg,Is there a backpack in the image?,yes,popular,backpack,کیا تصویر میں کوئی بیگ ہے؟,Kya tasveer mein bag hai?
184205,COCO_val2014_000000184205.jpg,Is there a cup in the image?,yes,popular,cup,کیا تصویر میں کپ ہے؟,Kya tasveer mein cup hai?
184205,COCO_val2014_000000184205.jpg,Is there a person in the image?,no,popular,person,کیا تصویر میں کوئی شخص ہے؟,Kya tasveer mein insaan hai?
184205,COCO_val2014_000000184205.jpg,Is there a car in the image?,no,popular,car,کیا تصویر میں کوئی کار ہے؟,Kya tasveer mein gaari hai?
184205,COCO_val2014_000000184205.jpg,Is there a chair in the image?,no,popular,chair,کیا تصویر میں کرسی ہے؟,Kya tasveer mein kursi hai?
184205,COCO_val2014_000000184205.jpg,Is there a oven in the image?,yes,adversarial,oven,کیا تصویر میں تندور ہے؟,Kya tasveer mein oven hai?
184205,COCO_val2014_000000184205.jpg,Is there a bottle in the image?,yes,adversarial,bottle,کیا تصویر میں کوئی بوتل ہے؟,Kya tasveer mein botal hai?
184205,COCO_val2014_000000184205.jpg,Is there a backpack in the image?,yes,adversarial,backpack,کیا تصویر میں کوئی بیگ ہے؟,Kya tasveer mein bag hai?
184205,COCO_val2014_000000184205.jpg,Is there a person in the image?,no,adversarial,person,کیا تصویر میں کوئی شخص ہے؟,Kya tasveer mein insaan hai?
184205,COCO_val2014_000000184205.jpg,Is there a car in the image?,no,adversarial,car,کیا تصویر میں کوئی کار ہے؟,Kya tasveer mein gaari hai?
184205,COCO_val2014_000000184205.jpg,Is there a chair in the image?,no,adversarial,chair,کیا تصویر میں کرسی ہے؟,Kya tasveer mein kursi hai?
535668,COCO_val2014_000000535668.jpg,Is there a person in the image?,yes,random,person,کیا تصویر میں کوئی شخص ہے؟,Kya tasveer mein insaan hai?
535668,COCO_val2014_000000535668.jpg,Is there a sports ball in the image?,yes,random,sports ball,کیا تصویر میں کھیلوں کی گیند ہے؟,Kya tasveer mein khel ka gend hai?
535668,COCO_val2014_000000535668.jpg,Is there a baseball bat in the image?,yes,random,baseball bat,کیا تصویر میں بیس بال کا بیٹ ہے؟,Kya tasveer mein baseball ka balla hai?
535668,COCO_val2014_000000535668.jpg,Is there a couch in the image?,no,random,couch,کیا تصویر میں صوفہ ہے؟,Kya tasveer mein sofa hai?
535668,COCO_val2014_000000535668.jpg,Is there a backpack in the image?,no,random,backpack,کیا تصویر میں کوئی بیگ ہے؟,Kya tasveer mein bag hai?
535668,COCO_val2014_000000535668.jpg,Is there a tennis racket in the image?,no,random,tennis racket,کیا تصویر میں ٹینس ریکیٹ ہے؟,Kya tasveer mein tennis ka racket hai?
535668,COCO_val2014_000000535668.jpg,Is there a sports ball in the image?,yes,popular,sports ball,کیا تصویر میں کھیلوں کی گیند ہے؟,Kya tasveer mein khel ka gend hai?
535668,COCO_val2014_000000535668.jpg,Is there a person in the image?,yes,popular,person,کیا تصویر میں کوئی شخص ہے؟,Kya tasveer mein insaan hai?
535668,COCO_val2014_000000535668.jpg,Is there a baseball bat in the image?,yes,popular,baseball bat,کیا تصویر میں بیس بال کا بیٹ ہے؟,Kya tasveer mein baseball ka balla hai?
535668,COCO_val2014_000000535668.jpg,Is there a car in the image?,no,popular,car,کیا تصویر میں کوئی کار ہے؟,Kya tasveer mein gaari hai?
535668,COCO_val2014_000000535668.jpg,Is there a chair in the image?,no,popular,chair,کیا تصویر میں کرسی ہے؟,Kya tasveer mein kursi hai?
535668,COCO_val2014_000000535668.jpg,Is there a book in the image?,no,popular,book,کیا تصویر میں کوئی کتاب ہے؟,Kya tasveer mein kitaab hai?
535668,COCO_val2014_000000535668.jpg,Is there a sports ball in the image?,yes,adversarial,sports ball,کیا تصویر میں کھیلوں کی گیند ہے؟,Kya tasveer mein khel ka gend hai?
535668,COCO_val2014_000000535668.jpg,Is there a person in the image?,yes,adversarial,person,کیا تصویر میں کوئی شخص ہے؟,Kya tasveer mein insaan hai?
535668,COCO_val2014_000000535668.jpg,Is there a baseball bat in the image?,yes,adversarial,baseball bat,کیا تصویر میں بیس بال کا بیٹ ہے؟,Kya tasveer mein baseball ka balla hai?
535668,COCO_val2014_000000535668.jpg,Is there a car in the image?,no,adversarial,car,کیا تصویر میں کوئی کار ہے؟,Kya tasveer mein gaari hai?
535668,COCO_val2014_000000535668.jpg,Is there a chair in the image?,no,adversarial,chair,کیا تصویر میں کرسی ہے؟,Kya tasveer mein kursi hai?
535668,COCO_val2014_000000535668.jpg,Is there a book in the image?,no,adversarial,book,کیا تصویر میں کوئی کتاب ہے؟,Kya tasveer mein kitaab hai?
303685,COCO_val2014_000000303685.jpg,Is there a truck in the image?,yes,random,truck,کیا تصویر میں کوئی ٹرک ہے؟,Kya tasveer mein truck hai?
303685,COCO_val2014_000000303685.jpg,Is there a backpack in the image?,yes,random,backpack,کیا تصویر میں کوئی بیگ ہے؟,Kya tasveer mein bag hai?
303685,COCO_val2014_000000303685.jpg,Is there a tie in the image?,yes,random,tie,کیا تصویر میں ٹائی ہے؟,Kya tasveer mein tie hai?
303685,COCO_val2014_000000303685.jpg,Is there a zebra in the image?,no,random,zebra,کیا تصویر میں زیبرا ہے؟,Kya tasveer mein zebra hai?
303685,COCO_val2014_000000303685.jpg,Is there a cake in the image?,no,random,cake,کیا تصویر میں کیک ہے؟,Kya tasveer mein cake hai?
303685,COCO_val2014_000000303685.jpg,Is there a keyboard in the image?,no,random,keyboard,کیا تصویر میں کی بورڈ ہے؟,Kya tasveer mein keyboard hai?
303685,COCO_val2014_000000303685.jpg,Is there a backpack in the image?,yes,popular,backpack,کیا تصویر میں کوئی بیگ ہے؟,Kya tasveer mein bag hai?
303685,COCO_val2014_000000303685.jpg,Is there a truck in the image?,yes,popular,truck,کیا تصویر میں کوئی ٹرک ہے؟,Kya tasveer mein truck hai?
303685,COCO_val2014_000000303685.jpg,Is there a chair in the image?,yes,popular,chair,کیا تصویر میں کرسی ہے؟,Kya tasveer mein kursi hai?
303685,COCO_val2014_000000303685.jpg,Is there a person in the image?,no,popular,person,کیا تصویر میں کوئی شخص ہے؟,Kya tasveer mein insaan hai?
303685,COCO_val2014_000000303685.jpg,Is there a car in the image?,no,popular,car,کیا تصویر میں کوئی کار ہے؟,Kya tasveer mein gaari hai?
303685,COCO_val2014_000000303685.jpg,Is there a book in the image?,no,popular,book,کیا تصویر میں کوئی کتاب ہے؟,Kya tasveer mein kitaab hai?
303685,COCO_val2014_000000303685.jpg,Is there a truck in the image?,yes,adversarial,truck,کیا تصویر میں کوئی ٹرک ہے؟,Kya tasveer mein truck hai?
303685,COCO_val2014_000000303685.jpg,Is there a backpack in the image?,yes,adversarial,backpack,کیا تصویر میں کوئی بیگ ہے؟,Kya tasveer mein bag hai?
303685,COCO_val2014_000000303685.jpg,Is there a chair in the image?,yes,adversarial,chair,کیا تصویر میں کرسی ہے؟,Kya tasveer mein kursi hai?
303685,COCO_val2014_000000303685.jpg,Is there a person in the image?,no,adversarial,person,کیا تصویر میں کوئی شخص ہے؟,Kya tasveer mein insaan hai?
303685,COCO_val2014_000000303685.jpg,Is there a car in the image?,no,adversarial,car,کیا تصویر میں کوئی کار ہے؟,Kya tasveer mein gaari hai?
303685,COCO_val2014_000000303685.jpg,Is there a book in the image?,no,adversarial,book,کیا تصویر میں کوئی کتاب ہے؟,Kya tasveer mein kitaab hai?
516414,COCO_val2014_000000516414.jpg,Is there a boat in the image?,yes,random,boat,کیا تصویر میں کوئی کشتی ہے؟,Kya tasveer mein kashti hai?
516414,COCO_val2014_000000516414.jpg,Is there a car in the image?,yes,random,car,کیا تصویر میں کوئی کار ہے؟,Kya tasveer mein gaari hai?
516414,COCO_val2014_000000516414.jpg,Is there a person in the image?,yes,random,person,کیا تصویر میں کوئی شخص ہے؟,Kya tasveer mein insaan hai?
516414,COCO_val2014_000000516414.jpg,Is there a toilet in the image?,no,random,toilet,کیا تصویر میں بیت الخلا ہے؟,Kya tasveer mein toilet hai?
516414,COCO_val2014_000000516414.jpg,Is there a bottle in the image?,no,random,bottle,کیا تصویر میں کوئی بوتل ہے؟,Kya tasveer mein botal hai?
516414,COCO_val2014_000000516414.jpg,Is there a couch in the image?,no,random,couch,کیا تصویر میں صوفہ ہے؟,Kya tasveer mein sofa hai?
516414,COCO_val2014_000000516414.jpg,Is there a person in the image?,yes,popular,person,کیا تصویر میں کوئی شخص ہے؟,Kya tasveer mein insaan hai?
516414,COCO_val2014_000000516414.jpg,Is there a car in the image?,yes,popular,car,کیا تصویر میں کوئی کار ہے؟,Kya tasveer mein gaari hai?
516414,COCO_val2014_000000516414.jpg,Is there a boat in the image?,yes,popular,boat,کیا تصویر میں کوئی کشتی ہے؟,Kya tasveer mein kashti hai?
516414,COCO_val2014_000000516414.jpg,Is there a chair in the image?,no,popular,chair,کیا تصویر میں کرسی ہے؟,Kya tasveer mein kursi hai?
516414,COCO_val2014_000000516414.jpg,Is there a book in the image?,no,popular,book,کیا تصویر میں کوئی کتاب ہے؟,Kya tasveer mein kitaab hai?
516414,COCO_val2014_000000516414.jpg,Is there a bottle in the image?,no,popular,bottle,کیا تصویر میں کوئی بوتل ہے؟,Kya tasveer mein botal hai?
516414,COCO_val2014_000000516414.jpg,Is there a boat in the image?,yes,adversarial,boat,کیا تصویر میں کوئی کشتی ہے؟,Kya tasveer mein kashti hai?
516414,COCO_val2014_000000516414.jpg,Is there a car in the image?,yes,adversarial,car,کیا تصویر میں کوئی کار ہے؟,Kya tasveer mein gaari hai?
516414,COCO_val2014_000000516414.jpg,Is there a person in the image?,yes,adversarial,person,کیا تصویر میں کوئی شخص ہے؟,Kya tasveer mein insaan hai?
516414,COCO_val2014_000000516414.jpg,Is there a chair in the image?,no,adversarial,chair,کیا تصویر میں کرسی ہے؟,Kya tasveer mein kursi hai?
516414,COCO_val2014_000000516414.jpg,Is there a book in the image?,no,adversarial,book,کیا تصویر میں کوئی کتاب ہے؟,Kya tasveer mein kitaab hai?
516414,COCO_val2014_000000516414.jpg,Is there a bottle in the image?,no,adversarial,bottle,کیا تصویر میں کوئی بوتل ہے؟,Kya tasveer mein botal hai?
443887,COCO_val2014_000000443887.jpg,Is there a cat in the image?,yes,random,cat,کیا تصویر میں بلی ہے؟,Kya tasveer mein billi hai?
443887,COCO_val2014_000000443887.jpg,Is there a bowl in the image?,yes,random,bowl,کیا تصویر میں ایک پیالہ ہے؟,Kya tasveer mein bowl hai?
443887,COCO_val2014_000000443887.jpg,Is there a potted plant in the image?,yes,random,potted plant,کیا تصویر میں کوئی پودا ہے؟,Kya tasveer mein gamla hai?
443887,COCO_val2014_000000443887.jpg,Is there a truck in the image?,no,random,truck,کیا تصویر میں کوئی ٹرک ہے؟,Kya tasveer mein truck hai?
443887,COCO_val2014_000000443887.jpg,Is there a train in the image?,no,random,train,کیا تصویر میں ٹرین ہے؟,Kya tasveer mein train hai?
443887,COCO_val2014_000000443887.jpg,Is there a teddy bear in the image?,no,random,teddy bear,کیا تصویر میں کوئی ٹیڈی بیر ہے؟,Kya tasveer mein teddy bear hai?
443887,COCO_val2014_000000443887.jpg,Is there a potted plant in the image?,yes,popular,potted plant,کیا تصویر میں کوئی پودا ہے؟,Kya tasveer mein gamla hai?
443887,COCO_val2014_000000443887.jpg,Is there a cat in the image?,yes,popular,cat,کیا تصویر میں بلی ہے؟,Kya tasveer mein billi hai?
443887,COCO_val2014_000000443887.jpg,Is there a bowl in the image?,yes,popular,bowl,کیا تصویر میں ایک پیالہ ہے؟,Kya tasveer mein bowl hai?
443887,COCO_val2014_000000443887.jpg,Is there a person in the image?,no,popular,person,کیا تصویر میں کوئی شخص ہے؟,Kya tasveer mein insaan hai?
443887,COCO_val2014_000000443887.jpg,Is there a car in the image?,no,popular,car,کیا تصویر میں کوئی کار ہے؟,Kya tasveer mein gaari hai?
443887,COCO_val2014_000000443887.jpg,Is there a chair in the image?,no,popular,chair,کیا تصویر میں کرسی ہے؟,Kya tasveer mein kursi hai?
443887,COCO_val2014_000000443887.jpg,Is there a bowl in the image?,yes,adversarial,bowl,کیا تصویر میں ایک پیالہ ہے؟,Kya tasveer mein bowl hai?
443887,COCO_val2014_000000443887.jpg,Is there a cat in the image?,yes,adversarial,cat,کیا تصویر میں بلی ہے؟,Kya tasveer mein billi hai?
443887,COCO_val2014_000000443887.jpg,Is there a potted plant in the image?,yes,adversarial,potted plant,کیا تصویر میں کوئی پودا ہے؟,Kya tasveer mein gamla hai?
443887,COCO_val2014_000000443887.jpg,Is there a person in the image?,no,adversarial,person,کیا تصویر میں کوئی شخص ہے؟,Kya tasveer mein insaan hai?
443887,COCO_val2014_000000443887.jpg,Is there a car in the image?,no,adversarial,car,کیا تصویر میں کوئی کار ہے؟,Kya tasveer mein gaari hai?
443887,COCO_val2014_000000443887.jpg,Is there a chair in the image?,no,adversarial,chair,کیا تصویر میں کرسی ہے؟,Kya tasveer mein kursi hai?
534827,COCO_val2014_000000534827.jpg,Is there a person in the image?,yes,random,person,کیا تصویر میں کوئی شخص ہے؟,Kya tasveer mein insaan hai?
534827,COCO_val2014_000000534827.jpg,Is there a motorcycle in the image?,yes,random,motorcycle,کیا تصویر میں کوئی موٹر سائیکل ہے؟,Kya tasveer mein motorcycle hai?
534827,COCO_val2014_000000534827.jpg,Is there a handbag in the image?,yes,random,handbag,کیا تصویر میں ہینڈ بیگ ہے؟,Kya tasveer mein handbag hai?
534827,COCO_val2014_000000534827.jpg,Is there a donut in the image?,no,random,donut,کیا تصویر میں ڈونٹ ہے؟,Kya tasveer mein donut hai?
534827,COCO_val2014_000000534827.jpg,Is there a horse in the image?,no,random,horse,کیا تصویر میں گھوڑا ہے؟,Kya tasveer mein ghora hai?
534827,COCO_val2014_000000534827.jpg,Is there a vase in the image?,no,random,vase,کیا تصویر میں گلدان ہے؟,Kya tasveer mein phool daani hai?
534827,COCO_val2014_000000534827.jpg,Is there a person in the image?,yes,popular,person,کیا تصویر میں کوئی شخص ہے؟,Kya tasveer mein insaan hai?
534827,COCO_val2014_000000534827.jpg,Is there a motorcycle in the image?,yes,popular,motorcycle,کیا تصویر میں کوئی موٹر سائیکل ہے؟,Kya tasveer mein motorcycle hai?
534827,COCO_val2014_000000534827.jpg,Is there a handbag in the image?,yes,popular,handbag,کیا تصویر میں ہینڈ بیگ ہے؟,Kya tasveer mein handbag hai?
534827,COCO_val2014_000000534827.jpg,Is there a car in the image?,no,popular,car,کیا تصویر میں کوئی کار ہے؟,Kya tasveer mein gaari hai?
534827,COCO_val2014_000000534827.jpg,Is there a chair in the image?,no,popular,chair,کیا تصویر میں کرسی ہے؟,Kya tasveer mein kursi hai?
534827,COCO_val2014_000000534827.jpg,Is there a book in the image?,no,popular,book,کیا تصویر میں کوئی کتاب ہے؟,Kya tasveer mein kitaab hai?
534827,COCO_val2014_000000534827.jpg,Is there a handbag in the image?,yes,adversarial,handbag,کیا تصویر میں ہینڈ بیگ ہے؟,Kya tasveer mein handbag hai?
534827,COCO_val2014_000000534827.jpg,Is there a motorcycle in the image?,yes,adversarial,motorcycle,کیا تصویر میں کوئی موٹر سائیکل ہے؟,Kya tasveer mein motorcycle hai?
534827,COCO_val2014_000000534827.jpg,Is there a person in the image?,yes,adversarial,person,کیا تصویر میں کوئی شخص ہے؟,Kya tasveer mein insaan hai?
534827,COCO_val2014_000000534827.jpg,Is there a car in the image?,no,adversarial,car,کیا تصویر میں کوئی کار ہے؟,Kya tasveer mein gaari hai?
534827,COCO_val2014_000000534827.jpg,Is there a chair in the image?,no,adversarial,chair,کیا تصویر میں کرسی ہے؟,Kya tasveer mein kursi hai?
534827,COCO_val2014_000000534827.jpg,Is there a book in the image?,no,adversarial,book,کیا تصویر میں کوئی کتاب ہے؟,Kya tasveer mein kitaab hai?
240950,COCO_val2014_000000240950.jpg,Is there a bench in the image?,yes,random,bench,کیا تصویر میں کوئی بینچ ہے؟,Kya tasveer mein bench hai?
240950,COCO_val2014_000000240950.jpg,Is there a wine glass in the image?,yes,random,wine glass,کیا تصویر میں شراب کا گلاس ہے؟,Kya tasveer mein gilaas hai?
240950,COCO_val2014_000000240950.jpg,Is there a cup in the image?,yes,random,cup,کیا تصویر میں کپ ہے؟,Kya tasveer mein cup hai?
240950,COCO_val2014_000000240950.jpg,Is there a kite in the image?,no,random,kite,کیا تصویر میں پتنگ ہے؟,Kya tasveer mein patang hai?
240950,COCO_val2014_000000240950.jpg,Is there a skateboard in the image?,no,random,skateboard,کیا تصویر میں اسکیٹ بورڈ ہے؟,Kya tasveer mein skateboard hai?
240950,COCO_val2014_000000240950.jpg,Is there a tv in the image?,no,random,tv,کیا تصویر میں ٹی وی ہے؟,Kya tasveer mein tv hai?
240950,COCO_val2014_000000240950.jpg,Is there a person in the image?,yes,popular,person,کیا تصویر میں کوئی شخص ہے؟,Kya tasveer mein insaan hai?
240950,COCO_val2014_000000240950.jpg,Is there a wine glass in the image?,yes,popular,wine glass,کیا تصویر میں شراب کا گلاس ہے؟,Kya tasveer mein gilaas hai?
240950,COCO_val2014_000000240950.jpg,Is there a knife in the image?,yes,popular,knife,کیا تصویر میں چاقو ہے؟,Kya tasveer mein churi hai?
240950,COCO_val2014_000000240950.jpg,Is there a car in the image?,no,popular,car,کیا تصویر میں کوئی کار ہے؟,Kya tasveer mein gaari hai?
240950,COCO_val2014_000000240950.jpg,Is there a book in the image?,no,popular,book,کیا تصویر میں کوئی کتاب ہے؟,Kya tasveer mein kitaab hai?
240950,COCO_val2014_000000240950.jpg,Is there a traffic light in the image?,no,popular,traffic light,کیا تصویر میں ٹریفک لائٹ ہے؟,Kya tasveer mein traffic signal hai?
240950,COCO_val2014_000000240950.jpg,Is there a truck in the image?,yes,adversarial,truck,کیا تصویر میں کوئی ٹرک ہے؟,Kya tasveer mein truck hai?
240950,COCO_val2014_000000240950.jpg,Is there a cup in the image?,yes,adversarial,cup,کیا تصویر میں کپ ہے؟,Kya tasveer mein cup hai?
240950,COCO_val2014_000000240950.jpg,Is there a broccoli in the image?,yes,adversarial,broccoli,کیا تصویر میں بروکولی ہے؟,Kya tasveer mein broccoli hai?
240950,COCO_val2014_000000240950.jpg,Is there a car in the image?,no,adversarial,car,کیا تصویر میں کوئی کار ہے؟,Kya tasveer mein gaari hai?
240950,COCO_val2014_000000240950.jpg,Is there a book in the image?,no,adversarial,book,کیا تصویر میں کوئی کتاب ہے؟,Kya tasveer mein kitaab hai?
240950,COCO_val2014_000000240950.jpg,Is there a traffic light in the image?,no,adversarial,traffic light,کیا تصویر میں ٹریفک لائٹ ہے؟,Kya tasveer mein traffic signal hai?
332625,COCO_val2014_000000332625.jpg,Is there a person in the image?,yes,random,person,کیا تصویر میں کوئی شخص ہے؟,Kya tasveer mein insaan hai?
332625,COCO_val2014_000000332625.jpg,Is there a tv in the image?,yes,random,tv,کیا تصویر میں ٹی وی ہے؟,Kya tasveer mein tv hai?
332625,COCO_val2014_000000332625.jpg,Is there a chair in the image?,yes,random,chair,کیا تصویر میں کرسی ہے؟,Kya tasveer mein kursi hai?
332625,COCO_val2014_000000332625.jpg,Is there a fire hydrant in the image?,no,random,fire hydrant,کیا تصویر میں فائر ہائیڈرنٹ ہے؟,Kya tasveer mein fire hydrant hai?
332625,COCO_val2014_000000332625.jpg,Is there a sink in the image?,no,random,sink,کیا تصویر میں کوئی سنک ہے؟,Kya tasveer mein sink hai?
332625,COCO_val2014_000000332625.jpg,Is there a suitcase in the image?,no,random,suitcase,کیا تصویر میں کوئی سوٹ کیس ہے؟,Kya tasveer mein suitcase hai?
332625,COCO_val2014_000000332625.jpg,Is there a chair in the image?,yes,popular,chair,کیا تصویر میں کرسی ہے؟,Kya tasveer mein kursi hai?
332625,COCO_val2014_000000332625.jpg,Is there a tv in the image?,yes,popular,tv,کیا تصویر میں ٹی وی ہے؟,Kya tasveer mein tv hai?
332625,COCO_val2014_000000332625.jpg,Is there a person in the image?,yes,popular,person,کیا تصویر میں کوئی شخص ہے؟,Kya tasveer mein insaan hai?
332625,COCO_val2014_000000332625.jpg,Is there a car in the image?,no,popular,car,کیا تصویر میں کوئی کار ہے؟,Kya tasveer mein gaari hai?
332625,COCO_val2014_000000332625.jpg,Is there a book in the image?,no,popular,book,کیا تصویر میں کوئی کتاب ہے؟,Kya tasveer mein kitaab hai?
332625,COCO_val2014_000000332625.jpg,Is there a bottle in the image?,no,popular,bottle,کیا تصویر میں کوئی بوتل ہے؟,Kya tasveer mein botal hai?
332625,COCO_val2014_000000332625.jpg,Is there a tv in the image?,yes,adversarial,tv,کیا تصویر میں ٹی وی ہے؟,Kya tasveer mein tv hai?
332625,COCO_val2014_000000332625.jpg,Is there a person in the image?,yes,adversarial,person,کیا تصویر میں کوئی شخص ہے؟,Kya tasveer mein insaan hai?
332625,COCO_val2014_000000332625.jpg,Is there a chair in the image?,yes,adversarial,chair,کیا تصویر میں کرسی ہے؟,Kya tasveer mein kursi hai?
332625,COCO_val2014_000000332625.jpg,Is there a car in the image?,no,adversarial,car,کیا تصویر میں کوئی کار ہے؟,Kya tasveer mein gaari hai?
332625,COCO_val2014_000000332625.jpg,Is there a book in the image?,no,adversarial,book,کیا تصویر میں کوئی کتاب ہے؟,Kya tasveer mein kitaab hai?
332625,COCO_val2014_000000332625.jpg,Is there a bottle in the image?,no,adversarial,bottle,کیا تصویر میں کوئی بوتل ہے؟,Kya tasveer mein botal hai?
526418,COCO_val2014_000000526418.jpg,Is there a book in the image?,yes,random,book,کیا تصویر میں کوئی کتاب ہے؟,Kya tasveer mein kitaab hai?
526418,COCO_val2014_000000526418.jpg,Is there a chair in the image?,yes,random,chair,کیا تصویر میں کرسی ہے؟,Kya tasveer mein kursi hai?
526418,COCO_val2014_000000526418.jpg,Is there a teddy bear in the image?,yes,random,teddy bear,کیا تصویر میں کوئی ٹیڈی بیر ہے؟,Kya tasveer mein teddy bear hai?
526418,COCO_val2014_000000526418.jpg,Is there a couch in the image?,no,random,couch,کیا تصویر میں صوفہ ہے؟,Kya tasveer mein sofa hai?
526418,COCO_val2014_000000526418.jpg,Is there a toaster in the image?,no,random,toaster,کیا تصویر میں ٹوسٹر ہے؟,Kya tasveer mein toaster hai?
526418,COCO_val2014_000000526418.jpg,Is there a tennis racket in the image?,no,random,tennis racket,کیا تصویر میں ٹینس ریکیٹ ہے؟,Kya tasveer mein tennis ka racket hai?
526418,COCO_val2014_000000526418.jpg,Is there a chair in the image?,yes,popular,chair,کیا تصویر میں کرسی ہے؟,Kya tasveer mein kursi hai?
526418,COCO_val2014_000000526418.jpg,Is there a teddy bear in the image?,yes,popular,teddy bear,کیا تصویر میں کوئی ٹیڈی بیر ہے؟,Kya tasveer mein teddy bear hai?
526418,COCO_val2014_000000526418.jpg,Is there a book in the image?,yes,popular,book,کیا تصویر میں کوئی کتاب ہے؟,Kya tasveer mein kitaab hai?
526418,COCO_val2014_000000526418.jpg,Is there a person in the image?,no,popular,person,کیا تصویر میں کوئی شخص ہے؟,Kya tasveer mein insaan hai?
526418,COCO_val2014_000000526418.jpg,Is there a car in the image?,no,popular,car,کیا تصویر میں کوئی کار ہے؟,Kya tasveer mein gaari hai?
526418,COCO_val2014_000000526418.jpg,Is there a bottle in the image?,no,popular,bottle,کیا تصویر میں کوئی بوتل ہے؟,Kya tasveer mein botal hai?
526418,COCO_val2014_000000526418.jpg,Is there a chair in the image?,yes,adversarial,chair,کیا تصویر میں کرسی ہے؟,Kya tasveer mein kursi hai?
526418,COCO_val2014_000000526418.jpg,Is there a teddy bear in the image?,yes,adversarial,teddy bear,کیا تصویر میں کوئی ٹیڈی بیر ہے؟,Kya tasveer mein teddy bear hai?
526418,COCO_val2014_000000526418.jpg,Is there a book in the image?,yes,adversarial,book,کیا تصویر میں کوئی کتاب ہے؟,Kya tasveer mein kitaab hai?
526418,COCO_val2014_000000526418.jpg,Is there a person in the image?,no,adversarial,person,کیا تصویر میں کوئی شخص ہے؟,Kya tasveer mein insaan hai?
526418,COCO_val2014_000000526418.jpg,Is there a car in the image?,no,adversarial,car,کیا تصویر میں کوئی کار ہے؟,Kya tasveer mein gaari hai?
526418,COCO_val2014_000000526418.jpg,Is there a bottle in the image?,no,adversarial,bottle,کیا تصویر میں کوئی بوتل ہے؟,Kya tasveer mein botal hai?
279549,COCO_val2014_000000279549.jpg,Is there a tennis racket in the image?,yes,random,tennis racket,کیا تصویر میں ٹینس ریکیٹ ہے؟,Kya tasveer mein tennis ka racket hai?
279549,COCO_val2014_000000279549.jpg,Is there a person in the image?,yes,random,person,کیا تصویر میں کوئی شخص ہے؟,Kya tasveer mein insaan hai?
279549,COCO_val2014_000000279549.jpg,Is there a sports ball in the image?,yes,random,sports ball,کیا تصویر میں کھیلوں کی گیند ہے؟,Kya tasveer mein khel ka gend hai?
279549,COCO_val2014_000000279549.jpg,Is there a book in the image?,no,random,book,کیا تصویر میں کوئی کتاب ہے؟,Kya tasveer mein kitaab hai?
279549,COCO_val2014_000000279549.jpg,Is there a elephant in the image?,no,random,elephant,کیا تصویر میں ہاتھی ہے؟,Kya tasveer mein haathi hai?
279549,COCO_val2014_000000279549.jpg,Is there a skateboard in the image?,no,random,skateboard,کیا تصویر میں اسکیٹ بورڈ ہے؟,Kya tasveer mein skateboard hai?
279549,COCO_val2014_000000279549.jpg,Is there a tennis racket in the image?,yes,popular,tennis racket,کیا تصویر میں ٹینس ریکیٹ ہے؟,Kya tasveer mein tennis ka racket hai?
279549,COCO_val2014_000000279549.jpg,Is there a person in the image?,yes,popular,person,کیا تصویر میں کوئی شخص ہے؟,Kya tasveer mein insaan hai?
279549,COCO_val2014_000000279549.jpg,Is there a sports ball in the image?,yes,popular,sports ball,کیا تصویر میں کھیلوں کی گیند ہے؟,Kya tasveer mein khel ka gend hai?
279549,COCO_val2014_000000279549.jpg,Is there a car in the image?,no,popular,car,کیا تصویر میں کوئی کار ہے؟,Kya tasveer mein gaari hai?
279549,COCO_val2014_000000279549.jpg,Is there a chair in the image?,no,popular,chair,کیا تصویر میں کرسی ہے؟,Kya tasveer mein kursi hai?
279549,COCO_val2014_000000279549.jpg,Is there a book in the image?,no,popular,book,کیا تصویر میں کوئی کتاب ہے؟,Kya tasveer mein kitaab hai?
279549,COCO_val2014_000000279549.jpg,Is there a person in the image?,yes,adversarial,person,کیا تصویر میں کوئی شخص ہے؟,Kya tasveer mein insaan hai?
279549,COCO_val2014_000000279549.jpg,Is there a tennis racket in the image?,yes,adversarial,tennis racket,کیا تصویر میں ٹینس ریکیٹ ہے؟,Kya tasveer mein tennis ka racket hai?
279549,COCO_val2014_000000279549.jpg,Is there a sports ball in the image?,yes,adversarial,sports ball,کیا تصویر میں کھیلوں کی گیند ہے؟,Kya tasveer mein khel ka gend hai?
279549,COCO_val2014_000000279549.jpg,Is there a car in the image?,no,adversarial,car,کیا تصویر میں کوئی کار ہے؟,Kya tasveer mein gaari hai?
279549,COCO_val2014_000000279549.jpg,Is there a chair in the image?,no,adversarial,chair,کیا تصویر میں کرسی ہے؟,Kya tasveer mein kursi hai?
279549,COCO_val2014_000000279549.jpg,Is there a book in the image?,no,adversarial,book,کیا تصویر میں کوئی کتاب ہے؟,Kya tasveer mein kitaab hai?
252625,COCO_val2014_000000252625.jpg,Is there a potted plant in the image?,yes,random,potted plant,کیا تصویر میں کوئی پودا ہے؟,Kya tasveer mein gamla hai?
252625,COCO_val2014_000000252625.jpg,Is there a person in the image?,yes,random,person,کیا تصویر میں کوئی شخص ہے؟,Kya tasveer mein insaan hai?
252625,COCO_val2014_000000252625.jpg,Is there a traffic light in the image?,yes,random,traffic light,کیا تصویر میں ٹریفک لائٹ ہے؟,Kya tasveer mein traffic signal hai?
252625,COCO_val2014_000000252625.jpg,Is there a couch in the image?,no,random,couch,کیا تصویر میں صوفہ ہے؟,Kya tasveer mein sofa hai?
252625,COCO_val2014_000000252625.jpg,Is there a tennis racket in the image?,no,random,tennis racket,کیا تصویر میں ٹینس ریکیٹ ہے؟,Kya tasveer mein tennis ka racket hai?
252625,COCO_val2014_000000252625.jpg,Is there a truck in the image?,no,random,truck,کیا تصویر میں کوئی ٹرک ہے؟,Kya tasveer mein truck hai?
252625,COCO_val2014_000000252625.jpg,Is there a person in the image?,yes,popular,person,کیا تصویر میں کوئی شخص ہے؟,Kya tasveer mein insaan hai?
252625,COCO_val2014_000000252625.jpg,Is there a bicycle in the image?,yes,popular,bicycle,کیا تصویر میں کوئی سائیکل ہے؟,Kya tasveer mein cycle hai?
252625,COCO_val2014_000000252625.jpg,Is there a traffic light in the image?,yes,popular,traffic light,کیا تصویر میں ٹریفک لائٹ ہے؟,Kya tasveer mein traffic signal hai?
252625,COCO_val2014_000000252625.jpg,Is there a car in the image?,no,popular,car,کیا تصویر میں کوئی کار ہے؟,Kya tasveer mein gaari hai?
252625,COCO_val2014_000000252625.jpg,Is there a chair in the image?,no,popular,chair,کیا تصویر میں کرسی ہے؟,Kya tasveer mein kursi hai?
252625,COCO_val2014_000000252625.jpg,Is there a book in the image?,no,popular,book,کیا تصویر میں کوئی کتاب ہے؟,Kya tasveer mein kitaab hai?
252625,COCO_val2014_000000252625.jpg,Is there a potted plant in the image?,yes,adversarial,potted plant,کیا تصویر میں کوئی پودا ہے؟,Kya tasveer mein gamla hai?
252625,COCO_val2014_000000252625.jpg,Is there a person in the image?,yes,adversarial,person,کیا تصویر میں کوئی شخص ہے؟,Kya tasveer mein insaan hai?
252625,COCO_val2014_000000252625.jpg,Is there a bicycle in the image?,yes,adversarial,bicycle,کیا تصویر میں کوئی سائیکل ہے؟,Kya tasveer mein cycle hai?
252625,COCO_val2014_000000252625.jpg,Is there a car in the image?,no,adversarial,car,کیا تصویر میں کوئی کار ہے؟,Kya tasveer mein gaari hai?
252625,COCO_val2014_000000252625.jpg,Is there a chair in the image?,no,adversarial,chair,کیا تصویر میں کرسی ہے؟,Kya tasveer mein kursi hai?
252625,COCO_val2014_000000252625.jpg,Is there a book in the image?,no,adversarial,book,کیا تصویر میں کوئی کتاب ہے؟,Kya tasveer mein kitaab hai?
17244,COCO_val2014_000000017244.jpg,Is there a bus in the image?,yes,random,bus,کیا تصویر میں بس ہے؟,Kya tasveer mein bus hai?
17244,COCO_val2014_000000017244.jpg,Is there a bicycle in the image?,yes,random,bicycle,کیا تصویر میں کوئی سائیکل ہے؟,Kya tasveer mein cycle hai?
17244,COCO_val2014_000000017244.jpg,Is there a person in the image?,yes,random,person,کیا تصویر میں کوئی شخص ہے؟,Kya tasveer mein insaan hai?
17244,COCO_val2014_000000017244.jpg,Is there a horse in the image?,no,random,horse,کیا تصویر میں گھوڑا ہے؟,Kya tasveer mein ghora hai?
17244,COCO_val2014_000000017244.jpg,Is there a parking meter in the image?,no,random,parking meter,کیا تصویر میں پارکنگ میٹر ہے؟,Kya tasveer mein parking meter hai?
17244,COCO_val2014_000000017244.jpg,Is there a zebra in the image?,no,random,zebra,کیا تصویر میں زیبرا ہے؟,Kya tasveer mein zebra hai?
17244,COCO_val2014_000000017244.jpg,Is there a bus in the image?,yes,popular,bus,کیا تصویر میں بس ہے؟,Kya tasveer mein bus hai?
17244,COCO_val2014_000000017244.jpg,Is there a person in the image?,yes,popular,person,کیا تصویر میں کوئی شخص ہے؟,Kya tasveer mein insaan hai?
17244,COCO_val2014_000000017244.jpg,Is there a bicycle in the image?,yes,popular,bicycle,کیا تصویر میں کوئی سائیکل ہے؟,Kya tasveer mein cycle hai?
17244,COCO_val2014_000000017244.jpg,Is there a car in the image?,no,popular,car,کیا تصویر میں کوئی کار ہے؟,Kya tasveer mein gaari hai?
17244,COCO_val2014_000000017244.jpg,Is there a chair in the image?,no,popular,chair,کیا تصویر میں کرسی ہے؟,Kya tasveer mein kursi hai?
17244,COCO_val2014_000000017244.jpg,Is there a book in the image?,no,popular,book,کیا تصویر میں کوئی کتاب ہے؟,Kya tasveer mein kitaab hai?
17244,COCO_val2014_000000017244.jpg,Is there a bus in the image?,yes,adversarial,bus,کیا تصویر میں بس ہے؟,Kya tasveer mein bus hai?
17244,COCO_val2014_000000017244.jpg,Is there a person in the image?,yes,adversarial,person,کیا تصویر میں کوئی شخص ہے؟,Kya tasveer mein insaan hai?
17244,COCO_val2014_000000017244.jpg,Is there a bicycle in the image?,yes,adversarial,bicycle,کیا تصویر میں کوئی سائیکل ہے؟,Kya tasveer mein cycle hai?
17244,COCO_val2014_000000017244.jpg,Is there a car in the image?,no,adversarial,car,کیا تصویر میں کوئی کار ہے؟,Kya tasveer mein gaari hai?
17244,COCO_val2014_000000017244.jpg,Is there a chair in the image?,no,adversarial,chair,کیا تصویر میں کرسی ہے؟,Kya tasveer mein kursi hai?
17244,COCO_val2014_000000017244.jpg,Is there a book in the image?,no,adversarial,book,کیا تصویر میں کوئی کتاب ہے؟,Kya tasveer mein kitaab hai?
283498,COCO_val2014_000000283498.jpg,Is there a car in the image?,yes,random,car,کیا تصویر میں کوئی کار ہے؟,Kya tasveer mein gaari hai?
283498,COCO_val2014_000000283498.jpg,Is there a person in the image?,yes,random,person,کیا تصویر میں کوئی شخص ہے؟,Kya tasveer mein insaan hai?
283498,COCO_val2014_000000283498.jpg,Is there a airplane in the image?,yes,random,airplane,کیا تصویر میں ہوائی جہاز ہے؟,Kya tasveer mein hawai jahaaz hai?
283498,COCO_val2014_000000283498.jpg,Is there a broccoli in the image?,no,random,broccoli,کیا تصویر میں بروکولی ہے؟,Kya tasveer mein broccoli hai?
283498,COCO_val2014_000000283498.jpg,Is there a traffic light in the image?,no,random,traffic light,کیا تصویر میں ٹریفک لائٹ ہے؟,Kya tasveer mein traffic signal hai?
283498,COCO_val2014_000000283498.jpg,Is there a orange in the image?,no,random,orange,کیا تصویر میں نارنجی ہے؟,Kya tasveer mein santara hai?
283498,COCO_val2014_000000283498.jpg,Is there a car in the image?,yes,popular,car,کیا تصویر میں کوئی کار ہے؟,Kya tasveer mein gaari hai?
283498,COCO_val2014_000000283498.jpg,Is there a truck in the image?,yes,popular,truck,کیا تصویر میں کوئی ٹرک ہے؟,Kya tasveer mein truck hai?
283498,COCO_val2014_000000283498.jpg,Is there a person in the image?,yes,popular,person,کیا تصویر میں کوئی شخص ہے؟,Kya tasveer mein insaan hai?
283498,COCO_val2014_000000283498.jpg,Is there a chair in the image?,no,popular,chair,کیا تصویر میں کرسی ہے؟,Kya tasveer mein kursi hai?
283498,COCO_val2014_000000283498.jpg,Is there a book in the image?,no,popular,book,کیا تصویر میں کوئی کتاب ہے؟,Kya tasveer mein kitaab hai?
283498,COCO_val2014_000000283498.jpg,Is there a bottle in the image?,no,popular,bottle,کیا تصویر میں کوئی بوتل ہے؟,Kya tasveer mein botal hai?
283498,COCO_val2014_000000283498.jpg,Is there a person in the image?,yes,adversarial,person,کیا تصویر میں کوئی شخص ہے؟,Kya tasveer mein insaan hai?
283498,COCO_val2014_000000283498.jpg,Is there a car in the image?,yes,adversarial,car,کیا تصویر میں کوئی کار ہے؟,Kya tasveer mein gaari hai?
283498,COCO_val2014_000000283498.jpg,Is there a truck in the image?,yes,adversarial,truck,کیا تصویر میں کوئی ٹرک ہے؟,Kya tasveer mein truck hai?
283498,COCO_val2014_000000283498.jpg,Is there a chair in the image?,no,adversarial,chair,کیا تصویر میں کرسی ہے؟,Kya tasveer mein kursi hai?
283498,COCO_val2014_000000283498.jpg,Is there a book in the image?,no,adversarial,book,کیا تصویر میں کوئی کتاب ہے؟,Kya tasveer mein kitaab hai?
283498,COCO_val2014_000000283498.jpg,Is there a bottle in the image?,no,adversarial,bottle,کیا تصویر میں کوئی بوتل ہے؟,Kya tasveer mein botal hai?
166979,COCO_val2014_000000166979.jpg,Is there a airplane in the image?,yes,random,airplane,کیا تصویر میں ہوائی جہاز ہے؟,Kya tasveer mein hawai jahaaz hai?
166979,COCO_val2014_000000166979.jpg,Is there a boat in the image?,yes,random,boat,کیا تصویر میں کوئی کشتی ہے؟,Kya tasveer mein kashti hai?
166979,COCO_val2014_000000166979.jpg,Is there a person in the image?,yes,random,person,کیا تصویر میں کوئی شخص ہے؟,Kya tasveer mein insaan hai?
166979,COCO_val2014_000000166979.jpg,Is there a giraffe in the image?,no,random,giraffe,کیا تصویر میں زرافہ ہے؟,Kya tasveer mein zaraafa hai?
166979,COCO_val2014_000000166979.jpg,Is there a umbrella in the image?,no,random,umbrella,کیا تصویر میں چھتری ہے؟,Kya tasveer mein chhatri hai?
166979,COCO_val2014_000000166979.jpg,Is there a cake in the image?,no,random,cake,کیا تصویر میں کیک ہے؟,Kya tasveer mein cake hai?
166979,COCO_val2014_000000166979.jpg,Is there a boat in the image?,yes,popular,boat,کیا تصویر میں کوئی کشتی ہے؟,Kya tasveer mein kashti hai?
166979,COCO_val2014_000000166979.jpg,Is there a airplane in the image?,yes,popular,airplane,کیا تصویر میں ہوائی جہاز ہے؟,Kya tasveer mein hawai jahaaz hai?
166979,COCO_val2014_000000166979.jpg,Is there a person in the image?,yes,popular,person,کیا تصویر میں کوئی شخص ہے؟,Kya tasveer mein insaan hai?
166979,COCO_val2014_000000166979.jpg,Is there a car in the image?,no,popular,car,کیا تصویر میں کوئی کار ہے؟,Kya tasveer mein gaari hai?
166979,COCO_val2014_000000166979.jpg,Is there a chair in the image?,no,popular,chair,کیا تصویر میں کرسی ہے؟,Kya tasveer mein kursi hai?
166979,COCO_val2014_000000166979.jpg,Is there a book in the image?,no,popular,book,کیا تصویر میں کوئی کتاب ہے؟,Kya tasveer mein kitaab hai?
166979,COCO_val2014_000000166979.jpg,Is there a person in the image?,yes,adversarial,person,کیا تصویر میں کوئی شخص ہے؟,Kya tasveer mein insaan hai?
166979,COCO_val2014_000000166979.jpg,Is there a boat in the image?,yes,adversarial,boat,کیا تصویر میں کوئی کشتی ہے؟,Kya tasveer mein kashti hai?
166979,COCO_val2014_000000166979.jpg,Is there a airplane in the image?,yes,adversarial,airplane,کیا تصویر میں ہوائی جہاز ہے؟,Kya tasveer mein hawai jahaaz hai?
166979,COCO_val2014_000000166979.jpg,Is there a car in the image?,no,adversarial,car,کیا تصویر میں کوئی کار ہے؟,Kya tasveer mein gaari hai?
166979,COCO_val2014_000000166979.jpg,Is there a chair in the image?,no,adversarial,chair,کیا تصویر میں کرسی ہے؟,Kya tasveer mein kursi hai?
166979,COCO_val2014_000000166979.jpg,Is there a book in the image?,no,adversarial,book,کیا تصویر میں کوئی کتاب ہے؟,Kya tasveer mein kitaab hai?
502141,COCO_val2014_000000502141.jpg,Is there a dining table in the image?,yes,random,dining table,کیا تصویر میں کھانے کی میز ہے؟,Kya tasveer mein khane ki mez hai?
502141,COCO_val2014_000000502141.jpg,Is there a umbrella in the image?,yes,random,umbrella,کیا تصویر میں چھتری ہے؟,Kya tasveer mein chhatri hai?
502141,COCO_val2014_000000502141.jpg,Is there a chair in the image?,yes,random,chair,کیا تصویر میں کرسی ہے؟,Kya tasveer mein kursi hai?
502141,COCO_val2014_000000502141.jpg,Is there a airplane in the image?,no,random,airplane,کیا تصویر میں ہوائی جہاز ہے؟,Kya tasveer mein hawai jahaaz hai?
502141,COCO_val2014_000000502141.jpg,Is there a laptop in the image?,no,random,laptop,کیا تصویر میں لیپ ٹاپ ہے؟,Kya tasveer mein laptop hai?
502141,COCO_val2014_000000502141.jpg,Is there a frisbee in the image?,no,random,frisbee,کیا تصویر میں فریسبی ہے؟,Kya tasveer mein frisbee hai?
502141,COCO_val2014_000000502141.jpg,Is there a dining table in the image?,yes,popular,dining table,کیا تصویر میں کھانے کی میز ہے؟,Kya tasveer mein khane ki mez hai?
502141,COCO_val2014_000000502141.jpg,Is there a chair in the image?,yes,popular,chair,کیا تصویر میں کرسی ہے؟,Kya tasveer mein kursi hai?
502141,COCO_val2014_000000502141.jpg,Is there a umbrella in the image?,yes,popular,umbrella,کیا تصویر میں چھتری ہے؟,Kya tasveer mein chhatri hai?
502141,COCO_val2014_000000502141.jpg,Is there a person in the image?,no,popular,person,کیا تصویر میں کوئی شخص ہے؟,Kya tasveer mein insaan hai?
502141,COCO_val2014_000000502141.jpg,Is there a car in the image?,no,popular,car,کیا تصویر میں کوئی کار ہے؟,Kya tasveer mein gaari hai?
502141,COCO_val2014_000000502141.jpg,Is there a book in the image?,no,popular,book,کیا تصویر میں کوئی کتاب ہے؟,Kya tasveer mein kitaab hai?
502141,COCO_val2014_000000502141.jpg,Is there a chair in the image?,yes,adversarial,chair,کیا تصویر میں کرسی ہے؟,Kya tasveer mein kursi hai?
502141,COCO_val2014_000000502141.jpg,Is there a dining table in the image?,yes,adversarial,dining table,کیا تصویر میں کھانے کی میز ہے؟,Kya tasveer mein khane ki mez hai?
502141,COCO_val2014_000000502141.jpg,Is there a umbrella in the image?,yes,adversarial,umbrella,کیا تصویر میں چھتری ہے؟,Kya tasveer mein chhatri hai?
502141,COCO_val2014_000000502141.jpg,Is there a person in the image?,no,adversarial,person,کیا تصویر میں کوئی شخص ہے؟,Kya tasveer mein insaan hai?
502141,COCO_val2014_000000502141.jpg,Is there a car in the image?,no,adversarial,car,کیا تصویر میں کوئی کار ہے؟,Kya tasveer mein gaari hai?
502141,COCO_val2014_000000502141.jpg,Is there a book in the image?,no,adversarial,book,کیا تصویر میں کوئی کتاب ہے؟,Kya tasveer mein kitaab hai?
20481,COCO_val2014_000000020481.jpg,Is there a cup in the image?,yes,random,cup,کیا تصویر میں کپ ہے؟,Kya tasveer mein cup hai?
20481,COCO_val2014_000000020481.jpg,Is there a laptop in the image?,yes,random,laptop,کیا تصویر میں لیپ ٹاپ ہے؟,Kya tasveer mein laptop hai?
20481,COCO_val2014_000000020481.jpg,Is there a mouse in the image?,yes,random,mouse,کیا تصویر میں کوئی چوہا ہے؟,Kya tasveer mein mouse hai?
20481,COCO_val2014_000000020481.jpg,Is there a hot dog in the image?,no,random,hot dog,کیا تصویر میں کوئی ہاٹ ڈاگ ہے؟,Kya tasveer mein hot dog hai?
20481,COCO_val2014_000000020481.jpg,Is there a knife in the image?,no,random,knife,کیا تصویر میں چاقو ہے؟,Kya tasveer mein churi hai?
20481,COCO_val2014_000000020481.jpg,Is there a baseball glove in the image?,no,random,baseball glove,کیا تصویر میں بیس بال کا دستانہ ہے؟,Kya tasveer mein baseball ka dastaana hai?
20481,COCO_val2014_000000020481.jpg,Is there a cup in the image?,yes,popular,cup,کیا تصویر میں کپ ہے؟,Kya tasveer mein cup hai?
20481,COCO_val2014_000000020481.jpg,Is there a chair in the image?,yes,popular,chair,کیا تصویر میں کرسی ہے؟,Kya tasveer mein kursi hai?
20481,COCO_val2014_000000020481.jpg,Is there a laptop in the image?,yes,popular,laptop,کیا تصویر میں لیپ ٹاپ ہے؟,Kya tasveer mein laptop hai?
20481,COCO_val2014_000000020481.jpg,Is there a person in the image?,no,popular,person,کیا تصویر میں کوئی شخص ہے؟,Kya tasveer mein insaan hai?
20481,COCO_val2014_000000020481.jpg,Is there a car in the image?,no,popular,car,کیا تصویر میں کوئی کار ہے؟,Kya tasveer mein gaari hai?
20481,COCO_val2014_000000020481.jpg,Is there a book in the image?,no,popular,book,کیا تصویر میں کوئی کتاب ہے؟,Kya tasveer mein kitaab hai?
20481,COCO_val2014_000000020481.jpg,Is there a mouse in the image?,yes,adversarial,mouse,کیا تصویر میں کوئی چوہا ہے؟,Kya tasveer mein mouse hai?
20481,COCO_val2014_000000020481.jpg,Is there a laptop in the image?,yes,adversarial,laptop,کیا تصویر میں لیپ ٹاپ ہے؟,Kya tasveer mein laptop hai?
20481,COCO_val2014_000000020481.jpg,Is there a chair in the image?,yes,adversarial,chair,کیا تصویر میں کرسی ہے؟,Kya tasveer mein kursi hai?
20481,COCO_val2014_000000020481.jpg,Is there a person in the image?,no,adversarial,person,کیا تصویر میں کوئی شخص ہے؟,Kya tasveer mein insaan hai?
20481,COCO_val2014_000000020481.jpg,Is there a car in the image?,no,adversarial,car,کیا تصویر میں کوئی کار ہے؟,Kya tasveer mein gaari hai?
20481,COCO_val2014_000000020481.jpg,Is there a book in the image?,no,adversarial,book,کیا تصویر میں کوئی کتاب ہے؟,Kya tasveer mein kitaab hai?
210855,COCO_val2014_000000210855.jpg,Is there a sink in the image?,yes,random,sink,کیا تصویر میں کوئی سنک ہے؟,Kya tasveer mein sink hai?
210855,COCO_val2014_000000210855.jpg,Is there a bottle in the image?,yes,random,bottle,کیا تصویر میں کوئی بوتل ہے؟,Kya tasveer mein botal hai?
210855,COCO_val2014_000000210855.jpg,Is there a toilet in the image?,yes,random,toilet,کیا تصویر میں بیت الخلا ہے؟,Kya tasveer mein toilet hai?
210855,COCO_val2014_000000210855.jpg,Is there a zebra in the image?,no,random,zebra,کیا تصویر میں زیبرا ہے؟,Kya tasveer mein zebra hai?
210855,COCO_val2014_000000210855.jpg,Is there a hair drier in the image?,no,random,hair drier,کیا تصویر میں ہیئر ڈرائر ہے؟,Kya tasveer mein hair drier hai?
210855,COCO_val2014_000000210855.jpg,Is there a kite in the image?,no,random,kite,کیا تصویر میں پتنگ ہے؟,Kya tasveer mein patang hai?
210855,COCO_val2014_000000210855.jpg,Is there a sink in the image?,yes,popular,sink,کیا تصویر میں کوئی سنک ہے؟,Kya tasveer mein sink hai?
210855,COCO_val2014_000000210855.jpg,Is there a bottle in the image?,yes,popular,bottle,کیا تصویر میں کوئی بوتل ہے؟,Kya tasveer mein botal hai?
210855,COCO_val2014_000000210855.jpg,Is there a toilet in the image?,yes,popular,toilet,کیا تصویر میں بیت الخلا ہے؟,Kya tasveer mein toilet hai?
210855,COCO_val2014_000000210855.jpg,Is there a person in the image?,no,popular,person,کیا تصویر میں کوئی شخص ہے؟,Kya tasveer mein insaan hai?
210855,COCO_val2014_000000210855.jpg,Is there a car in the image?,no,popular,car,کیا تصویر میں کوئی کار ہے؟,Kya tasveer mein gaari hai?
210855,COCO_val2014_000000210855.jpg,Is there a chair in the image?,no,popular,chair,کیا تصویر میں کرسی ہے؟,Kya tasveer mein kursi hai?
210855,COCO_val2014_000000210855.jpg,Is there a vase in the image?,yes,adversarial,vase,کیا تصویر میں گلدان ہے؟,Kya tasveer mein phool daani hai?
210855,COCO_val2014_000000210855.jpg,Is there a bottle in the image?,yes,adversarial,bottle,کیا تصویر میں کوئی بوتل ہے؟,Kya tasveer mein botal hai?
210855,COCO_val2014_000000210855.jpg,Is there a toilet in the image?,yes,adversarial,toilet,کیا تصویر میں بیت الخلا ہے؟,Kya tasveer mein toilet hai?
210855,COCO_val2014_000000210855.jpg,Is there a person in the image?,no,adversarial,person,کیا تصویر میں کوئی شخص ہے؟,Kya tasveer mein insaan hai?
210855,COCO_val2014_000000210855.jpg,Is there a car in the image?,no,adversarial,car,کیا تصویر میں کوئی کار ہے؟,Kya tasveer mein gaari hai?
210855,COCO_val2014_000000210855.jpg,Is there a chair in the image?,no,adversarial,chair,کیا تصویر میں کرسی ہے؟,Kya tasveer mein kursi hai?
194716,COCO_val2014_000000194716.jpg,Is there a car in the image?,yes,random,car,کیا تصویر میں کوئی کار ہے؟,Kya tasveer mein gaari hai?
194716,COCO_val2014_000000194716.jpg,Is there a person in the image?,yes,random,person,کیا تصویر میں کوئی شخص ہے؟,Kya tasveer mein insaan hai?
194716,COCO_val2014_000000194716.jpg,Is there a cell phone in the image?,yes,random,cell phone,کیا تصویر میں سیل فون ہے؟,Kya tasveer mein mobile hai?
194716,COCO_val2014_000000194716.jpg,Is there a scissors in the image?,no,random,scissors,کیا تصویر میں قینچی ہے؟,Kya tasveer mein qainchi hai?
194716,COCO_val2014_000000194716.jpg,Is there a handbag in the image?,no,random,handbag,کیا تصویر میں ہینڈ بیگ ہے؟,Kya tasveer mein handbag hai?
194716,COCO_val2014_000000194716.jpg,Is there a baseball bat in the image?,no,random,baseball bat,کیا تصویر میں بیس بال کا بیٹ ہے؟,Kya tasveer mein baseball ka balla hai?
194716,COCO_val2014_000000194716.jpg,Is there a person in the image?,yes,popular,person,کیا تصویر میں کوئی شخص ہے؟,Kya tasveer mein insaan hai?
194716,COCO_val2014_000000194716.jpg,Is there a car in the image?,yes,popular,car,کیا تصویر میں کوئی کار ہے؟,Kya tasveer mein gaari hai?
194716,COCO_val2014_000000194716.jpg,Is there a cell phone in the image?,yes,popular,cell phone,کیا تصویر میں سیل فون ہے؟,Kya tasveer mein mobile hai?
194716,COCO_val2014_000000194716.jpg,Is there a chair in the image?,no,popular,chair,کیا تصویر میں کرسی ہے؟,Kya tasveer mein kursi hai?
194716,COCO_val2014_000000194716.jpg,Is there a book in the image?,no,popular,book,کیا تصویر میں کوئی کتاب ہے؟,Kya tasveer mein kitaab hai?
194716,COCO_val2014_000000194716.jpg,Is there a bottle in the image?,no,popular,bottle,کیا تصویر میں کوئی بوتل ہے؟,Kya tasveer mein botal hai?
194716,COCO_val2014_000000194716.jpg,Is there a cell phone in the image?,yes,adversarial,cell phone,کیا تصویر میں سیل فون ہے؟,Kya tasveer mein mobile hai?
194716,COCO_val2014_000000194716.jpg,Is there a person in the image?,yes,adversarial,person,کیا تصویر میں کوئی شخص ہے؟,Kya tasveer mein insaan hai?
194716,COCO_val2014_000000194716.jpg,Is there a car in the image?,yes,adversarial,car,کیا تصویر میں کوئی کار ہے؟,Kya tasveer mein gaari hai?
194716,COCO_val2014_000000194716.jpg,Is there a chair in the image?,no,adversarial,chair,کیا تصویر میں کرسی ہے؟,Kya tasveer mein kursi hai?
194716,COCO_val2014_000000194716.jpg,Is there a book in the image?,no,adversarial,book,کیا تصویر میں کوئی کتاب ہے؟,Kya tasveer mein kitaab hai?
194716,COCO_val2014_000000194716.jpg,Is there a bottle in the image?,no,adversarial,bottle,کیا تصویر میں کوئی بوتل ہے؟,Kya tasveer mein botal hai?
42225,COCO_val2014_000000042225.jpg,Is there a frisbee in the image?,yes,random,frisbee,کیا تصویر میں فریسبی ہے؟,Kya tasveer mein frisbee hai?
42225,COCO_val2014_000000042225.jpg,Is there a person in the image?,yes,random,person,کیا تصویر میں کوئی شخص ہے؟,Kya tasveer mein insaan hai?
42225,COCO_val2014_000000042225.jpg,Is there a car in the image?,yes,random,car,کیا تصویر میں کوئی کار ہے؟,Kya tasveer mein gaari hai?
42225,COCO_val2014_000000042225.jpg,Is there a spoon in the image?,no,random,spoon,کیا تصویر میں چمچ ہے؟,Kya tasveer mein chamach hai?
42225,COCO_val2014_000000042225.jpg,Is there a sheep in the image?,no,random,sheep,کیا تصویر میں بھیڑ ہے؟,Kya tasveer mein bhed hai?
42225,COCO_val2014_000000042225.jpg,Is there a fork in the image?,no,random,fork,کیا تصویر میں کانٹا ہے؟,Kya tasveer mein kaanta hai?
42225,COCO_val2014_000000042225.jpg,Is there a dog in the image?,yes,popular,dog,کیا تصویر میں کتا ہے؟,Kya tasveer mein kutta hai?
42225,COCO_val2014_000000042225.jpg,Is there a frisbee in the image?,yes,popular,frisbee,کیا تصویر میں فریسبی ہے؟,Kya tasveer mein frisbee hai?
42225,COCO_val2014_000000042225.jpg,Is there a car in the image?,yes,popular,car,کیا تصویر میں کوئی کار ہے؟,Kya tasveer mein gaari hai?
42225,COCO_val2014_000000042225.jpg,Is there a chair in the image?,no,popular,chair,کیا تصویر میں کرسی ہے؟,Kya tasveer mein kursi hai?
42225,COCO_val2014_000000042225.jpg,Is there a book in the image?,no,popular,book,کیا تصویر میں کوئی کتاب ہے؟,Kya tasveer mein kitaab hai?
42225,COCO_val2014_000000042225.jpg,Is there a bottle in the image?,no,popular,bottle,کیا تصویر میں کوئی بوتل ہے؟,Kya tasveer mein botal hai?
42225,COCO_val2014_000000042225.jpg,Is there a dog in the image?,yes,adversarial,dog,کیا تصویر میں کتا ہے؟,Kya tasveer mein kutta hai?
42225,COCO_val2014_000000042225.jpg,Is there a car in the image?,yes,adversarial,car,کیا تصویر میں کوئی کار ہے؟,Kya tasveer mein gaari hai?
42225,COCO_val2014_000000042225.jpg,Is there a frisbee in the image?,yes,adversarial,frisbee,کیا تصویر میں فریسبی ہے؟,Kya tasveer mein frisbee hai?
42225,COCO_val2014_000000042225.jpg,Is there a chair in the image?,no,adversarial,chair,کیا تصویر میں کرسی ہے؟,Kya tasveer mein kursi hai?
42225,COCO_val2014_000000042225.jpg,Is there a book in the image?,no,adversarial,book,کیا تصویر میں کوئی کتاب ہے؟,Kya tasveer mein kitaab hai?
42225,COCO_val2014_000000042225.jpg,Is there a bottle in the image?,no,adversarial,bottle,کیا تصویر میں کوئی بوتل ہے؟,Kya tasveer mein botal hai?
197369,COCO_val2014_000000197369.jpg,Is there a refrigerator in the image?,yes,random,refrigerator,کیا تصویر میں ریفریجریٹر ہے؟,Kya tasveer mein fridge hai?
197369,COCO_val2014_000000197369.jpg,Is there a person in the image?,yes,random,person,کیا تصویر میں کوئی شخص ہے؟,Kya tasveer mein insaan hai?
197369,COCO_val2014_000000197369.jpg,Is there a bowl in the image?,yes,random,bowl,کیا تصویر میں ایک پیالہ ہے؟,Kya tasveer mein bowl hai?
197369,COCO_val2014_000000197369.jpg,Is there a carrot in the image?,no,random,carrot,کیا تصویر میں گاجر ہے؟,Kya tasveer mein gajar hai?
197369,COCO_val2014_000000197369.jpg,Is there a giraffe in the image?,no,random,giraffe,کیا تصویر میں زرافہ ہے؟,Kya tasveer mein zaraafa hai?
197369,COCO_val2014_000000197369.jpg,Is there a scissors in the image?,no,random,scissors,کیا تصویر میں قینچی ہے؟,Kya tasveer mein qainchi hai?
197369,COCO_val2014_000000197369.jpg,Is there a bottle in the image?,yes,popular,bottle,کیا تصویر میں کوئی بوتل ہے؟,Kya tasveer mein botal hai?
197369,COCO_val2014_000000197369.jpg,Is there a refrigerator in the image?,yes,popular,refrigerator,کیا تصویر میں ریفریجریٹر ہے؟,Kya tasveer mein fridge hai?
197369,COCO_val2014_000000197369.jpg,Is there a person in the image?,yes,popular,person,کیا تصویر میں کوئی شخص ہے؟,Kya tasveer mein insaan hai?
197369,COCO_val2014_000000197369.jpg,Is there a car in the image?,no,popular,car,کیا تصویر میں کوئی کار ہے؟,Kya tasveer mein gaari hai?
197369,COCO_val2014_000000197369.jpg,Is there a chair in the image?,no,popular,chair,کیا تصویر میں کرسی ہے؟,Kya tasveer mein kursi hai?
197369,COCO_val2014_000000197369.jpg,Is there a book in the image?,no,popular,book,کیا تصویر میں کوئی کتاب ہے؟,Kya tasveer mein kitaab hai?
197369,COCO_val2014_000000197369.jpg,Is there a bottle in the image?,yes,adversarial,bottle,کیا تصویر میں کوئی بوتل ہے؟,Kya tasveer mein botal hai?
197369,COCO_val2014_000000197369.jpg,Is there a refrigerator in the image?,yes,adversarial,refrigerator,کیا تصویر میں ریفریجریٹر ہے؟,Kya tasveer mein fridge hai?
197369,COCO_val2014_000000197369.jpg,Is there a person in the image?,yes,adversarial,person,کیا تصویر میں کوئی شخص ہے؟,Kya tasveer mein insaan hai?
197369,COCO_val2014_000000197369.jpg,Is there a car in the image?,no,adversarial,car,کیا تصویر میں کوئی کار ہے؟,Kya tasveer mein gaari hai?
197369,COCO_val2014_000000197369.jpg,Is there a chair in the image?,no,adversarial,chair,کیا تصویر میں کرسی ہے؟,Kya tasveer mein kursi hai?
197369,COCO_val2014_000000197369.jpg,Is there a book in the image?,no,adversarial,book,کیا تصویر میں کوئی کتاب ہے؟,Kya tasveer mein kitaab hai?
398798,COCO_val2014_000000398798.jpg,Is there a tennis racket in the image?,yes,random,tennis racket,کیا تصویر میں ٹینس ریکیٹ ہے؟,Kya tasveer mein tennis ka racket hai?
398798,COCO_val2014_000000398798.jpg,Is there a sports ball in the image?,yes,random,sports ball,کیا تصویر میں کھیلوں کی گیند ہے؟,Kya tasveer mein khel ka gend hai?
398798,COCO_val2014_000000398798.jpg,Is there a person in the image?,yes,random,person,کیا تصویر میں کوئی شخص ہے؟,Kya tasveer mein insaan hai?
398798,COCO_val2014_000000398798.jpg,Is there a bed in the image?,no,random,bed,کیا تصویر میں کوئی بستر ہے؟,Kya tasveer mein bistar hai?
398798,COCO_val2014_000000398798.jpg,Is there a suitcase in the image?,no,random,suitcase,کیا تصویر میں کوئی سوٹ کیس ہے؟,Kya tasveer mein suitcase hai?
398798,COCO_val2014_000000398798.jpg,Is there a microwave in the image?,no,random,microwave,کیا تصویر میں مائکروویو ہے؟,Kya tasveer mein microwave hai?
398798,COCO_val2014_000000398798.jpg,Is there a tennis racket in the image?,yes,popular,tennis racket,کیا تصویر میں ٹینس ریکیٹ ہے؟,Kya tasveer mein tennis ka racket hai?
398798,COCO_val2014_000000398798.jpg,Is there a person in the image?,yes,popular,person,کیا تصویر میں کوئی شخص ہے؟,Kya tasveer mein insaan hai?
398798,COCO_val2014_000000398798.jpg,Is there a sports ball in the image?,yes,popular,sports ball,کیا تصویر میں کھیلوں کی گیند ہے؟,Kya tasveer mein khel ka gend hai?
398798,COCO_val2014_000000398798.jpg,Is there a car in the image?,no,popular,car,کیا تصویر میں کوئی کار ہے؟,Kya tasveer mein gaari hai?
398798,COCO_val2014_000000398798.jpg,Is there a chair in the image?,no,popular,chair,کیا تصویر میں کرسی ہے؟,Kya tasveer mein kursi hai?
398798,COCO_val2014_000000398798.jpg,Is there a book in the image?,no,popular,book,کیا تصویر میں کوئی کتاب ہے؟,Kya tasveer mein kitaab hai?
398798,COCO_val2014_000000398798.jpg,Is there a tennis racket in the image?,yes,adversarial,tennis racket,کیا تصویر میں ٹینس ریکیٹ ہے؟,Kya tasveer mein tennis ka racket hai?
398798,COCO_val2014_000000398798.jpg,Is there a sports ball in the image?,yes,adversarial,sports ball,کیا تصویر میں کھیلوں کی گیند ہے؟,Kya tasveer mein khel ka gend hai?
398798,COCO_val2014_000000398798.jpg,Is there a person in the image?,yes,adversarial,person,کیا تصویر میں کوئی شخص ہے؟,Kya tasveer mein insaan hai?
398798,COCO_val2014_000000398798.jpg,Is there a car in the image?,no,adversarial,car,کیا تصویر میں کوئی کار ہے؟,Kya tasveer mein gaari hai?
398798,COCO_val2014_000000398798.jpg,Is there a chair in the image?,no,adversarial,chair,کیا تصویر میں کرسی ہے؟,Kya tasveer mein kursi hai?
398798,COCO_val2014_000000398798.jpg,Is there a book in the image?,no,adversarial,book,کیا تصویر میں کوئی کتاب ہے؟,Kya tasveer mein kitaab hai?
268854,COCO_val2014_000000268854.jpg,Is there a boat in the image?,yes,random,boat,کیا تصویر میں کوئی کشتی ہے؟,Kya tasveer mein kashti hai?
268854,COCO_val2014_000000268854.jpg,Is there a person in the image?,yes,random,person,کیا تصویر میں کوئی شخص ہے؟,Kya tasveer mein insaan hai?
268854,COCO_val2014_000000268854.jpg,Is there a handbag in the image?,yes,random,handbag,کیا تصویر میں ہینڈ بیگ ہے؟,Kya tasveer mein handbag hai?
268854,COCO_val2014_000000268854.jpg,Is there a suitcase in the image?,no,random,suitcase,کیا تصویر میں کوئی سوٹ کیس ہے؟,Kya tasveer mein suitcase hai?
268854,COCO_val2014_000000268854.jpg,Is there a elephant in the image?,no,random,elephant,کیا تصویر میں ہاتھی ہے؟,Kya tasveer mein haathi hai?
268854,COCO_val2014_000000268854.jpg,Is there a airplane in the image?,no,random,airplane,کیا تصویر میں ہوائی جہاز ہے؟,Kya tasveer mein hawai jahaaz hai?
268854,COCO_val2014_000000268854.jpg,Is there a boat in the image?,yes,popular,boat,کیا تصویر میں کوئی کشتی ہے؟,Kya tasveer mein kashti hai?
268854,COCO_val2014_000000268854.jpg,Is there a handbag in the image?,yes,popular,handbag,کیا تصویر میں ہینڈ بیگ ہے؟,Kya tasveer mein handbag hai?
268854,COCO_val2014_000000268854.jpg,Is there a person in the image?,yes,popular,person,کیا تصویر میں کوئی شخص ہے؟,Kya tasveer mein insaan hai?
268854,COCO_val2014_000000268854.jpg,Is there a car in the image?,no,popular,car,کیا تصویر میں کوئی کار ہے؟,Kya tasveer mein gaari hai?
268854,COCO_val2014_000000268854.jpg,Is there a chair in the image?,no,popular,chair,کیا تصویر میں کرسی ہے؟,Kya tasveer mein kursi hai?
268854,COCO_val2014_000000268854.jpg,Is there a book in the image?,no,popular,book,کیا تصویر میں کوئی کتاب ہے؟,Kya tasveer mein kitaab hai?
268854,COCO_val2014_000000268854.jpg,Is there a handbag in the image?,yes,adversarial,handbag,کیا تصویر میں ہینڈ بیگ ہے؟,Kya tasveer mein handbag hai?
268854,COCO_val2014_000000268854.jpg,Is there a boat in the image?,yes,adversarial,boat,کیا تصویر میں کوئی کشتی ہے؟,Kya tasveer mein kashti hai?
268854,COCO_val2014_000000268854.jpg,Is there a person in the image?,yes,adversarial,person,کیا تصویر میں کوئی شخص ہے؟,Kya tasveer mein insaan hai?
268854,COCO_val2014_000000268854.jpg,Is there a car in the image?,no,adversarial,car,کیا تصویر میں کوئی کار ہے؟,Kya tasveer mein gaari hai?
268854,COCO_val2014_000000268854.jpg,Is there a chair in the image?,no,adversarial,chair,کیا تصویر میں کرسی ہے؟,Kya tasveer mein kursi hai?
268854,COCO_val2014_000000268854.jpg,Is there a book in the image?,no,adversarial,book,کیا تصویر میں کوئی کتاب ہے؟,Kya tasveer mein kitaab hai?
275657,COCO_val2014_000000275657.jpg,Is there a knife in the image?,yes,random,knife,کیا تصویر میں چاقو ہے؟,Kya tasveer mein churi hai?
275657,COCO_val2014_000000275657.jpg,Is there a fork in the image?,yes,random,fork,کیا تصویر میں کانٹا ہے؟,Kya tasveer mein kaanta hai?
275657,COCO_val2014_000000275657.jpg,Is there a cup in the image?,yes,random,cup,کیا تصویر میں کپ ہے؟,Kya tasveer mein cup hai?
275657,COCO_val2014_000000275657.jpg,Is there a umbrella in the image?,no,random,umbrella,کیا تصویر میں چھتری ہے؟,Kya tasveer mein chhatri hai?
275657,COCO_val2014_000000275657.jpg,Is there a cake in the image?,no,random,cake,کیا تصویر میں کیک ہے؟,Kya tasveer mein cake hai?
275657,COCO_val2014_000000275657.jpg,Is there a toaster in the image?,no,random,toaster,کیا تصویر میں ٹوسٹر ہے؟,Kya tasveer mein toaster hai?
275657,COCO_val2014_000000275657.jpg,Is there a knife in the image?,yes,popular,knife,کیا تصویر میں چاقو ہے؟,Kya tasveer mein churi hai?
275657,COCO_val2014_000000275657.jpg,Is there a person in the image?,yes,popular,person,کیا تصویر میں کوئی شخص ہے؟,Kya tasveer mein insaan hai?
275657,COCO_val2014_000000275657.jpg,Is there a fork in the image?,yes,popular,fork,کیا تصویر میں کانٹا ہے؟,Kya tasveer mein kaanta hai?
275657,COCO_val2014_000000275657.jpg,Is there a car in the image?,no,popular,car,کیا تصویر میں کوئی کار ہے؟,Kya tasveer mein gaari hai?
275657,COCO_val2014_000000275657.jpg,Is there a chair in the image?,no,popular,chair,کیا تصویر میں کرسی ہے؟,Kya tasveer mein kursi hai?
275657,COCO_val2014_000000275657.jpg,Is there a book in the image?,no,popular,book,کیا تصویر میں کوئی کتاب ہے؟,Kya tasveer mein kitaab hai?
275657,COCO_val2014_000000275657.jpg,Is there a fork in the image?,yes,adversarial,fork,کیا تصویر میں کانٹا ہے؟,Kya tasveer mein kaanta hai?
275657,COCO_val2014_000000275657.jpg,Is there a wine glass in the image?,yes,adversarial,wine glass,کیا تصویر میں شراب کا گلاس ہے؟,Kya tasveer mein gilaas hai?
275657,COCO_val2014_000000275657.jpg,Is there a dining table in the image?,yes,adversarial,dining table,کیا تصویر میں کھانے کی میز ہے؟,Kya tasveer mein khane ki mez hai?
275657,COCO_val2014_000000275657.jpg,Is there a car in the image?,no,adversarial,car,کیا تصویر میں کوئی کار ہے؟,Kya tasveer mein gaari hai?
275657,COCO_val2014_000000275657.jpg,Is there a chair in the image?,no,adversarial,chair,کیا تصویر میں کرسی ہے؟,Kya tasveer mein kursi hai?
275657,COCO_val2014_000000275657.jpg,Is there a book in the image?,no,adversarial,book,کیا تصویر میں کوئی کتاب ہے؟,Kya tasveer mein kitaab hai?
536403,COCO_val2014_000000536403.jpg,Is there a hot dog in the image?,yes,random,hot dog,کیا تصویر میں کوئی ہاٹ ڈاگ ہے؟,Kya tasveer mein hot dog hai?
536403,COCO_val2014_000000536403.jpg,Is there a dining table in the image?,yes,random,dining table,کیا تصویر میں کھانے کی میز ہے؟,Kya tasveer mein khane ki mez hai?
536403,COCO_val2014_000000536403.jpg,Is there a laptop in the image?,yes,random,laptop,کیا تصویر میں لیپ ٹاپ ہے؟,Kya tasveer mein laptop hai?
536403,COCO_val2014_000000536403.jpg,Is there a zebra in the image?,no,random,zebra,کیا تصویر میں زیبرا ہے؟,Kya tasveer mein zebra hai?
536403,COCO_val2014_000000536403.jpg,Is there a toaster in the image?,no,random,toaster,کیا تصویر میں ٹوسٹر ہے؟,Kya tasveer mein toaster hai?
536403,COCO_val2014_000000536403.jpg,Is there a tv in the image?,no,random,tv,کیا تصویر میں ٹی وی ہے؟,Kya tasveer mein tv hai?
536403,COCO_val2014_000000536403.jpg,Is there a hot dog in the image?,yes,popular,hot dog,کیا تصویر میں کوئی ہاٹ ڈاگ ہے؟,Kya tasveer mein hot dog hai?
536403,COCO_val2014_000000536403.jpg,Is there a sandwich in the image?,yes,popular,sandwich,کیا تصویر میں کوئی سینڈوچ ہے؟,Kya tasveer mein sandwich hai?
536403,COCO_val2014_000000536403.jpg,Is there a laptop in the image?,yes,popular,laptop,کیا تصویر میں لیپ ٹاپ ہے؟,Kya tasveer mein laptop hai?
536403,COCO_val2014_000000536403.jpg,Is there a person in the image?,no,popular,person,کیا تصویر میں کوئی شخص ہے؟,Kya tasveer mein insaan hai?
536403,COCO_val2014_000000536403.jpg,Is there a car in the image?,no,popular,car,کیا تصویر میں کوئی کار ہے؟,Kya tasveer mein gaari hai?
536403,COCO_val2014_000000536403.jpg,Is there a chair in the image?,no,popular,chair,کیا تصویر میں کرسی ہے؟,Kya tasveer mein kursi hai?
536403,COCO_val2014_000000536403.jpg,Is there a hot dog in the image?,yes,adversarial,hot dog,کیا تصویر میں کوئی ہاٹ ڈاگ ہے؟,Kya tasveer mein hot dog hai?
536403,COCO_val2014_000000536403.jpg,Is there a dining table in the image?,yes,adversarial,dining table,کیا تصویر میں کھانے کی میز ہے؟,Kya tasveer mein khane ki mez hai?
536403,COCO_val2014_000000536403.jpg,Is there a laptop in the image?,yes,adversarial,laptop,کیا تصویر میں لیپ ٹاپ ہے؟,Kya tasveer mein laptop hai?
536403,COCO_val2014_000000536403.jpg,Is there a person in the image?,no,adversarial,person,کیا تصویر میں کوئی شخص ہے؟,Kya tasveer mein insaan hai?
536403,COCO_val2014_000000536403.jpg,Is there a car in the image?,no,adversarial,car,کیا تصویر میں کوئی کار ہے؟,Kya tasveer mein gaari hai?
536403,COCO_val2014_000000536403.jpg,Is there a chair in the image?,no,adversarial,chair,کیا تصویر میں کرسی ہے؟,Kya tasveer mein kursi hai?
412419,COCO_val2014_000000412419.jpg,Is there a baseball bat in the image?,yes,random,baseball bat,کیا تصویر میں بیس بال کا بیٹ ہے؟,Kya tasveer mein baseball ka balla hai?
412419,COCO_val2014_000000412419.jpg,Is there a sports ball in the image?,yes,random,sports ball,کیا تصویر میں کھیلوں کی گیند ہے؟,Kya tasveer mein khel ka gend hai?
412419,COCO_val2014_000000412419.jpg,Is there a baseball glove in the image?,yes,random,baseball glove,کیا تصویر میں بیس بال کا دستانہ ہے؟,Kya tasveer mein baseball ka dastaana hai?
412419,COCO_val2014_000000412419.jpg,Is there a dining table in the image?,no,random,dining table,کیا تصویر میں کھانے کی میز ہے؟,Kya tasveer mein khane ki mez hai?
412419,COCO_val2014_000000412419.jpg,Is there a microwave in the image?,no,random,microwave,کیا تصویر میں مائکروویو ہے؟,Kya tasveer mein microwave hai?
412419,COCO_val2014_000000412419.jpg,Is there a potted plant in the image?,no,random,potted plant,کیا تصویر میں کوئی پودا ہے؟,Kya tasveer mein gamla hai?
412419,COCO_val2014_000000412419.jpg,Is there a baseball bat in the image?,yes,popular,baseball bat,کیا تصویر میں بیس بال کا بیٹ ہے؟,Kya tasveer mein baseball ka balla hai?
412419,COCO_val2014_000000412419.jpg,Is there a person in the image?,yes,popular,person,کیا تصویر میں کوئی شخص ہے؟,Kya tasveer mein insaan hai?
412419,COCO_val2014_000000412419.jpg,Is there a baseball glove in the image?,yes,popular,baseball glove,کیا تصویر میں بیس بال کا دستانہ ہے؟,Kya tasveer mein baseball ka dastaana hai?
412419,COCO_val2014_000000412419.jpg,Is there a car in the image?,no,popular,car,کیا تصویر میں کوئی کار ہے؟,Kya tasveer mein gaari hai?
412419,COCO_val2014_000000412419.jpg,Is there a chair in the image?,no,popular,chair,کیا تصویر میں کرسی ہے؟,Kya tasveer mein kursi hai?
412419,COCO_val2014_000000412419.jpg,Is there a book in the image?,no,popular,book,کیا تصویر میں کوئی کتاب ہے؟,Kya tasveer mein kitaab hai?
412419,COCO_val2014_000000412419.jpg,Is there a baseball bat in the image?,yes,adversarial,baseball bat,کیا تصویر میں بیس بال کا بیٹ ہے؟,Kya tasveer mein baseball ka balla hai?
412419,COCO_val2014_000000412419.jpg,Is there a baseball glove in the image?,yes,adversarial,baseball glove,کیا تصویر میں بیس بال کا دستانہ ہے؟,Kya tasveer mein baseball ka dastaana hai?
412419,COCO_val2014_000000412419.jpg,Is there a person in the image?,yes,adversarial,person,کیا تصویر میں کوئی شخص ہے؟,Kya tasveer mein insaan hai?
412419,COCO_val2014_000000412419.jpg,Is there a car in the image?,no,adversarial,car,کیا تصویر میں کوئی کار ہے؟,Kya tasveer mein gaari hai?
412419,COCO_val2014_000000412419.jpg,Is there a chair in the image?,no,adversarial,chair,کیا تصویر میں کرسی ہے؟,Kya tasveer mein kursi hai?
412419,COCO_val2014_000000412419.jpg,Is there a book in the image?,no,adversarial,book,کیا تصویر میں کوئی کتاب ہے؟,Kya tasveer mein kitaab hai?
207072,COCO_val2014_000000207072.jpg,Is there a potted plant in the image?,yes,random,potted plant,کیا تصویر میں کوئی پودا ہے؟,Kya tasveer mein gamla hai?
207072,COCO_val2014_000000207072.jpg,Is there a vase in the image?,yes,random,vase,کیا تصویر میں گلدان ہے؟,Kya tasveer mein phool daani hai?
207072,COCO_val2014_000000207072.jpg,Is there a car in the image?,yes,random,car,کیا تصویر میں کوئی کار ہے؟,Kya tasveer mein gaari hai?
207072,COCO_val2014_000000207072.jpg,Is there a snowboard in the image?,no,random,snowboard,کیا تصویر میں سنو بورڈ ہے؟,Kya tasveer mein snowboard hai?
207072,COCO_val2014_000000207072.jpg,Is there a skateboard in the image?,no,random,skateboard,کیا تصویر میں اسکیٹ بورڈ ہے؟,Kya tasveer mein skateboard hai?
207072,COCO_val2014_000000207072.jpg,Is there a couch in the image?,no,random,couch,کیا تصویر میں صوفہ ہے؟,Kya tasveer mein sofa hai?
207072,COCO_val2014_000000207072.jpg,Is there a car in the image?,yes,popular,car,کیا تصویر میں کوئی کار ہے؟,Kya tasveer mein gaari hai?
207072,COCO_val2014_000000207072.jpg,Is there a vase in the image?,yes,popular,vase,کیا تصویر میں گلدان ہے؟,Kya tasveer mein phool daani hai?
207072,COCO_val2014_000000207072.jpg,Is there a potted plant in the image?,yes,popular,potted plant,کیا تصویر میں کوئی پودا ہے؟,Kya tasveer mein gamla hai?
207072,COCO_val2014_000000207072.jpg,Is there a person in the image?,no,popular,person,کیا تصویر میں کوئی شخص ہے؟,Kya tasveer mein insaan hai?
207072,COCO_val2014_000000207072.jpg,Is there a chair in the image?,no,popular,chair,کیا تصویر میں کرسی ہے؟,Kya tasveer mein kursi hai?
207072,COCO_val2014_000000207072.jpg,Is there a book in the image?,no,popular,book,کیا تصویر میں کوئی کتاب ہے؟,Kya tasveer mein kitaab hai?
207072,COCO_val2014_000000207072.jpg,Is there a vase in the image?,yes,adversarial,vase,کیا تصویر میں گلدان ہے؟,Kya tasveer mein phool daani hai?
207072,COCO_val2014_000000207072.jpg,Is there a potted plant in the image?,yes,adversarial,potted plant,کیا تصویر میں کوئی پودا ہے؟,Kya tasveer mein gamla hai?
207072,COCO_val2014_000000207072.jpg,Is there a car in the image?,yes,adversarial,car,کیا تصویر میں کوئی کار ہے؟,Kya tasveer mein gaari hai?
207072,COCO_val2014_000000207072.jpg,Is there a person in the image?,no,adversarial,person,کیا تصویر میں کوئی شخص ہے؟,Kya tasveer mein insaan hai?
207072,COCO_val2014_000000207072.jpg,Is there a chair in the image?,no,adversarial,chair,کیا تصویر میں کرسی ہے؟,Kya tasveer mein kursi hai?
207072,COCO_val2014_000000207072.jpg,Is there a book in the image?,no,adversarial,book,کیا تصویر میں کوئی کتاب ہے؟,Kya tasveer mein kitaab hai?
233727,COCO_val2014_000000233727.jpg,Is there a bus in the image?,yes,random,bus,کیا تصویر میں بس ہے؟,Kya tasveer mein bus hai?
233727,COCO_val2014_000000233727.jpg,Is there a person in the image?,yes,random,person,کیا تصویر میں کوئی شخص ہے؟,Kya tasveer mein insaan hai?
233727,COCO_val2014_000000233727.jpg,Is there a bicycle in the image?,yes,random,bicycle,کیا تصویر میں کوئی سائیکل ہے؟,Kya tasveer mein cycle hai?
233727,COCO_val2014_000000233727.jpg,Is there a zebra in the image?,no,random,zebra,کیا تصویر میں زیبرا ہے؟,Kya tasveer mein zebra hai?
233727,COCO_val2014_000000233727.jpg,Is there a sports ball in the image?,no,random,sports ball,کیا تصویر میں کھیلوں کی گیند ہے؟,Kya tasveer mein khel ka gend hai?
233727,COCO_val2014_000000233727.jpg,Is there a hot dog in the image?,no,random,hot dog,کیا تصویر میں کوئی ہاٹ ڈاگ ہے؟,Kya tasveer mein hot dog hai?
233727,COCO_val2014_000000233727.jpg,Is there a bus in the image?,yes,popular,bus,کیا تصویر میں بس ہے؟,Kya tasveer mein bus hai?
233727,COCO_val2014_000000233727.jpg,Is there a person in the image?,yes,popular,person,کیا تصویر میں کوئی شخص ہے؟,Kya tasveer mein insaan hai?
233727,COCO_val2014_000000233727.jpg,Is there a bicycle in the image?,yes,popular,bicycle,کیا تصویر میں کوئی سائیکل ہے؟,Kya tasveer mein cycle hai?
233727,COCO_val2014_000000233727.jpg,Is there a car in the image?,no,popular,car,کیا تصویر میں کوئی کار ہے؟,Kya tasveer mein gaari hai?
233727,COCO_val2014_000000233727.jpg,Is there a chair in the image?,no,popular,chair,کیا تصویر میں کرسی ہے؟,Kya tasveer mein kursi hai?
233727,COCO_val2014_000000233727.jpg,Is there a book in the image?,no,popular,book,کیا تصویر میں کوئی کتاب ہے؟,Kya tasveer mein kitaab hai?
233727,COCO_val2014_000000233727.jpg,Is there a person in the image?,yes,adversarial,person,کیا تصویر میں کوئی شخص ہے؟,Kya tasveer mein insaan hai?
233727,COCO_val2014_000000233727.jpg,Is there a bicycle in the image?,yes,adversarial,bicycle,کیا تصویر میں کوئی سائیکل ہے؟,Kya tasveer mein cycle hai?
233727,COCO_val2014_000000233727.jpg,Is there a bus in the image?,yes,adversarial,bus,کیا تصویر میں بس ہے؟,Kya tasveer mein bus hai?
233727,COCO_val2014_000000233727.jpg,Is there a car in the image?,no,adversarial,car,کیا تصویر میں کوئی کار ہے؟,Kya tasveer mein gaari hai?
233727,COCO_val2014_000000233727.jpg,Is there a chair in the image?,no,adversarial,chair,کیا تصویر میں کرسی ہے؟,Kya tasveer mein kursi hai?
233727,COCO_val2014_000000233727.jpg,Is there a book in the image?,no,adversarial,book,کیا تصویر میں کوئی کتاب ہے؟,Kya tasveer mein kitaab hai?
497067,COCO_val2014_000000497067.jpg,Is there a sports ball in the image?,yes,random,sports ball,کیا تصویر میں کھیلوں کی گیند ہے؟,Kya tasveer mein khel ka gend hai?
497067,COCO_val2014_000000497067.jpg,Is there a person in the image?,yes,random,person,کیا تصویر میں کوئی شخص ہے؟,Kya tasveer mein insaan hai?
497067,COCO_val2014_000000497067.jpg,Is there a car in the image?,yes,random,car,کیا تصویر میں کوئی کار ہے؟,Kya tasveer mein gaari hai?
497067,COCO_val2014_000000497067.jpg,Is there a couch in the image?,no,random,couch,کیا تصویر میں صوفہ ہے؟,Kya tasveer mein sofa hai?
497067,COCO_val2014_000000497067.jpg,Is there a fire hydrant in the image?,no,random,fire hydrant,کیا تصویر میں فائر ہائیڈرنٹ ہے؟,Kya tasveer mein fire hydrant hai?
497067,COCO_val2014_000000497067.jpg,Is there a frisbee in the image?,no,random,frisbee,کیا تصویر میں فریسبی ہے؟,Kya tasveer mein frisbee hai?
497067,COCO_val2014_000000497067.jpg,Is there a person in the image?,yes,popular,person,کیا تصویر میں کوئی شخص ہے؟,Kya tasveer mein insaan hai?
497067,COCO_val2014_000000497067.jpg,Is there a car in the image?,yes,popular,car,کیا تصویر میں کوئی کار ہے؟,Kya tasveer mein gaari hai?
497067,COCO_val2014_000000497067.jpg,Is there a truck in the image?,yes,popular,truck,کیا تصویر میں کوئی ٹرک ہے؟,Kya tasveer mein truck hai?
497067,COCO_val2014_000000497067.jpg,Is there a chair in the image?,no,popular,chair,کیا تصویر میں کرسی ہے؟,Kya tasveer mein kursi hai?
497067,COCO_val2014_000000497067.jpg,Is there a book in the image?,no,popular,book,کیا تصویر میں کوئی کتاب ہے؟,Kya tasveer mein kitaab hai?
497067,COCO_val2014_000000497067.jpg,Is there a bottle in the image?,no,popular,bottle,کیا تصویر میں کوئی بوتل ہے؟,Kya tasveer mein botal hai?
497067,COCO_val2014_000000497067.jpg,Is there a person in the image?,yes,adversarial,person,کیا تصویر میں کوئی شخص ہے؟,Kya tasveer mein insaan hai?
497067,COCO_val2014_000000497067.jpg,Is there a car in the image?,yes,adversarial,car,کیا تصویر میں کوئی کار ہے؟,Kya tasveer mein gaari hai?
497067,COCO_val2014_000000497067.jpg,Is there a truck in the image?,yes,adversarial,truck,کیا تصویر میں کوئی ٹرک ہے؟,Kya tasveer mein truck hai?
497067,COCO_val2014_000000497067.jpg,Is there a chair in the image?,no,adversarial,chair,کیا تصویر میں کرسی ہے؟,Kya tasveer mein kursi hai?
497067,COCO_val2014_000000497067.jpg,Is there a book in the image?,no,adversarial,book,کیا تصویر میں کوئی کتاب ہے؟,Kya tasveer mein kitaab hai?
497067,COCO_val2014_000000497067.jpg,Is there a bottle in the image?,no,adversarial,bottle,کیا تصویر میں کوئی بوتل ہے؟,Kya tasveer mein botal hai?
28671,COCO_val2014_000000028671.jpg,Is there a person in the image?,yes,random,person,کیا تصویر میں کوئی شخص ہے؟,Kya tasveer mein insaan hai?
28671,COCO_val2014_000000028671.jpg,Is there a hot dog in the image?,yes,random,hot dog,کیا تصویر میں کوئی ہاٹ ڈاگ ہے؟,Kya tasveer mein hot dog hai?
28671,COCO_val2014_000000028671.jpg,Is there a book in the image?,yes,random,book,کیا تصویر میں کوئی کتاب ہے؟,Kya tasveer mein kitaab hai?
28671,COCO_val2014_000000028671.jpg,Is there a cake in the image?,no,random,cake,کیا تصویر میں کیک ہے؟,Kya tasveer mein cake hai?
28671,COCO_val2014_000000028671.jpg,Is there a sink in the image?,no,random,sink,کیا تصویر میں کوئی سنک ہے؟,Kya tasveer mein sink hai?
28671,COCO_val2014_000000028671.jpg,Is there a refrigerator in the image?,no,random,refrigerator,کیا تصویر میں ریفریجریٹر ہے؟,Kya tasveer mein fridge hai?
28671,COCO_val2014_000000028671.jpg,Is there a hot dog in the image?,yes,popular,hot dog,کیا تصویر میں کوئی ہاٹ ڈاگ ہے؟,Kya tasveer mein hot dog hai?
28671,COCO_val2014_000000028671.jpg,Is there a book in the image?,yes,popular,book,کیا تصویر میں کوئی کتاب ہے؟,Kya tasveer mein kitaab hai?
28671,COCO_val2014_000000028671.jpg,Is there a clock in the image?,yes,popular,clock,کیا تصویر میں کوئی گھڑی ہے؟,Kya tasveer mein ghadi hai?
28671,COCO_val2014_000000028671.jpg,Is there a car in the image?,no,popular,car,کیا تصویر میں کوئی کار ہے؟,Kya tasveer mein gaari hai?
28671,COCO_val2014_000000028671.jpg,Is there a chair in the image?,no,popular,chair,کیا تصویر میں کرسی ہے؟,Kya tasveer mein kursi hai?
28671,COCO_val2014_000000028671.jpg,Is there a bottle in the image?,no,popular,bottle,کیا تصویر میں کوئی بوتل ہے؟,Kya tasveer mein botal hai?
28671,COCO_val2014_000000028671.jpg,Is there a book in the image?,yes,adversarial,book,کیا تصویر میں کوئی کتاب ہے؟,Kya tasveer mein kitaab hai?
28671,COCO_val2014_000000028671.jpg,Is there a person in the image?,yes,adversarial,person,کیا تصویر میں کوئی شخص ہے؟,Kya tasveer mein insaan hai?
28671,COCO_val2014_000000028671.jpg,Is there a hot dog in the image?,yes,adversarial,hot dog,کیا تصویر میں کوئی ہاٹ ڈاگ ہے؟,Kya tasveer mein hot dog hai?
28671,COCO_val2014_000000028671.jpg,Is there a car in the image?,no,adversarial,car,کیا تصویر میں کوئی کار ہے؟,Kya tasveer mein gaari hai?
28671,COCO_val2014_000000028671.jpg,Is there a chair in the image?,no,adversarial,chair,کیا تصویر میں کرسی ہے؟,Kya tasveer mein kursi hai?
28671,COCO_val2014_000000028671.jpg,Is there a bottle in the image?,no,adversarial,bottle,کیا تصویر میں کوئی بوتل ہے؟,Kya tasveer mein botal hai?
147980,COCO_val2014_000000147980.jpg,Is there a baseball glove in the image?,yes,random,baseball glove,کیا تصویر میں بیس بال کا دستانہ ہے؟,Kya tasveer mein baseball ka dastaana hai?
147980,COCO_val2014_000000147980.jpg,Is there a person in the image?,yes,random,person,کیا تصویر میں کوئی شخص ہے؟,Kya tasveer mein insaan hai?
147980,COCO_val2014_000000147980.jpg,Is there a sports ball in the image?,yes,random,sports ball,کیا تصویر میں کھیلوں کی گیند ہے؟,Kya tasveer mein khel ka gend hai?
147980,COCO_val2014_000000147980.jpg,Is there a banana in the image?,no,random,banana,کیا تصویر میں کیلا ہے؟,Kya tasveer mein kela hai?
147980,COCO_val2014_000000147980.jpg,Is there a donut in the image?,no,random,donut,کیا تصویر میں ڈونٹ ہے؟,Kya tasveer mein donut hai?
147980,COCO_val2014_000000147980.jpg,Is there a zebra in the image?,no,random,zebra,کیا تصویر میں زیبرا ہے؟,Kya tasveer mein zebra hai?
147980,COCO_val2014_000000147980.jpg,Is there a baseball glove in the image?,yes,popular,baseball glove,کیا تصویر میں بیس بال کا دستانہ ہے؟,Kya tasveer mein baseball ka dastaana hai?
147980,COCO_val2014_000000147980.jpg,Is there a person in the image?,yes,popular,person,کیا تصویر میں کوئی شخص ہے؟,Kya tasveer mein insaan hai?
147980,COCO_val2014_000000147980.jpg,Is there a sports ball in the image?,yes,popular,sports ball,کیا تصویر میں کھیلوں کی گیند ہے؟,Kya tasveer mein khel ka gend hai?
147980,COCO_val2014_000000147980.jpg,Is there a car in the image?,no,popular,car,کیا تصویر میں کوئی کار ہے؟,Kya tasveer mein gaari hai?
147980,COCO_val2014_000000147980.jpg,Is there a chair in the image?,no,popular,chair,کیا تصویر میں کرسی ہے؟,Kya tasveer mein kursi hai?
147980,COCO_val2014_000000147980.jpg,Is there a book in the image?,no,popular,book,کیا تصویر میں کوئی کتاب ہے؟,Kya tasveer mein kitaab hai?
147980,COCO_val2014_000000147980.jpg,Is there a baseball glove in the image?,yes,adversarial,baseball glove,کیا تصویر میں بیس بال کا دستانہ ہے؟,Kya tasveer mein baseball ka dastaana hai?
147980,COCO_val2014_000000147980.jpg,Is there a person in the image?,yes,adversarial,person,کیا تصویر میں کوئی شخص ہے؟,Kya tasveer mein insaan hai?
147980,COCO_val2014_000000147980.jpg,Is there a sports ball in the image?,yes,adversarial,sports ball,کیا تصویر میں کھیلوں کی گیند ہے؟,Kya tasveer mein khel ka gend hai?
147980,COCO_val2014_000000147980.jpg,Is there a car in the image?,no,adversarial,car,کیا تصویر میں کوئی کار ہے؟,Kya tasveer mein gaari hai?
147980,COCO_val2014_000000147980.jpg,Is there a chair in the image?,no,adversarial,chair,کیا تصویر میں کرسی ہے؟,Kya tasveer mein kursi hai?
147980,COCO_val2014_000000147980.jpg,Is there a book in the image?,no,adversarial,book,کیا تصویر میں کوئی کتاب ہے؟,Kya tasveer mein kitaab hai?
345848,COCO_val2014_000000345848.jpg,Is there a bicycle in the image?,yes,random,bicycle,کیا تصویر میں کوئی سائیکل ہے؟,Kya tasveer mein cycle hai?
345848,COCO_val2014_000000345848.jpg,Is there a truck in the image?,yes,random,truck,کیا تصویر میں کوئی ٹرک ہے؟,Kya tasveer mein truck hai?
345848,COCO_val2014_000000345848.jpg,Is there a motorcycle in the image?,yes,random,motorcycle,کیا تصویر میں کوئی موٹر سائیکل ہے؟,Kya tasveer mein motorcycle hai?
345848,COCO_val2014_000000345848.jpg,Is there a remote in the image?,no,random,remote,کیا تصویر میں کوئی ریموٹ ہے؟,Kya tasveer mein remote hai?
345848,COCO_val2014_000000345848.jpg,Is there a frisbee in the image?,no,random,frisbee,کیا تصویر میں فریسبی ہے؟,Kya tasveer mein frisbee hai?
345848,COCO_val2014_000000345848.jpg,Is there a stop sign in the image?,no,random,stop sign,کیا تصویر میں سٹاپ کا نشان ہے؟,Kya tasveer mein stop sign hai?
345848,COCO_val2014_000000345848.jpg,Is there a person in the image?,yes,popular,person,کیا تصویر میں کوئی شخص ہے؟,Kya tasveer mein insaan hai?
345848,COCO_val2014_000000345848.jpg,Is there a truck in the image?,yes,popular,truck,کیا تصویر میں کوئی ٹرک ہے؟,Kya tasveer mein truck hai?
345848,COCO_val2014_000000345848.jpg,Is there a bicycle in the image?,yes,popular,bicycle,کیا تصویر میں کوئی سائیکل ہے؟,Kya tasveer mein cycle hai?
345848,COCO_val2014_000000345848.jpg,Is there a chair in the image?,no,popular,chair,کیا تصویر میں کرسی ہے؟,Kya tasveer mein kursi hai?
345848,COCO_val2014_000000345848.jpg,Is there a book in the image?,no,popular,book,کیا تصویر میں کوئی کتاب ہے؟,Kya tasveer mein kitaab hai?
345848,COCO_val2014_000000345848.jpg,Is there a bottle in the image?,no,popular,bottle,کیا تصویر میں کوئی بوتل ہے؟,Kya tasveer mein botal hai?
345848,COCO_val2014_000000345848.jpg,Is there a motorcycle in the image?,yes,adversarial,motorcycle,کیا تصویر میں کوئی موٹر سائیکل ہے؟,Kya tasveer mein motorcycle hai?
345848,COCO_val2014_000000345848.jpg,Is there a truck in the image?,yes,adversarial,truck,کیا تصویر میں کوئی ٹرک ہے؟,Kya tasveer mein truck hai?
345848,COCO_val2014_000000345848.jpg,Is there a person in the image?,yes,adversarial,person,کیا تصویر میں کوئی شخص ہے؟,Kya tasveer mein insaan hai?
345848,COCO_val2014_000000345848.jpg,Is there a chair in the image?,no,adversarial,chair,کیا تصویر میں کرسی ہے؟,Kya tasveer mein kursi hai?
345848,COCO_val2014_000000345848.jpg,Is there a book in the image?,no,adversarial,book,کیا تصویر میں کوئی کتاب ہے؟,Kya tasveer mein kitaab hai?
345848,COCO_val2014_000000345848.jpg,Is there a bottle in the image?,no,adversarial,bottle,کیا تصویر میں کوئی بوتل ہے؟,Kya tasveer mein botal hai?
290951,COCO_val2014_000000290951.jpg,Is there a person in the image?,yes,random,person,کیا تصویر میں کوئی شخص ہے؟,Kya tasveer mein insaan hai?
290951,COCO_val2014_000000290951.jpg,Is there a bench in the image?,yes,random,bench,کیا تصویر میں کوئی بینچ ہے؟,Kya tasveer mein bench hai?
290951,COCO_val2014_000000290951.jpg,Is there a umbrella in the image?,yes,random,umbrella,کیا تصویر میں چھتری ہے؟,Kya tasveer mein chhatri hai?
290951,COCO_val2014_000000290951.jpg,Is there a couch in the image?,no,random,couch,کیا تصویر میں صوفہ ہے؟,Kya tasveer mein sofa hai?
290951,COCO_val2014_000000290951.jpg,Is there a baseball glove in the image?,no,random,baseball glove,کیا تصویر میں بیس بال کا دستانہ ہے؟,Kya tasveer mein baseball ka dastaana hai?
290951,COCO_val2014_000000290951.jpg,Is there a stop sign in the image?,no,random,stop sign,کیا تصویر میں سٹاپ کا نشان ہے؟,Kya tasveer mein stop sign hai?
290951,COCO_val2014_000000290951.jpg,Is there a bench in the image?,yes,popular,bench,کیا تصویر میں کوئی بینچ ہے؟,Kya tasveer mein bench hai?
290951,COCO_val2014_000000290951.jpg,Is there a dining table in the image?,yes,popular,dining table,کیا تصویر میں کھانے کی میز ہے؟,Kya tasveer mein khane ki mez hai?
290951,COCO_val2014_000000290951.jpg,Is there a person in the image?,yes,popular,person,کیا تصویر میں کوئی شخص ہے؟,Kya tasveer mein insaan hai?
290951,COCO_val2014_000000290951.jpg,Is there a car in the image?,no,popular,car,کیا تصویر میں کوئی کار ہے؟,Kya tasveer mein gaari hai?
290951,COCO_val2014_000000290951.jpg,Is there a book in the image?,no,popular,book,کیا تصویر میں کوئی کتاب ہے؟,Kya tasveer mein kitaab hai?
290951,COCO_val2014_000000290951.jpg,Is there a bottle in the image?,no,popular,bottle,کیا تصویر میں کوئی بوتل ہے؟,Kya tasveer mein botal hai?
290951,COCO_val2014_000000290951.jpg,Is there a chair in the image?,yes,adversarial,chair,کیا تصویر میں کرسی ہے؟,Kya tasveer mein kursi hai?
290951,COCO_val2014_000000290951.jpg,Is there a dining table in the image?,yes,adversarial,dining table,کیا تصویر میں کھانے کی میز ہے؟,Kya tasveer mein khane ki mez hai?
290951,COCO_val2014_000000290951.jpg,Is there a umbrella in the image?,yes,adversarial,umbrella,کیا تصویر میں چھتری ہے؟,Kya tasveer mein chhatri hai?
290951,COCO_val2014_000000290951.jpg,Is there a car in the image?,no,adversarial,car,کیا تصویر میں کوئی کار ہے؟,Kya tasveer mein gaari hai?
290951,COCO_val2014_000000290951.jpg,Is there a book in the image?,no,adversarial,book,کیا تصویر میں کوئی کتاب ہے؟,Kya tasveer mein kitaab hai?
290951,COCO_val2014_000000290951.jpg,Is there a bottle in the image?,no,adversarial,bottle,کیا تصویر میں کوئی بوتل ہے؟,Kya tasveer mein botal hai?
212261,COCO_val2014_000000212261.jpg,Is there a person in the image?,yes,random,person,کیا تصویر میں کوئی شخص ہے؟,Kya tasveer mein insaan hai?
212261,COCO_val2014_000000212261.jpg,Is there a handbag in the image?,yes,random,handbag,کیا تصویر میں ہینڈ بیگ ہے؟,Kya tasveer mein handbag hai?
212261,COCO_val2014_000000212261.jpg,Is there a refrigerator in the image?,yes,random,refrigerator,کیا تصویر میں ریفریجریٹر ہے؟,Kya tasveer mein fridge hai?
212261,COCO_val2014_000000212261.jpg,Is there a train in the image?,no,random,train,کیا تصویر میں ٹرین ہے؟,Kya tasveer mein train hai?
212261,COCO_val2014_000000212261.jpg,Is there a airplane in the image?,no,random,airplane,کیا تصویر میں ہوائی جہاز ہے؟,Kya tasveer mein hawai jahaaz hai?
212261,COCO_val2014_000000212261.jpg,Is there a kite in the image?,no,random,kite,کیا تصویر میں پتنگ ہے؟,Kya tasveer mein patang hai?
212261,COCO_val2014_000000212261.jpg,Is there a person in the image?,yes,popular,person,کیا تصویر میں کوئی شخص ہے؟,Kya tasveer mein insaan hai?
212261,COCO_val2014_000000212261.jpg,Is there a refrigerator in the image?,yes,popular,refrigerator,کیا تصویر میں ریفریجریٹر ہے؟,Kya tasveer mein fridge hai?
212261,COCO_val2014_000000212261.jpg,Is there a sandwich in the image?,yes,popular,sandwich,کیا تصویر میں کوئی سینڈوچ ہے؟,Kya tasveer mein sandwich hai?
212261,COCO_val2014_000000212261.jpg,Is there a car in the image?,no,popular,car,کیا تصویر میں کوئی کار ہے؟,Kya tasveer mein gaari hai?
212261,COCO_val2014_000000212261.jpg,Is there a chair in the image?,no,popular,chair,کیا تصویر میں کرسی ہے؟,Kya tasveer mein kursi hai?
212261,COCO_val2014_000000212261.jpg,Is there a book in the image?,no,popular,book,کیا تصویر میں کوئی کتاب ہے؟,Kya tasveer mein kitaab hai?
212261,COCO_val2014_000000212261.jpg,Is there a person in the image?,yes,adversarial,person,کیا تصویر میں کوئی شخص ہے؟,Kya tasveer mein insaan hai?
212261,COCO_val2014_000000212261.jpg,Is there a spoon in the image?,yes,adversarial,spoon,کیا تصویر میں چمچ ہے؟,Kya tasveer mein chamach hai?
212261,COCO_val2014_000000212261.jpg,Is there a handbag in the image?,yes,adversarial,handbag,کیا تصویر میں ہینڈ بیگ ہے؟,Kya tasveer mein handbag hai?
212261,COCO_val2014_000000212261.jpg,Is there a car in the image?,no,adversarial,car,کیا تصویر میں کوئی کار ہے؟,Kya tasveer mein gaari hai?
212261,COCO_val2014_000000212261.jpg,Is there a chair in the image?,no,adversarial,chair,کیا تصویر میں کرسی ہے؟,Kya tasveer mein kursi hai?
212261,COCO_val2014_000000212261.jpg,Is there a book in the image?,no,adversarial,book,کیا تصویر میں کوئی کتاب ہے؟,Kya tasveer mein kitaab hai?
455716,COCO_val2014_000000455716.jpg,Is there a handbag in the image?,yes,random,handbag,کیا تصویر میں ہینڈ بیگ ہے؟,Kya tasveer mein handbag hai?
455716,COCO_val2014_000000455716.jpg,Is there a backpack in the image?,yes,random,backpack,کیا تصویر میں کوئی بیگ ہے؟,Kya tasveer mein bag hai?
455716,COCO_val2014_000000455716.jpg,Is there a motorcycle in the image?,yes,random,motorcycle,کیا تصویر میں کوئی موٹر سائیکل ہے؟,Kya tasveer mein motorcycle hai?
455716,COCO_val2014_000000455716.jpg,Is there a tv in the image?,no,random,tv,کیا تصویر میں ٹی وی ہے؟,Kya tasveer mein tv hai?
455716,COCO_val2014_000000455716.jpg,Is there a baseball glove in the image?,no,random,baseball glove,کیا تصویر میں بیس بال کا دستانہ ہے؟,Kya tasveer mein baseball ka dastaana hai?
455716,COCO_val2014_000000455716.jpg,Is there a broccoli in the image?,no,random,broccoli,کیا تصویر میں بروکولی ہے؟,Kya tasveer mein broccoli hai?
455716,COCO_val2014_000000455716.jpg,Is there a backpack in the image?,yes,popular,backpack,کیا تصویر میں کوئی بیگ ہے؟,Kya tasveer mein bag hai?
455716,COCO_val2014_000000455716.jpg,Is there a motorcycle in the image?,yes,popular,motorcycle,کیا تصویر میں کوئی موٹر سائیکل ہے؟,Kya tasveer mein motorcycle hai?
455716,COCO_val2014_000000455716.jpg,Is there a handbag in the image?,yes,popular,handbag,کیا تصویر میں ہینڈ بیگ ہے؟,Kya tasveer mein handbag hai?
455716,COCO_val2014_000000455716.jpg,Is there a person in the image?,no,popular,person,کیا تصویر میں کوئی شخص ہے؟,Kya tasveer mein insaan hai?
455716,COCO_val2014_000000455716.jpg,Is there a car in the image?,no,popular,car,کیا تصویر میں کوئی کار ہے؟,Kya tasveer mein gaari hai?
455716,COCO_val2014_000000455716.jpg,Is there a chair in the image?,no,popular,chair,کیا تصویر میں کرسی ہے؟,Kya tasveer mein kursi hai?
455716,COCO_val2014_000000455716.jpg,Is there a handbag in the image?,yes,adversarial,handbag,کیا تصویر میں ہینڈ بیگ ہے؟,Kya tasveer mein handbag hai?
455716,COCO_val2014_000000455716.jpg,Is there a backpack in the image?,yes,adversarial,backpack,کیا تصویر میں کوئی بیگ ہے؟,Kya tasveer mein bag hai?
455716,COCO_val2014_000000455716.jpg,Is there a motorcycle in the image?,yes,adversarial,motorcycle,کیا تصویر میں کوئی موٹر سائیکل ہے؟,Kya tasveer mein motorcycle hai?
455716,COCO_val2014_000000455716.jpg,Is there a person in the image?,no,adversarial,person,کیا تصویر میں کوئی شخص ہے؟,Kya tasveer mein insaan hai?
455716,COCO_val2014_000000455716.jpg,Is there a car in the image?,no,adversarial,car,کیا تصویر میں کوئی کار ہے؟,Kya tasveer mein gaari hai?
455716,COCO_val2014_000000455716.jpg,Is there a chair in the image?,no,adversarial,chair,کیا تصویر میں کرسی ہے؟,Kya tasveer mein kursi hai?
287305,COCO_val2014_000000287305.jpg,Is there a car in the image?,yes,random,car,کیا تصویر میں کوئی کار ہے؟,Kya tasveer mein gaari hai?
287305,COCO_val2014_000000287305.jpg,Is there a bus in the image?,yes,random,bus,کیا تصویر میں بس ہے؟,Kya tasveer mein bus hai?
287305,COCO_val2014_000000287305.jpg,Is there a person in the image?,yes,random,person,کیا تصویر میں کوئی شخص ہے؟,Kya tasveer mein insaan hai?
287305,COCO_val2014_000000287305.jpg,Is there a suitcase in the image?,no,random,suitcase,کیا تصویر میں کوئی سوٹ کیس ہے؟,Kya tasveer mein suitcase hai?
287305,COCO_val2014_000000287305.jpg,Is there a parking meter in the image?,no,random,parking meter,کیا تصویر میں پارکنگ میٹر ہے؟,Kya tasveer mein parking meter hai?
287305,COCO_val2014_000000287305.jpg,Is there a hair drier in the image?,no,random,hair drier,کیا تصویر میں ہیئر ڈرائر ہے؟,Kya tasveer mein hair drier hai?
287305,COCO_val2014_000000287305.jpg,Is there a bus in the image?,yes,popular,bus,کیا تصویر میں بس ہے؟,Kya tasveer mein bus hai?
287305,COCO_val2014_000000287305.jpg,Is there a person in the image?,yes,popular,person,کیا تصویر میں کوئی شخص ہے؟,Kya tasveer mein insaan hai?
287305,COCO_val2014_000000287305.jpg,Is there a car in the image?,yes,popular,car,کیا تصویر میں کوئی کار ہے؟,Kya tasveer mein gaari hai?
287305,COCO_val2014_000000287305.jpg,Is there a chair in the image?,no,popular,chair,کیا تصویر میں کرسی ہے؟,Kya tasveer mein kursi hai?
287305,COCO_val2014_000000287305.jpg,Is there a book in the image?,no,popular,book,کیا تصویر میں کوئی کتاب ہے؟,Kya tasveer mein kitaab hai?
287305,COCO_val2014_000000287305.jpg,Is there a bottle in the image?,no,popular,bottle,کیا تصویر میں کوئی بوتل ہے؟,Kya tasveer mein botal hai?
287305,COCO_val2014_000000287305.jpg,Is there a bus in the image?,yes,adversarial,bus,کیا تصویر میں بس ہے؟,Kya tasveer mein bus hai?
287305,COCO_val2014_000000287305.jpg,Is there a car in the image?,yes,adversarial,car,کیا تصویر میں کوئی کار ہے؟,Kya tasveer mein gaari hai?
287305,COCO_val2014_000000287305.jpg,Is there a person in the image?,yes,adversarial,person,کیا تصویر میں کوئی شخص ہے؟,Kya tasveer mein insaan hai?
287305,COCO_val2014_000000287305.jpg,Is there a chair in the image?,no,adversarial,chair,کیا تصویر میں کرسی ہے؟,Kya tasveer mein kursi hai?
287305,COCO_val2014_000000287305.jpg,Is there a book in the image?,no,adversarial,book,کیا تصویر میں کوئی کتاب ہے؟,Kya tasveer mein kitaab hai?
287305,COCO_val2014_000000287305.jpg,Is there a bottle in the image?,no,adversarial,bottle,کیا تصویر میں کوئی بوتل ہے؟,Kya tasveer mein botal hai?
322816,COCO_val2014_000000322816.jpg,Is there a surfboard in the image?,yes,random,surfboard,کیا تصویر میں کوئی سرف بورڈ ہے؟,Kya tasveer mein surfboard hai?
322816,COCO_val2014_000000322816.jpg,Is there a book in the image?,yes,random,book,کیا تصویر میں کوئی کتاب ہے؟,Kya tasveer mein kitaab hai?
322816,COCO_val2014_000000322816.jpg,Is there a cake in the image?,yes,random,cake,کیا تصویر میں کیک ہے؟,Kya tasveer mein cake hai?
322816,COCO_val2014_000000322816.jpg,Is there a toaster in the image?,no,random,toaster,کیا تصویر میں ٹوسٹر ہے؟,Kya tasveer mein toaster hai?
322816,COCO_val2014_000000322816.jpg,Is there a chair in the image?,no,random,chair,کیا تصویر میں کرسی ہے؟,Kya tasveer mein kursi hai?
322816,COCO_val2014_000000322816.jpg,Is there a sandwich in the image?,no,random,sandwich,کیا تصویر میں کوئی سینڈوچ ہے؟,Kya tasveer mein sandwich hai?
322816,COCO_val2014_000000322816.jpg,Is there a book in the image?,yes,popular,book,کیا تصویر میں کوئی کتاب ہے؟,Kya tasveer mein kitaab hai?
322816,COCO_val2014_000000322816.jpg,Is there a cake in the image?,yes,popular,cake,کیا تصویر میں کیک ہے؟,Kya tasveer mein cake hai?
322816,COCO_val2014_000000322816.jpg,Is there a surfboard in the image?,yes,popular,surfboard,کیا تصویر میں کوئی سرف بورڈ ہے؟,Kya tasveer mein surfboard hai?
322816,COCO_val2014_000000322816.jpg,Is there a person in the image?,no,popular,person,کیا تصویر میں کوئی شخص ہے؟,Kya tasveer mein insaan hai?
322816,COCO_val2014_000000322816.jpg,Is there a car in the image?,no,popular,car,کیا تصویر میں کوئی کار ہے؟,Kya tasveer mein gaari hai?
322816,COCO_val2014_000000322816.jpg,Is there a chair in the image?,no,popular,chair,کیا تصویر میں کرسی ہے؟,Kya tasveer mein kursi hai?
322816,COCO_val2014_000000322816.jpg,Is there a cake in the image?,yes,adversarial,cake,کیا تصویر میں کیک ہے؟,Kya tasveer mein cake hai?
322816,COCO_val2014_000000322816.jpg,Is there a surfboard in the image?,yes,adversarial,surfboard,کیا تصویر میں کوئی سرف بورڈ ہے؟,Kya tasveer mein surfboard hai?
322816,COCO_val2014_000000322816.jpg,Is there a book in the image?,yes,adversarial,book,کیا تصویر میں کوئی کتاب ہے؟,Kya tasveer mein kitaab hai?
322816,COCO_val2014_000000322816.jpg,Is there a person in the image?,no,adversarial,person,کیا تصویر میں کوئی شخص ہے؟,Kya tasveer mein insaan hai?
322816,COCO_val2014_000000322816.jpg,Is there a car in the image?,no,adversarial,car,کیا تصویر میں کوئی کار ہے؟,Kya tasveer mein gaari hai?
322816,COCO_val2014_000000322816.jpg,Is there a chair in the image?,no,adversarial,chair,کیا تصویر میں کرسی ہے؟,Kya tasveer mein kursi hai?
568972,COCO_val2014_000000568972.jpg,Is there a traffic light in the image?,yes,random,traffic light,کیا تصویر میں ٹریفک لائٹ ہے؟,Kya tasveer mein traffic signal hai?
568972,COCO_val2014_000000568972.jpg,Is there a person in the image?,yes,random,person,کیا تصویر میں کوئی شخص ہے؟,Kya tasveer mein insaan hai?
568972,COCO_val2014_000000568972.jpg,Is there a bicycle in the image?,yes,random,bicycle,کیا تصویر میں کوئی سائیکل ہے؟,Kya tasveer mein cycle hai?
568972,COCO_val2014_000000568972.jpg,Is there a laptop in the image?,no,random,laptop,کیا تصویر میں لیپ ٹاپ ہے؟,Kya tasveer mein laptop hai?
568972,COCO_val2014_000000568972.jpg,Is there a backpack in the image?,no,random,backpack,کیا تصویر میں کوئی بیگ ہے؟,Kya tasveer mein bag hai?
568972,COCO_val2014_000000568972.jpg,Is there a dining table in the image?,no,random,dining table,کیا تصویر میں کھانے کی میز ہے؟,Kya tasveer mein khane ki mez hai?
568972,COCO_val2014_000000568972.jpg,Is there a motorcycle in the image?,yes,popular,motorcycle,کیا تصویر میں کوئی موٹر سائیکل ہے؟,Kya tasveer mein motorcycle hai?
568972,COCO_val2014_000000568972.jpg,Is there a person in the image?,yes,popular,person,کیا تصویر میں کوئی شخص ہے؟,Kya tasveer mein insaan hai?
568972,COCO_val2014_000000568972.jpg,Is there a traffic light in the image?,yes,popular,traffic light,کیا تصویر میں ٹریفک لائٹ ہے؟,Kya tasveer mein traffic signal hai?
568972,COCO_val2014_000000568972.jpg,Is there a chair in the image?,no,popular,chair,کیا تصویر میں کرسی ہے؟,Kya tasveer mein kursi hai?
568972,COCO_val2014_000000568972.jpg,Is there a book in the image?,no,popular,book,کیا تصویر میں کوئی کتاب ہے؟,Kya tasveer mein kitaab hai?
568972,COCO_val2014_000000568972.jpg,Is there a bottle in the image?,no,popular,bottle,کیا تصویر میں کوئی بوتل ہے؟,Kya tasveer mein botal hai?
568972,COCO_val2014_000000568972.jpg,Is there a bicycle in the image?,yes,adversarial,bicycle,کیا تصویر میں کوئی سائیکل ہے؟,Kya tasveer mein cycle hai?
568972,COCO_val2014_000000568972.jpg,Is there a traffic light in the image?,yes,adversarial,traffic light,کیا تصویر میں ٹریفک لائٹ ہے؟,Kya tasveer mein traffic signal hai?
568972,COCO_val2014_000000568972.jpg,Is there a motorcycle in the image?,yes,adversarial,motorcycle,کیا تصویر میں کوئی موٹر سائیکل ہے؟,Kya tasveer mein motorcycle hai?
568972,COCO_val2014_000000568972.jpg,Is there a chair in the image?,no,adversarial,chair,کیا تصویر میں کرسی ہے؟,Kya tasveer mein kursi hai?
568972,COCO_val2014_000000568972.jpg,Is there a book in the image?,no,adversarial,book,کیا تصویر میں کوئی کتاب ہے؟,Kya tasveer mein kitaab hai?
568972,COCO_val2014_000000568972.jpg,Is there a bottle in the image?,no,adversarial,bottle,کیا تصویر میں کوئی بوتل ہے؟,Kya tasveer mein botal hai?
260994,COCO_val2014_000000260994.jpg,Is there a handbag in the image?,yes,random,handbag,کیا تصویر میں ہینڈ بیگ ہے؟,Kya tasveer mein handbag hai?
260994,COCO_val2014_000000260994.jpg,Is there a backpack in the image?,yes,random,backpack,کیا تصویر میں کوئی بیگ ہے؟,Kya tasveer mein bag hai?
260994,COCO_val2014_000000260994.jpg,Is there a hot dog in the image?,yes,random,hot dog,کیا تصویر میں کوئی ہاٹ ڈاگ ہے؟,Kya tasveer mein hot dog hai?
260994,COCO_val2014_000000260994.jpg,Is there a spoon in the image?,no,random,spoon,کیا تصویر میں چمچ ہے؟,Kya tasveer mein chamach hai?
260994,COCO_val2014_000000260994.jpg,Is there a baseball bat in the image?,no,random,baseball bat,کیا تصویر میں بیس بال کا بیٹ ہے؟,Kya tasveer mein baseball ka balla hai?
260994,COCO_val2014_000000260994.jpg,Is there a parking meter in the image?,no,random,parking meter,کیا تصویر میں پارکنگ میٹر ہے؟,Kya tasveer mein parking meter hai?
260994,COCO_val2014_000000260994.jpg,Is there a backpack in the image?,yes,popular,backpack,کیا تصویر میں کوئی بیگ ہے؟,Kya tasveer mein bag hai?
260994,COCO_val2014_000000260994.jpg,Is there a hot dog in the image?,yes,popular,hot dog,کیا تصویر میں کوئی ہاٹ ڈاگ ہے؟,Kya tasveer mein hot dog hai?
260994,COCO_val2014_000000260994.jpg,Is there a person in the image?,yes,popular,person,کیا تصویر میں کوئی شخص ہے؟,Kya tasveer mein insaan hai?
260994,COCO_val2014_000000260994.jpg,Is there a car in the image?,no,popular,car,کیا تصویر میں کوئی کار ہے؟,Kya tasveer mein gaari hai?
260994,COCO_val2014_000000260994.jpg,Is there a chair in the image?,no,popular,chair,کیا تصویر میں کرسی ہے؟,Kya tasveer mein kursi hai?
260994,COCO_val2014_000000260994.jpg,Is there a book in the image?,no,popular,book,کیا تصویر میں کوئی کتاب ہے؟,Kya tasveer mein kitaab hai?
260994,COCO_val2014_000000260994.jpg,Is there a handbag in the image?,yes,adversarial,handbag,کیا تصویر میں ہینڈ بیگ ہے؟,Kya tasveer mein handbag hai?
260994,COCO_val2014_000000260994.jpg,Is there a backpack in the image?,yes,adversarial,backpack,کیا تصویر میں کوئی بیگ ہے؟,Kya tasveer mein bag hai?
260994,COCO_val2014_000000260994.jpg,Is there a hot dog in the image?,yes,adversarial,hot dog,کیا تصویر میں کوئی ہاٹ ڈاگ ہے؟,Kya tasveer mein hot dog hai?
260994,COCO_val2014_000000260994.jpg,Is there a car in the image?,no,adversarial,car,کیا تصویر میں کوئی کار ہے؟,Kya tasveer mein gaari hai?
260994,COCO_val2014_000000260994.jpg,Is there a chair in the image?,no,adversarial,chair,کیا تصویر میں کرسی ہے؟,Kya tasveer mein kursi hai?
260994,COCO_val2014_000000260994.jpg,Is there a book in the image?,no,adversarial,book,کیا تصویر میں کوئی کتاب ہے؟,Kya tasveer mein kitaab hai?
83277,COCO_val2014_000000083277.jpg,Is there a car in the image?,yes,random,car,کیا تصویر میں کوئی کار ہے؟,Kya tasveer mein gaari hai?
83277,COCO_val2014_000000083277.jpg,Is there a person in the image?,yes,random,person,کیا تصویر میں کوئی شخص ہے؟,Kya tasveer mein insaan hai?
83277,COCO_val2014_000000083277.jpg,Is there a skateboard in the image?,yes,random,skateboard,کیا تصویر میں اسکیٹ بورڈ ہے؟,Kya tasveer mein skateboard hai?
83277,COCO_val2014_000000083277.jpg,Is there a spoon in the image?,no,random,spoon,کیا تصویر میں چمچ ہے؟,Kya tasveer mein chamach hai?
83277,COCO_val2014_000000083277.jpg,Is there a umbrella in the image?,no,random,umbrella,کیا تصویر میں چھتری ہے؟,Kya tasveer mein chhatri hai?
83277,COCO_val2014_000000083277.jpg,Is there a remote in the image?,no,random,remote,کیا تصویر میں کوئی ریموٹ ہے؟,Kya tasveer mein remote hai?
83277,COCO_val2014_000000083277.jpg,Is there a person in the image?,yes,popular,person,کیا تصویر میں کوئی شخص ہے؟,Kya tasveer mein insaan hai?
83277,COCO_val2014_000000083277.jpg,Is there a car in the image?,yes,popular,car,کیا تصویر میں کوئی کار ہے؟,Kya tasveer mein gaari hai?
83277,COCO_val2014_000000083277.jpg,Is there a skateboard in the image?,yes,popular,skateboard,کیا تصویر میں اسکیٹ بورڈ ہے؟,Kya tasveer mein skateboard hai?
83277,COCO_val2014_000000083277.jpg,Is there a chair in the image?,no,popular,chair,کیا تصویر میں کرسی ہے؟,Kya tasveer mein kursi hai?
83277,COCO_val2014_000000083277.jpg,Is there a book in the image?,no,popular,book,کیا تصویر میں کوئی کتاب ہے؟,Kya tasveer mein kitaab hai?
83277,COCO_val2014_000000083277.jpg,Is there a bottle in the image?,no,popular,bottle,کیا تصویر میں کوئی بوتل ہے؟,Kya tasveer mein botal hai?
83277,COCO_val2014_000000083277.jpg,Is there a car in the image?,yes,adversarial,car,کیا تصویر میں کوئی کار ہے؟,Kya tasveer mein gaari hai?
83277,COCO_val2014_000000083277.jpg,Is there a skateboard in the image?,yes,adversarial,skateboard,کیا تصویر میں اسکیٹ بورڈ ہے؟,Kya tasveer mein skateboard hai?
83277,COCO_val2014_000000083277.jpg,Is there a person in the image?,yes,adversarial,person,کیا تصویر میں کوئی شخص ہے؟,Kya tasveer mein insaan hai?
83277,COCO_val2014_000000083277.jpg,Is there a chair in the image?,no,adversarial,chair,کیا تصویر میں کرسی ہے؟,Kya tasveer mein kursi hai?
83277,COCO_val2014_000000083277.jpg,Is there a book in the image?,no,adversarial,book,کیا تصویر میں کوئی کتاب ہے؟,Kya tasveer mein kitaab hai?
83277,COCO_val2014_000000083277.jpg,Is there a bottle in the image?,no,adversarial,bottle,کیا تصویر میں کوئی بوتل ہے؟,Kya tasveer mein botal hai?
143503,COCO_val2014_000000143503.jpg,Is there a handbag in the image?,yes,random,handbag,کیا تصویر میں ہینڈ بیگ ہے؟,Kya tasveer mein handbag hai?
143503,COCO_val2014_000000143503.jpg,Is there a umbrella in the image?,yes,random,umbrella,کیا تصویر میں چھتری ہے؟,Kya tasveer mein chhatri hai?
143503,COCO_val2014_000000143503.jpg,Is there a horse in the image?,yes,random,horse,کیا تصویر میں گھوڑا ہے؟,Kya tasveer mein ghora hai?
143503,COCO_val2014_000000143503.jpg,Is there a frisbee in the image?,no,random,frisbee,کیا تصویر میں فریسبی ہے؟,Kya tasveer mein frisbee hai?
143503,COCO_val2014_000000143503.jpg,Is there a stop sign in the image?,no,random,stop sign,کیا تصویر میں سٹاپ کا نشان ہے؟,Kya tasveer mein stop sign hai?
143503,COCO_val2014_000000143503.jpg,Is there a baseball glove in the image?,no,random,baseball glove,کیا تصویر میں بیس بال کا دستانہ ہے؟,Kya tasveer mein baseball ka dastaana hai?
143503,COCO_val2014_000000143503.jpg,Is there a tie in the image?,yes,popular,tie,کیا تصویر میں ٹائی ہے؟,Kya tasveer mein tie hai?
143503,COCO_val2014_000000143503.jpg,Is there a handbag in the image?,yes,popular,handbag,کیا تصویر میں ہینڈ بیگ ہے؟,Kya tasveer mein handbag hai?
143503,COCO_val2014_000000143503.jpg,Is there a horse in the image?,yes,popular,horse,کیا تصویر میں گھوڑا ہے؟,Kya tasveer mein ghora hai?
143503,COCO_val2014_000000143503.jpg,Is there a car in the image?,no,popular,car,کیا تصویر میں کوئی کار ہے؟,Kya tasveer mein gaari hai?
143503,COCO_val2014_000000143503.jpg,Is there a chair in the image?,no,popular,chair,کیا تصویر میں کرسی ہے؟,Kya tasveer mein kursi hai?
143503,COCO_val2014_000000143503.jpg,Is there a book in the image?,no,popular,book,کیا تصویر میں کوئی کتاب ہے؟,Kya tasveer mein kitaab hai?
143503,COCO_val2014_000000143503.jpg,Is there a person in the image?,yes,adversarial,person,کیا تصویر میں کوئی شخص ہے؟,Kya tasveer mein insaan hai?
143503,COCO_val2014_000000143503.jpg,Is there a tie in the image?,yes,adversarial,tie,کیا تصویر میں ٹائی ہے؟,Kya tasveer mein tie hai?
143503,COCO_val2014_000000143503.jpg,Is there a horse in the image?,yes,adversarial,horse,کیا تصویر میں گھوڑا ہے؟,Kya tasveer mein ghora hai?
143503,COCO_val2014_000000143503.jpg,Is there a car in the image?,no,adversarial,car,کیا تصویر میں کوئی کار ہے؟,Kya tasveer mein gaari hai?
143503,COCO_val2014_000000143503.jpg,Is there a chair in the image?,no,adversarial,chair,کیا تصویر میں کرسی ہے؟,Kya tasveer mein kursi hai?
143503,COCO_val2014_000000143503.jpg,Is there a book in the image?,no,adversarial,book,کیا تصویر میں کوئی کتاب ہے؟,Kya tasveer mein kitaab hai?
327514,COCO_val2014_000000327514.jpg,Is there a bottle in the image?,yes,random,bottle,کیا تصویر میں کوئی بوتل ہے؟,Kya tasveer mein botal hai?
327514,COCO_val2014_000000327514.jpg,Is there a oven in the image?,yes,random,oven,کیا تصویر میں تندور ہے؟,Kya tasveer mein oven hai?
327514,COCO_val2014_000000327514.jpg,Is there a person in the image?,yes,random,person,کیا تصویر میں کوئی شخص ہے؟,Kya tasveer mein insaan hai?
327514,COCO_val2014_000000327514.jpg,Is there a parking meter in the image?,no,random,parking meter,کیا تصویر میں پارکنگ میٹر ہے؟,Kya tasveer mein parking meter hai?
327514,COCO_val2014_000000327514.jpg,Is there a tennis racket in the image?,no,random,tennis racket,کیا تصویر میں ٹینس ریکیٹ ہے؟,Kya tasveer mein tennis ka racket hai?
327514,COCO_val2014_000000327514.jpg,Is there a frisbee in the image?,no,random,frisbee,کیا تصویر میں فریسبی ہے؟,Kya tasveer mein frisbee hai?
327514,COCO_val2014_000000327514.jpg,Is there a bottle in the image?,yes,popular,bottle,کیا تصویر میں کوئی بوتل ہے؟,Kya tasveer mein botal hai?
327514,COCO_val2014_000000327514.jpg,Is there a knife in the image?,yes,popular,knife,کیا تصویر میں چاقو ہے؟,Kya tasveer mein churi hai?
327514,COCO_val2014_000000327514.jpg,Is there a person in the image?,yes,popular,person,کیا تصویر میں کوئی شخص ہے؟,Kya tasveer mein insaan hai?
327514,COCO_val2014_000000327514.jpg,Is there a car in the image?,no,popular,car,کیا تصویر میں کوئی کار ہے؟,Kya tasveer mein gaari hai?
327514,COCO_val2014_000000327514.jpg,Is there a chair in the image?,no,popular,chair,کیا تصویر میں کرسی ہے؟,Kya tasveer mein kursi hai?
327514,COCO_val2014_000000327514.jpg,Is there a book in the image?,no,popular,book,کیا تصویر میں کوئی کتاب ہے؟,Kya tasveer mein kitaab hai?
327514,COCO_val2014_000000327514.jpg,Is there a knife in the image?,yes,adversarial,knife,کیا تصویر میں چاقو ہے؟,Kya tasveer mein churi hai?
327514,COCO_val2014_000000327514.jpg,Is there a bottle in the image?,yes,adversarial,bottle,کیا تصویر میں کوئی بوتل ہے؟,Kya tasveer mein botal hai?
327514,COCO_val2014_000000327514.jpg,Is there a oven in the image?,yes,adversarial,oven,کیا تصویر میں تندور ہے؟,Kya tasveer mein oven hai?
327514,COCO_val2014_000000327514.jpg,Is there a car in the image?,no,adversarial,car,کیا تصویر میں کوئی کار ہے؟,Kya tasveer mein gaari hai?
327514,COCO_val2014_000000327514.jpg,Is there a chair in the image?,no,adversarial,chair,کیا تصویر میں کرسی ہے؟,Kya tasveer mein kursi hai?
327514,COCO_val2014_000000327514.jpg,Is there a book in the image?,no,adversarial,book,کیا تصویر میں کوئی کتاب ہے؟,Kya tasveer mein kitaab hai?
549224,COCO_val2014_000000549224.jpg,Is there a broccoli in the image?,yes,random,broccoli,کیا تصویر میں بروکولی ہے؟,Kya tasveer mein broccoli hai?
549224,COCO_val2014_000000549224.jpg,Is there a knife in the image?,yes,random,knife,کیا تصویر میں چاقو ہے؟,Kya tasveer mein churi hai?
549224,COCO_val2014_000000549224.jpg,Is there a fork in the image?,yes,random,fork,کیا تصویر میں کانٹا ہے؟,Kya tasveer mein kaanta hai?
549224,COCO_val2014_000000549224.jpg,Is there a potted plant in the image?,no,random,potted plant,کیا تصویر میں کوئی پودا ہے؟,Kya tasveer mein gamla hai?
549224,COCO_val2014_000000549224.jpg,Is there a clock in the image?,no,random,clock,کیا تصویر میں کوئی گھڑی ہے؟,Kya tasveer mein ghadi hai?
549224,COCO_val2014_000000549224.jpg,Is there a spoon in the image?,no,random,spoon,کیا تصویر میں چمچ ہے؟,Kya tasveer mein chamach hai?
549224,COCO_val2014_000000549224.jpg,Is there a knife in the image?,yes,popular,knife,کیا تصویر میں چاقو ہے؟,Kya tasveer mein churi hai?
549224,COCO_val2014_000000549224.jpg,Is there a broccoli in the image?,yes,popular,broccoli,کیا تصویر میں بروکولی ہے؟,Kya tasveer mein broccoli hai?
549224,COCO_val2014_000000549224.jpg,Is there a fork in the image?,yes,popular,fork,کیا تصویر میں کانٹا ہے؟,Kya tasveer mein kaanta hai?
549224,COCO_val2014_000000549224.jpg,Is there a person in the image?,no,popular,person,کیا تصویر میں کوئی شخص ہے؟,Kya tasveer mein insaan hai?
549224,COCO_val2014_000000549224.jpg,Is there a car in the image?,no,popular,car,کیا تصویر میں کوئی کار ہے؟,Kya tasveer mein gaari hai?
549224,COCO_val2014_000000549224.jpg,Is there a chair in the image?,no,popular,chair,کیا تصویر میں کرسی ہے؟,Kya tasveer mein kursi hai?
549224,COCO_val2014_000000549224.jpg,Is there a knife in the image?,yes,adversarial,knife,کیا تصویر میں چاقو ہے؟,Kya tasveer mein churi hai?
549224,COCO_val2014_000000549224.jpg,Is there a fork in the image?,yes,adversarial,fork,کیا تصویر میں کانٹا ہے؟,Kya tasveer mein kaanta hai?
549224,COCO_val2014_000000549224.jpg,Is there a broccoli in the image?,yes,adversarial,broccoli,کیا تصویر میں بروکولی ہے؟,Kya tasveer mein broccoli hai?
549224,COCO_val2014_000000549224.jpg,Is there a person in the image?,no,adversarial,person,کیا تصویر میں کوئی شخص ہے؟,Kya tasveer mein insaan hai?
549224,COCO_val2014_000000549224.jpg,Is there a car in the image?,no,adversarial,car,کیا تصویر میں کوئی کار ہے؟,Kya tasveer mein gaari hai?
549224,COCO_val2014_000000549224.jpg,Is there a chair in the image?,no,adversarial,chair,کیا تصویر میں کرسی ہے؟,Kya tasveer mein kursi hai?
333665,COCO_val2014_000000333665.jpg,Is there a person in the image?,yes,random,person,کیا تصویر میں کوئی شخص ہے؟,Kya tasveer mein insaan hai?
333665,COCO_val2014_000000333665.jpg,Is there a book in the image?,yes,random,book,کیا تصویر میں کوئی کتاب ہے؟,Kya tasveer mein kitaab hai?
333665,COCO_val2014_000000333665.jpg,Is there a cell phone in the image?,yes,random,cell phone,کیا تصویر میں سیل فون ہے؟,Kya tasveer mein mobile hai?
333665,COCO_val2014_000000333665.jpg,Is there a umbrella in the image?,no,random,umbrella,کیا تصویر میں چھتری ہے؟,Kya tasveer mein chhatri hai?
333665,COCO_val2014_000000333665.jpg,Is there a knife in the image?,no,random,knife,کیا تصویر میں چاقو ہے؟,Kya tasveer mein churi hai?
333665,COCO_val2014_000000333665.jpg,Is there a dog in the image?,no,random,dog,کیا تصویر میں کتا ہے؟,Kya tasveer mein kutta hai?
333665,COCO_val2014_000000333665.jpg,Is there a handbag in the image?,yes,popular,handbag,کیا تصویر میں ہینڈ بیگ ہے؟,Kya tasveer mein handbag hai?
333665,COCO_val2014_000000333665.jpg,Is there a person in the image?,yes,popular,person,کیا تصویر میں کوئی شخص ہے؟,Kya tasveer mein insaan hai?
333665,COCO_val2014_000000333665.jpg,Is there a book in the image?,yes,popular,book,کیا تصویر میں کوئی کتاب ہے؟,Kya tasveer mein kitaab hai?
333665,COCO_val2014_000000333665.jpg,Is there a car in the image?,no,popular,car,کیا تصویر میں کوئی کار ہے؟,Kya tasveer mein gaari hai?
333665,COCO_val2014_000000333665.jpg,Is there a chair in the image?,no,popular,chair,کیا تصویر میں کرسی ہے؟,Kya tasveer mein kursi hai?
333665,COCO_val2014_000000333665.jpg,Is there a bottle in the image?,no,popular,bottle,کیا تصویر میں کوئی بوتل ہے؟,Kya tasveer mein botal hai?
333665,COCO_val2014_000000333665.jpg,Is there a person in the image?,yes,adversarial,person,کیا تصویر میں کوئی شخص ہے؟,Kya tasveer mein insaan hai?
333665,COCO_val2014_000000333665.jpg,Is there a suitcase in the image?,yes,adversarial,suitcase,کیا تصویر میں کوئی سوٹ کیس ہے؟,Kya tasveer mein suitcase hai?
333665,COCO_val2014_000000333665.jpg,Is there a handbag in the image?,yes,adversarial,handbag,کیا تصویر میں ہینڈ بیگ ہے؟,Kya tasveer mein handbag hai?
333665,COCO_val2014_000000333665.jpg,Is there a car in the image?,no,adversarial,car,کیا تصویر میں کوئی کار ہے؟,Kya tasveer mein gaari hai?
333665,COCO_val2014_000000333665.jpg,Is there a chair in the image?,no,adversarial,chair,کیا تصویر میں کرسی ہے؟,Kya tasveer mein kursi hai?
333665,COCO_val2014_000000333665.jpg,Is there a bottle in the image?,no,adversarial,bottle,کیا تصویر میں کوئی بوتل ہے؟,Kya tasveer mein botal hai?
50942,COCO_val2014_000000050942.jpg,Is there a chair in the image?,yes,random,chair,کیا تصویر میں کرسی ہے؟,Kya tasveer mein kursi hai?
50942,COCO_val2014_000000050942.jpg,Is there a person in the image?,yes,random,person,کیا تصویر میں کوئی شخص ہے؟,Kya tasveer mein insaan hai?
50942,COCO_val2014_000000050942.jpg,Is there a mouse in the image?,yes,random,mouse,کیا تصویر میں کوئی چوہا ہے؟,Kya tasveer mein mouse hai?
50942,COCO_val2014_000000050942.jpg,Is there a tennis racket in the image?,no,random,tennis racket,کیا تصویر میں ٹینس ریکیٹ ہے؟,Kya tasveer mein tennis ka racket hai?
50942,COCO_val2014_000000050942.jpg,Is there a skis in the image?,no,random,skis,کیا تصویر میں کوئی سکی ہے؟,Kya tasveer mein skis hai?
50942,COCO_val2014_000000050942.jpg,Is there a apple in the image?,no,random,apple,کیا تصویر میں ایک سیب ہے؟,Kya tasveer mein seb hai?
50942,COCO_val2014_000000050942.jpg,Is there a keyboard in the image?,yes,popular,keyboard,کیا تصویر میں کی بورڈ ہے؟,Kya tasveer mein keyboard hai?
50942,COCO_val2014_000000050942.jpg,Is there a mouse in the image?,yes,popular,mouse,کیا تصویر میں کوئی چوہا ہے؟,Kya tasveer mein mouse hai?
50942,COCO_val2014_000000050942.jpg,Is there a person in the image?,yes,popular,person,کیا تصویر میں کوئی شخص ہے؟,Kya tasveer mein insaan hai?
50942,COCO_val2014_000000050942.jpg,Is there a car in the image?,no,popular,car,کیا تصویر میں کوئی کار ہے؟,Kya tasveer mein gaari hai?
50942,COCO_val2014_000000050942.jpg,Is there a book in the image?,no,popular,book,کیا تصویر میں کوئی کتاب ہے؟,Kya tasveer mein kitaab hai?
50942,COCO_val2014_000000050942.jpg,Is there a bottle in the image?,no,popular,bottle,کیا تصویر میں کوئی بوتل ہے؟,Kya tasveer mein botal hai?
50942,COCO_val2014_000000050942.jpg,Is there a keyboard in the image?,yes,adversarial,keyboard,کیا تصویر میں کی بورڈ ہے؟,Kya tasveer mein keyboard hai?
50942,COCO_val2014_000000050942.jpg,Is there a mouse in the image?,yes,adversarial,mouse,کیا تصویر میں کوئی چوہا ہے؟,Kya tasveer mein mouse hai?
50942,COCO_val2014_000000050942.jpg,Is there a person in the image?,yes,adversarial,person,کیا تصویر میں کوئی شخص ہے؟,Kya tasveer mein insaan hai?
50942,COCO_val2014_000000050942.jpg,Is there a car in the image?,no,adversarial,car,کیا تصویر میں کوئی کار ہے؟,Kya tasveer mein gaari hai?
50942,COCO_val2014_000000050942.jpg,Is there a book in the image?,no,adversarial,book,کیا تصویر میں کوئی کتاب ہے؟,Kya tasveer mein kitaab hai?
50942,COCO_val2014_000000050942.jpg,Is there a bottle in the image?,no,adversarial,bottle,کیا تصویر میں کوئی بوتل ہے؟,Kya tasveer mein botal hai?
431891,COCO_val2014_000000431891.jpg,Is there a person in the image?,yes,random,person,کیا تصویر میں کوئی شخص ہے؟,Kya tasveer mein insaan hai?
431891,COCO_val2014_000000431891.jpg,Is there a broccoli in the image?,yes,random,broccoli,کیا تصویر میں بروکولی ہے؟,Kya tasveer mein broccoli hai?
431891,COCO_val2014_000000431891.jpg,Is there a carrot in the image?,yes,random,carrot,کیا تصویر میں گاجر ہے؟,Kya tasveer mein gajar hai?
431891,COCO_val2014_000000431891.jpg,Is there a horse in the image?,no,random,horse,کیا تصویر میں گھوڑا ہے؟,Kya tasveer mein ghora hai?
431891,COCO_val2014_000000431891.jpg,Is there a keyboard in the image?,no,random,keyboard,کیا تصویر میں کی بورڈ ہے؟,Kya tasveer mein keyboard hai?
431891,COCO_val2014_000000431891.jpg,Is there a bird in the image?,no,random,bird,کیا تصویر میں کوئی پرندہ ہے؟,Kya tasveer mein chirya hai?
431891,COCO_val2014_000000431891.jpg,Is there a person in the image?,yes,popular,person,کیا تصویر میں کوئی شخص ہے؟,Kya tasveer mein insaan hai?
431891,COCO_val2014_000000431891.jpg,Is there a broccoli in the image?,yes,popular,broccoli,کیا تصویر میں بروکولی ہے؟,Kya tasveer mein broccoli hai?
431891,COCO_val2014_000000431891.jpg,Is there a carrot in the image?,yes,popular,carrot,کیا تصویر میں گاجر ہے؟,Kya tasveer mein gajar hai?
431891,COCO_val2014_000000431891.jpg,Is there a car in the image?,no,popular,car,کیا تصویر میں کوئی کار ہے؟,Kya tasveer mein gaari hai?
431891,COCO_val2014_000000431891.jpg,Is there a chair in the image?,no,popular,chair,کیا تصویر میں کرسی ہے؟,Kya tasveer mein kursi hai?
431891,COCO_val2014_000000431891.jpg,Is there a book in the image?,no,popular,book,کیا تصویر میں کوئی کتاب ہے؟,Kya tasveer mein kitaab hai?
431891,COCO_val2014_000000431891.jpg,Is there a bottle in the image?,yes,adversarial,bottle,کیا تصویر میں کوئی بوتل ہے؟,Kya tasveer mein botal hai?
431891,COCO_val2014_000000431891.jpg,Is there a carrot in the image?,yes,adversarial,carrot,کیا تصویر میں گاجر ہے؟,Kya tasveer mein gajar hai?
431891,COCO_val2014_000000431891.jpg,Is there a broccoli in the image?,yes,adversarial,broccoli,کیا تصویر میں بروکولی ہے؟,Kya tasveer mein broccoli hai?
431891,COCO_val2014_000000431891.jpg,Is there a car in the image?,no,adversarial,car,کیا تصویر میں کوئی کار ہے؟,Kya tasveer mein gaari hai?
431891,COCO_val2014_000000431891.jpg,Is there a chair in the image?,no,adversarial,chair,کیا تصویر میں کرسی ہے؟,Kya tasveer mein kursi hai?
431891,COCO_val2014_000000431891.jpg,Is there a book in the image?,no,adversarial,book,کیا تصویر میں کوئی کتاب ہے؟,Kya tasveer mein kitaab hai?
288336,COCO_val2014_000000288336.jpg,Is there a umbrella in the image?,yes,random,umbrella,کیا تصویر میں چھتری ہے؟,Kya tasveer mein chhatri hai?
288336,COCO_val2014_000000288336.jpg,Is there a dining table in the image?,yes,random,dining table,کیا تصویر میں کھانے کی میز ہے؟,Kya tasveer mein khane ki mez hai?
288336,COCO_val2014_000000288336.jpg,Is there a car in the image?,yes,random,car,کیا تصویر میں کوئی کار ہے؟,Kya tasveer mein gaari hai?
288336,COCO_val2014_000000288336.jpg,Is there a surfboard in the image?,no,random,surfboard,کیا تصویر میں کوئی سرف بورڈ ہے؟,Kya tasveer mein surfboard hai?
288336,COCO_val2014_000000288336.jpg,Is there a microwave in the image?,no,random,microwave,کیا تصویر میں مائکروویو ہے؟,Kya tasveer mein microwave hai?
288336,COCO_val2014_000000288336.jpg,Is there a sheep in the image?,no,random,sheep,کیا تصویر میں بھیڑ ہے؟,Kya tasveer mein bhed hai?
288336,COCO_val2014_000000288336.jpg,Is there a bicycle in the image?,yes,popular,bicycle,کیا تصویر میں کوئی سائیکل ہے؟,Kya tasveer mein cycle hai?
288336,COCO_val2014_000000288336.jpg,Is there a car in the image?,yes,popular,car,کیا تصویر میں کوئی کار ہے؟,Kya tasveer mein gaari hai?
288336,COCO_val2014_000000288336.jpg,Is there a person in the image?,yes,popular,person,کیا تصویر میں کوئی شخص ہے؟,Kya tasveer mein insaan hai?
288336,COCO_val2014_000000288336.jpg,Is there a chair in the image?,no,popular,chair,کیا تصویر میں کرسی ہے؟,Kya tasveer mein kursi hai?
288336,COCO_val2014_000000288336.jpg,Is there a book in the image?,no,popular,book,کیا تصویر میں کوئی کتاب ہے؟,Kya tasveer mein kitaab hai?
288336,COCO_val2014_000000288336.jpg,Is there a bottle in the image?,no,popular,bottle,کیا تصویر میں کوئی بوتل ہے؟,Kya tasveer mein botal hai?
288336,COCO_val2014_000000288336.jpg,Is there a person in the image?,yes,adversarial,person,کیا تصویر میں کوئی شخص ہے؟,Kya tasveer mein insaan hai?
288336,COCO_val2014_000000288336.jpg,Is there a car in the image?,yes,adversarial,car,کیا تصویر میں کوئی کار ہے؟,Kya tasveer mein gaari hai?
288336,COCO_val2014_000000288336.jpg,Is there a bench in the image?,yes,adversarial,bench,کیا تصویر میں کوئی بینچ ہے؟,Kya tasveer mein bench hai?
288336,COCO_val2014_000000288336.jpg,Is there a chair in the image?,no,adversarial,chair,کیا تصویر میں کرسی ہے؟,Kya tasveer mein kursi hai?
288336,COCO_val2014_000000288336.jpg,Is there a book in the image?,no,adversarial,book,کیا تصویر میں کوئی کتاب ہے؟,Kya tasveer mein kitaab hai?
288336,COCO_val2014_000000288336.jpg,Is there a bottle in the image?,no,adversarial,bottle,کیا تصویر میں کوئی بوتل ہے؟,Kya tasveer mein botal hai?
250917,COCO_val2014_000000250917.jpg,Is there a cup in the image?,yes,random,cup,کیا تصویر میں کپ ہے؟,Kya tasveer mein cup hai?
250917,COCO_val2014_000000250917.jpg,Is there a bowl in the image?,yes,random,bowl,کیا تصویر میں ایک پیالہ ہے؟,Kya tasveer mein bowl hai?
250917,COCO_val2014_000000250917.jpg,Is there a car in the image?,yes,random,car,کیا تصویر میں کوئی کار ہے؟,Kya tasveer mein gaari hai?
250917,COCO_val2014_000000250917.jpg,Is there a bear in the image?,no,random,bear,کیا تصویر میں ریچھ ہے؟,Kya tasveer mein bhalu hai?
250917,COCO_val2014_000000250917.jpg,Is there a toothbrush in the image?,no,random,toothbrush,کیا تصویر میں ٹوتھ برش ہے؟,Kya tasveer mein toothbrush hai?
250917,COCO_val2014_000000250917.jpg,Is there a wine glass in the image?,no,random,wine glass,کیا تصویر میں شراب کا گلاس ہے؟,Kya tasveer mein gilaas hai?
250917,COCO_val2014_000000250917.jpg,Is there a car in the image?,yes,popular,car,کیا تصویر میں کوئی کار ہے؟,Kya tasveer mein gaari hai?
250917,COCO_val2014_000000250917.jpg,Is there a dining table in the image?,yes,popular,dining table,کیا تصویر میں کھانے کی میز ہے؟,Kya tasveer mein khane ki mez hai?
250917,COCO_val2014_000000250917.jpg,Is there a bowl in the image?,yes,popular,bowl,کیا تصویر میں ایک پیالہ ہے؟,Kya tasveer mein bowl hai?
250917,COCO_val2014_000000250917.jpg,Is there a chair in the image?,no,popular,chair,کیا تصویر میں کرسی ہے؟,Kya tasveer mein kursi hai?
250917,COCO_val2014_000000250917.jpg,Is there a book in the image?,no,popular,book,کیا تصویر میں کوئی کتاب ہے؟,Kya tasveer mein kitaab hai?
250917,COCO_val2014_000000250917.jpg,Is there a bottle in the image?,no,popular,bottle,کیا تصویر میں کوئی بوتل ہے؟,Kya tasveer mein botal hai?
250917,COCO_val2014_000000250917.jpg,Is there a cell phone in the image?,yes,adversarial,cell phone,کیا تصویر میں سیل فون ہے؟,Kya tasveer mein mobile hai?
250917,COCO_val2014_000000250917.jpg,Is there a person in the image?,yes,adversarial,person,کیا تصویر میں کوئی شخص ہے؟,Kya tasveer mein insaan hai?
250917,COCO_val2014_000000250917.jpg,Is there a bowl in the image?,yes,adversarial,bowl,کیا تصویر میں ایک پیالہ ہے؟,Kya tasveer mein bowl hai?
250917,COCO_val2014_000000250917.jpg,Is there a chair in the image?,no,adversarial,chair,کیا تصویر میں کرسی ہے؟,Kya tasveer mein kursi hai?
250917,COCO_val2014_000000250917.jpg,Is there a book in the image?,no,adversarial,book,کیا تصویر میں کوئی کتاب ہے؟,Kya tasveer mein kitaab hai?
250917,COCO_val2014_000000250917.jpg,Is there a bottle in the image?,no,adversarial,bottle,کیا تصویر میں کوئی بوتل ہے؟,Kya tasveer mein botal hai?
192095,COCO_val2014_000000192095.jpg,Is there a sports ball in the image?,yes,random,sports ball,کیا تصویر میں کھیلوں کی گیند ہے؟,Kya tasveer mein khel ka gend hai?
192095,COCO_val2014_000000192095.jpg,Is there a person in the image?,yes,random,person,کیا تصویر میں کوئی شخص ہے؟,Kya tasveer mein insaan hai?
192095,COCO_val2014_000000192095.jpg,Is there a baseball glove in the image?,yes,random,baseball glove,کیا تصویر میں بیس بال کا دستانہ ہے؟,Kya tasveer mein baseball ka dastaana hai?
192095,COCO_val2014_000000192095.jpg,Is there a dining table in the image?,no,random,dining table,کیا تصویر میں کھانے کی میز ہے؟,Kya tasveer mein khane ki mez hai?
192095,COCO_val2014_000000192095.jpg,Is there a bed in the image?,no,random,bed,کیا تصویر میں کوئی بستر ہے؟,Kya tasveer mein bistar hai?
192095,COCO_val2014_000000192095.jpg,Is there a cup in the image?,no,random,cup,کیا تصویر میں کپ ہے؟,Kya tasveer mein cup hai?
192095,COCO_val2014_000000192095.jpg,Is there a sports ball in the image?,yes,popular,sports ball,کیا تصویر میں کھیلوں کی گیند ہے؟,Kya tasveer mein khel ka gend hai?
192095,COCO_val2014_000000192095.jpg,Is there a baseball glove in the image?,yes,popular,baseball glove,کیا تصویر میں بیس بال کا دستانہ ہے؟,Kya tasveer mein baseball ka dastaana hai?
192095,COCO_val2014_000000192095.jpg,Is there a person in the image?,yes,popular,person,کیا تصویر میں کوئی شخص ہے؟,Kya tasveer mein insaan hai?
192095,COCO_val2014_000000192095.jpg,Is there a car in the image?,no,popular,car,کیا تصویر میں کوئی کار ہے؟,Kya tasveer mein gaari hai?
192095,COCO_val2014_000000192095.jpg,Is there a chair in the image?,no,popular,chair,کیا تصویر میں کرسی ہے؟,Kya tasveer mein kursi hai?
192095,COCO_val2014_000000192095.jpg,Is there a book in the image?,no,popular,book,کیا تصویر میں کوئی کتاب ہے؟,Kya tasveer mein kitaab hai?
192095,COCO_val2014_000000192095.jpg,Is there a sports ball in the image?,yes,adversarial,sports ball,کیا تصویر میں کھیلوں کی گیند ہے؟,Kya tasveer mein khel ka gend hai?
192095,COCO_val2014_000000192095.jpg,Is there a person in the image?,yes,adversarial,person,کیا تصویر میں کوئی شخص ہے؟,Kya tasveer mein insaan hai?
192095,COCO_val2014_000000192095.jpg,Is there a baseball glove in the image?,yes,adversarial,baseball glove,کیا تصویر میں بیس بال کا دستانہ ہے؟,Kya tasveer mein baseball ka dastaana hai?
192095,COCO_val2014_000000192095.jpg,Is there a car in the image?,no,adversarial,car,کیا تصویر میں کوئی کار ہے؟,Kya tasveer mein gaari hai?
192095,COCO_val2014_000000192095.jpg,Is there a chair in the image?,no,adversarial,chair,کیا تصویر میں کرسی ہے؟,Kya tasveer mein kursi hai?
192095,COCO_val2014_000000192095.jpg,Is there a book in the image?,no,adversarial,book,کیا تصویر میں کوئی کتاب ہے؟,Kya tasveer mein kitaab hai?
437099,COCO_val2014_000000437099.jpg,Is there a traffic light in the image?,yes,random,traffic light,کیا تصویر میں ٹریفک لائٹ ہے؟,Kya tasveer mein traffic signal hai?
437099,COCO_val2014_000000437099.jpg,Is there a donut in the image?,yes,random,donut,کیا تصویر میں ڈونٹ ہے؟,Kya tasveer mein donut hai?
437099,COCO_val2014_000000437099.jpg,Is there a person in the image?,yes,random,person,کیا تصویر میں کوئی شخص ہے؟,Kya tasveer mein insaan hai?
437099,COCO_val2014_000000437099.jpg,Is there a skateboard in the image?,no,random,skateboard,کیا تصویر میں اسکیٹ بورڈ ہے؟,Kya tasveer mein skateboard hai?
437099,COCO_val2014_000000437099.jpg,Is there a bench in the image?,no,random,bench,کیا تصویر میں کوئی بینچ ہے؟,Kya tasveer mein bench hai?
437099,COCO_val2014_000000437099.jpg,Is there a giraffe in the image?,no,random,giraffe,کیا تصویر میں زرافہ ہے؟,Kya tasveer mein zaraafa hai?
437099,COCO_val2014_000000437099.jpg,Is there a traffic light in the image?,yes,popular,traffic light,کیا تصویر میں ٹریفک لائٹ ہے؟,Kya tasveer mein traffic signal hai?
437099,COCO_val2014_000000437099.jpg,Is there a person in the image?,yes,popular,person,کیا تصویر میں کوئی شخص ہے؟,Kya tasveer mein insaan hai?
437099,COCO_val2014_000000437099.jpg,Is there a donut in the image?,yes,popular,donut,کیا تصویر میں ڈونٹ ہے؟,Kya tasveer mein donut hai?
437099,COCO_val2014_000000437099.jpg,Is there a car in the image?,no,popular,car,کیا تصویر میں کوئی کار ہے؟,Kya tasveer mein gaari hai?
437099,COCO_val2014_000000437099.jpg,Is there a chair in the image?,no,popular,chair,کیا تصویر میں کرسی ہے؟,Kya tasveer mein kursi hai?
437099,COCO_val2014_000000437099.jpg,Is there a book in the image?,no,popular,book,کیا تصویر میں کوئی کتاب ہے؟,Kya tasveer mein kitaab hai?
437099,COCO_val2014_000000437099.jpg,Is there a traffic light in the image?,yes,adversarial,traffic light,کیا تصویر میں ٹریفک لائٹ ہے؟,Kya tasveer mein traffic signal hai?
437099,COCO_val2014_000000437099.jpg,Is there a person in the image?,yes,adversarial,person,کیا تصویر میں کوئی شخص ہے؟,Kya tasveer mein insaan hai?
437099,COCO_val2014_000000437099.jpg,Is there a motorcycle in the image?,yes,adversarial,motorcycle,کیا تصویر میں کوئی موٹر سائیکل ہے؟,Kya tasveer mein motorcycle hai?
437099,COCO_val2014_000000437099.jpg,Is there a car in the image?,no,adversarial,car,کیا تصویر میں کوئی کار ہے؟,Kya tasveer mein gaari hai?
437099,COCO_val2014_000000437099.jpg,Is there a chair in the image?,no,adversarial,chair,کیا تصویر میں کرسی ہے؟,Kya tasveer mein kursi hai?
437099,COCO_val2014_000000437099.jpg,Is there a book in the image?,no,adversarial,book,کیا تصویر میں کوئی کتاب ہے؟,Kya tasveer mein kitaab hai?
560427,COCO_val2014_000000560427.jpg,Is there a fork in the image?,yes,random,fork,کیا تصویر میں کانٹا ہے؟,Kya tasveer mein kaanta hai?
560427,COCO_val2014_000000560427.jpg,Is there a cup in the image?,yes,random,cup,کیا تصویر میں کپ ہے؟,Kya tasveer mein cup hai?
560427,COCO_val2014_000000560427.jpg,Is there a dining table in the image?,yes,random,dining table,کیا تصویر میں کھانے کی میز ہے؟,Kya tasveer mein khane ki mez hai?
560427,COCO_val2014_000000560427.jpg,Is there a airplane in the image?,no,random,airplane,کیا تصویر میں ہوائی جہاز ہے؟,Kya tasveer mein hawai jahaaz hai?
560427,COCO_val2014_000000560427.jpg,Is there a frisbee in the image?,no,random,frisbee,کیا تصویر میں فریسبی ہے؟,Kya tasveer mein frisbee hai?
560427,COCO_val2014_000000560427.jpg,Is there a skateboard in the image?,no,random,skateboard,کیا تصویر میں اسکیٹ بورڈ ہے؟,Kya tasveer mein skateboard hai?
560427,COCO_val2014_000000560427.jpg,Is there a cup in the image?,yes,popular,cup,کیا تصویر میں کپ ہے؟,Kya tasveer mein cup hai?
560427,COCO_val2014_000000560427.jpg,Is there a fork in the image?,yes,popular,fork,کیا تصویر میں کانٹا ہے؟,Kya tasveer mein kaanta hai?
560427,COCO_val2014_000000560427.jpg,Is there a dining table in the image?,yes,popular,dining table,کیا تصویر میں کھانے کی میز ہے؟,Kya tasveer mein khane ki mez hai?
560427,COCO_val2014_000000560427.jpg,Is there a person in the image?,no,popular,person,کیا تصویر میں کوئی شخص ہے؟,Kya tasveer mein insaan hai?
560427,COCO_val2014_000000560427.jpg,Is there a car in the image?,no,popular,car,کیا تصویر میں کوئی کار ہے؟,Kya tasveer mein gaari hai?
560427,COCO_val2014_000000560427.jpg,Is there a chair in the image?,no,popular,chair,کیا تصویر میں کرسی ہے؟,Kya tasveer mein kursi hai?
560427,COCO_val2014_000000560427.jpg,Is there a dining table in the image?,yes,adversarial,dining table,کیا تصویر میں کھانے کی میز ہے؟,Kya tasveer mein khane ki mez hai?
560427,COCO_val2014_000000560427.jpg,Is there a cup in the image?,yes,adversarial,cup,کیا تصویر میں کپ ہے؟,Kya tasveer mein cup hai?
560427,COCO_val2014_000000560427.jpg,Is there a fork in the image?,yes,adversarial,fork,کیا تصویر میں کانٹا ہے؟,Kya tasveer mein kaanta hai?
560427,COCO_val2014_000000560427.jpg,Is there a person in the image?,no,adversarial,person,کیا تصویر میں کوئی شخص ہے؟,Kya tasveer mein insaan hai?
560427,COCO_val2014_000000560427.jpg,Is there a car in the image?,no,adversarial,car,کیا تصویر میں کوئی کار ہے؟,Kya tasveer mein gaari hai?
560427,COCO_val2014_000000560427.jpg,Is there a chair in the image?,no,adversarial,chair,کیا تصویر میں کرسی ہے؟,Kya tasveer mein kursi hai?
415880,COCO_val2014_000000415880.jpg,Is there a person in the image?,yes,random,person,کیا تصویر میں کوئی شخص ہے؟,Kya tasveer mein insaan hai?
415880,COCO_val2014_000000415880.jpg,Is there a truck in the image?,yes,random,truck,کیا تصویر میں کوئی ٹرک ہے؟,Kya tasveer mein truck hai?
415880,COCO_val2014_000000415880.jpg,Is there a banana in the image?,yes,random,banana,کیا تصویر میں کیلا ہے؟,Kya tasveer mein kela hai?
415880,COCO_val2014_000000415880.jpg,Is there a dog in the image?,no,random,dog,کیا تصویر میں کتا ہے؟,Kya tasveer mein kutta hai?
415880,COCO_val2014_000000415880.jpg,Is there a refrigerator in the image?,no,random,refrigerator,کیا تصویر میں ریفریجریٹر ہے؟,Kya tasveer mein fridge hai?
415880,COCO_val2014_000000415880.jpg,Is there a skis in the image?,no,random,skis,کیا تصویر میں کوئی سکی ہے؟,Kya tasveer mein skis hai?
415880,COCO_val2014_000000415880.jpg,Is there a person in the image?,yes,popular,person,کیا تصویر میں کوئی شخص ہے؟,Kya tasveer mein insaan hai?
415880,COCO_val2014_000000415880.jpg,Is there a truck in the image?,yes,popular,truck,کیا تصویر میں کوئی ٹرک ہے؟,Kya tasveer mein truck hai?
415880,COCO_val2014_000000415880.jpg,Is there a banana in the image?,yes,popular,banana,کیا تصویر میں کیلا ہے؟,Kya tasveer mein kela hai?
415880,COCO_val2014_000000415880.jpg,Is there a car in the image?,no,popular,car,کیا تصویر میں کوئی کار ہے؟,Kya tasveer mein gaari hai?
415880,COCO_val2014_000000415880.jpg,Is there a chair in the image?,no,popular,chair,کیا تصویر میں کرسی ہے؟,Kya tasveer mein kursi hai?
415880,COCO_val2014_000000415880.jpg,Is there a book in the image?,no,popular,book,کیا تصویر میں کوئی کتاب ہے؟,Kya tasveer mein kitaab hai?
415880,COCO_val2014_000000415880.jpg,Is there a truck in the image?,yes,adversarial,truck,کیا تصویر میں کوئی ٹرک ہے؟,Kya tasveer mein truck hai?
415880,COCO_val2014_000000415880.jpg,Is there a person in the image?,yes,adversarial,person,کیا تصویر میں کوئی شخص ہے؟,Kya tasveer mein insaan hai?
415880,COCO_val2014_000000415880.jpg,Is there a banana in the image?,yes,adversarial,banana,کیا تصویر میں کیلا ہے؟,Kya tasveer mein kela hai?
415880,COCO_val2014_000000415880.jpg,Is there a car in the image?,no,adversarial,car,کیا تصویر میں کوئی کار ہے؟,Kya tasveer mein gaari hai?
415880,COCO_val2014_000000415880.jpg,Is there a chair in the image?,no,adversarial,chair,کیا تصویر میں کرسی ہے؟,Kya tasveer mein kursi hai?
415880,COCO_val2014_000000415880.jpg,Is there a book in the image?,no,adversarial,book,کیا تصویر میں کوئی کتاب ہے؟,Kya tasveer mein kitaab hai?
494550,COCO_val2014_000000494550.jpg,Is there a banana in the image?,yes,random,banana,کیا تصویر میں کیلا ہے؟,Kya tasveer mein kela hai?
494550,COCO_val2014_000000494550.jpg,Is there a apple in the image?,yes,random,apple,کیا تصویر میں ایک سیب ہے؟,Kya tasveer mein seb hai?
494550,COCO_val2014_000000494550.jpg,Is there a orange in the image?,yes,random,orange,کیا تصویر میں نارنجی ہے؟,Kya tasveer mein santara hai?
494550,COCO_val2014_000000494550.jpg,Is there a bed in the image?,no,random,bed,کیا تصویر میں کوئی بستر ہے؟,Kya tasveer mein bistar hai?
494550,COCO_val2014_000000494550.jpg,Is there a cat in the image?,no,random,cat,کیا تصویر میں بلی ہے؟,Kya tasveer mein billi hai?
494550,COCO_val2014_000000494550.jpg,Is there a tv in the image?,no,random,tv,کیا تصویر میں ٹی وی ہے؟,Kya tasveer mein tv hai?
494550,COCO_val2014_000000494550.jpg,Is there a orange in the image?,yes,popular,orange,کیا تصویر میں نارنجی ہے؟,Kya tasveer mein santara hai?
494550,COCO_val2014_000000494550.jpg,Is there a apple in the image?,yes,popular,apple,کیا تصویر میں ایک سیب ہے؟,Kya tasveer mein seb hai?
494550,COCO_val2014_000000494550.jpg,Is there a banana in the image?,yes,popular,banana,کیا تصویر میں کیلا ہے؟,Kya tasveer mein kela hai?
494550,COCO_val2014_000000494550.jpg,Is there a person in the image?,no,popular,person,کیا تصویر میں کوئی شخص ہے؟,Kya tasveer mein insaan hai?
494550,COCO_val2014_000000494550.jpg,Is there a car in the image?,no,popular,car,کیا تصویر میں کوئی کار ہے؟,Kya tasveer mein gaari hai?
494550,COCO_val2014_000000494550.jpg,Is there a chair in the image?,no,popular,chair,کیا تصویر میں کرسی ہے؟,Kya tasveer mein kursi hai?
494550,COCO_val2014_000000494550.jpg,Is there a apple in the image?,yes,adversarial,apple,کیا تصویر میں ایک سیب ہے؟,Kya tasveer mein seb hai?
494550,COCO_val2014_000000494550.jpg,Is there a orange in the image?,yes,adversarial,orange,کیا تصویر میں نارنجی ہے؟,Kya tasveer mein santara hai?
494550,COCO_val2014_000000494550.jpg,Is there a banana in the image?,yes,adversarial,banana,کیا تصویر میں کیلا ہے؟,Kya tasveer mein kela hai?
494550,COCO_val2014_000000494550.jpg,Is there a person in the image?,no,adversarial,person,کیا تصویر میں کوئی شخص ہے؟,Kya tasveer mein insaan hai?
494550,COCO_val2014_000000494550.jpg,Is there a car in the image?,no,adversarial,car,کیا تصویر میں کوئی کار ہے؟,Kya tasveer mein gaari hai?
494550,COCO_val2014_000000494550.jpg,Is there a chair in the image?,no,adversarial,chair,کیا تصویر میں کرسی ہے؟,Kya tasveer mein kursi hai?
89032,COCO_val2014_000000089032.jpg,Is there a tie in the image?,yes,random,tie,کیا تصویر میں ٹائی ہے؟,Kya tasveer mein tie hai?
89032,COCO_val2014_000000089032.jpg,Is there a umbrella in the image?,yes,random,umbrella,کیا تصویر میں چھتری ہے؟,Kya tasveer mein chhatri hai?
89032,COCO_val2014_000000089032.jpg,Is there a person in the image?,yes,random,person,کیا تصویر میں کوئی شخص ہے؟,Kya tasveer mein insaan hai?
89032,COCO_val2014_000000089032.jpg,Is there a bed in the image?,no,random,bed,کیا تصویر میں کوئی بستر ہے؟,Kya tasveer mein bistar hai?
89032,COCO_val2014_000000089032.jpg,Is there a bowl in the image?,no,random,bowl,کیا تصویر میں ایک پیالہ ہے؟,Kya tasveer mein bowl hai?
89032,COCO_val2014_000000089032.jpg,Is there a skateboard in the image?,no,random,skateboard,کیا تصویر میں اسکیٹ بورڈ ہے؟,Kya tasveer mein skateboard hai?
89032,COCO_val2014_000000089032.jpg,Is there a tie in the image?,yes,popular,tie,کیا تصویر میں ٹائی ہے؟,Kya tasveer mein tie hai?
89032,COCO_val2014_000000089032.jpg,Is there a person in the image?,yes,popular,person,کیا تصویر میں کوئی شخص ہے؟,Kya tasveer mein insaan hai?
89032,COCO_val2014_000000089032.jpg,Is there a umbrella in the image?,yes,popular,umbrella,کیا تصویر میں چھتری ہے؟,Kya tasveer mein chhatri hai?
89032,COCO_val2014_000000089032.jpg,Is there a chair in the image?,no,popular,chair,کیا تصویر میں کرسی ہے؟,Kya tasveer mein kursi hai?
89032,COCO_val2014_000000089032.jpg,Is there a book in the image?,no,popular,book,کیا تصویر میں کوئی کتاب ہے؟,Kya tasveer mein kitaab hai?
89032,COCO_val2014_000000089032.jpg,Is there a bottle in the image?,no,popular,bottle,کیا تصویر میں کوئی بوتل ہے؟,Kya tasveer mein botal hai?
89032,COCO_val2014_000000089032.jpg,Is there a tie in the image?,yes,adversarial,tie,کیا تصویر میں ٹائی ہے؟,Kya tasveer mein tie hai?
89032,COCO_val2014_000000089032.jpg,Is there a umbrella in the image?,yes,adversarial,umbrella,کیا تصویر میں چھتری ہے؟,Kya tasveer mein chhatri hai?
89032,COCO_val2014_000000089032.jpg,Is there a car in the image?,yes,adversarial,car,کیا تصویر میں کوئی کار ہے؟,Kya tasveer mein gaari hai?
89032,COCO_val2014_000000089032.jpg,Is there a chair in the image?,no,adversarial,chair,کیا تصویر میں کرسی ہے؟,Kya tasveer mein kursi hai?
89032,COCO_val2014_000000089032.jpg,Is there a book in the image?,no,adversarial,book,کیا تصویر میں کوئی کتاب ہے؟,Kya tasveer mein kitaab hai?
89032,COCO_val2014_000000089032.jpg,Is there a bottle in the image?,no,adversarial,bottle,کیا تصویر میں کوئی بوتل ہے؟,Kya tasveer mein botal hai?
110313,COCO_val2014_000000110313.jpg,Is there a handbag in the image?,yes,random,handbag,کیا تصویر میں ہینڈ بیگ ہے؟,Kya tasveer mein handbag hai?
110313,COCO_val2014_000000110313.jpg,Is there a person in the image?,yes,random,person,کیا تصویر میں کوئی شخص ہے؟,Kya tasveer mein insaan hai?
110313,COCO_val2014_000000110313.jpg,Is there a umbrella in the image?,yes,random,umbrella,کیا تصویر میں چھتری ہے؟,Kya tasveer mein chhatri hai?
110313,COCO_val2014_000000110313.jpg,Is there a laptop in the image?,no,random,laptop,کیا تصویر میں لیپ ٹاپ ہے؟,Kya tasveer mein laptop hai?
110313,COCO_val2014_000000110313.jpg,Is there a oven in the image?,no,random,oven,کیا تصویر میں تندور ہے؟,Kya tasveer mein oven hai?
110313,COCO_val2014_000000110313.jpg,Is there a bed in the image?,no,random,bed,کیا تصویر میں کوئی بستر ہے؟,Kya tasveer mein bistar hai?
110313,COCO_val2014_000000110313.jpg,Is there a umbrella in the image?,yes,popular,umbrella,کیا تصویر میں چھتری ہے؟,Kya tasveer mein chhatri hai?
110313,COCO_val2014_000000110313.jpg,Is there a person in the image?,yes,popular,person,کیا تصویر میں کوئی شخص ہے؟,Kya tasveer mein insaan hai?
110313,COCO_val2014_000000110313.jpg,Is there a handbag in the image?,yes,popular,handbag,کیا تصویر میں ہینڈ بیگ ہے؟,Kya tasveer mein handbag hai?
110313,COCO_val2014_000000110313.jpg,Is there a car in the image?,no,popular,car,کیا تصویر میں کوئی کار ہے؟,Kya tasveer mein gaari hai?
110313,COCO_val2014_000000110313.jpg,Is there a chair in the image?,no,popular,chair,کیا تصویر میں کرسی ہے؟,Kya tasveer mein kursi hai?
110313,COCO_val2014_000000110313.jpg,Is there a book in the image?,no,popular,book,کیا تصویر میں کوئی کتاب ہے؟,Kya tasveer mein kitaab hai?
110313,COCO_val2014_000000110313.jpg,Is there a handbag in the image?,yes,adversarial,handbag,کیا تصویر میں ہینڈ بیگ ہے؟,Kya tasveer mein handbag hai?
110313,COCO_val2014_000000110313.jpg,Is there a umbrella in the image?,yes,adversarial,umbrella,کیا تصویر میں چھتری ہے؟,Kya tasveer mein chhatri hai?
110313,COCO_val2014_000000110313.jpg,Is there a person in the image?,yes,adversarial,person,کیا تصویر میں کوئی شخص ہے؟,Kya tasveer mein insaan hai?
110313,COCO_val2014_000000110313.jpg,Is there a car in the image?,no,adversarial,car,کیا تصویر میں کوئی کار ہے؟,Kya tasveer mein gaari hai?
110313,COCO_val2014_000000110313.jpg,Is there a chair in the image?,no,adversarial,chair,کیا تصویر میں کرسی ہے؟,Kya tasveer mein kursi hai?
110313,COCO_val2014_000000110313.jpg,Is there a book in the image?,no,adversarial,book,کیا تصویر میں کوئی کتاب ہے؟,Kya tasveer mein kitaab hai?
444913,COCO_val2014_000000444913.jpg,Is there a frisbee in the image?,yes,random,frisbee,کیا تصویر میں فریسبی ہے؟,Kya tasveer mein frisbee hai?
444913,COCO_val2014_000000444913.jpg,Is there a car in the image?,yes,random,car,کیا تصویر میں کوئی کار ہے؟,Kya tasveer mein gaari hai?
444913,COCO_val2014_000000444913.jpg,Is there a person in the image?,yes,random,person,کیا تصویر میں کوئی شخص ہے؟,Kya tasveer mein insaan hai?
444913,COCO_val2014_000000444913.jpg,Is there a bowl in the image?,no,random,bowl,کیا تصویر میں ایک پیالہ ہے؟,Kya tasveer mein bowl hai?
444913,COCO_val2014_000000444913.jpg,Is there a spoon in the image?,no,random,spoon,کیا تصویر میں چمچ ہے؟,Kya tasveer mein chamach hai?
444913,COCO_val2014_000000444913.jpg,Is there a cat in the image?,no,random,cat,کیا تصویر میں بلی ہے؟,Kya tasveer mein billi hai?
444913,COCO_val2014_000000444913.jpg,Is there a person in the image?,yes,popular,person,کیا تصویر میں کوئی شخص ہے؟,Kya tasveer mein insaan hai?
444913,COCO_val2014_000000444913.jpg,Is there a frisbee in the image?,yes,popular,frisbee,کیا تصویر میں فریسبی ہے؟,Kya tasveer mein frisbee hai?
444913,COCO_val2014_000000444913.jpg,Is there a car in the image?,yes,popular,car,کیا تصویر میں کوئی کار ہے؟,Kya tasveer mein gaari hai?
444913,COCO_val2014_000000444913.jpg,Is there a chair in the image?,no,popular,chair,کیا تصویر میں کرسی ہے؟,Kya tasveer mein kursi hai?
444913,COCO_val2014_000000444913.jpg,Is there a book in the image?,no,popular,book,کیا تصویر میں کوئی کتاب ہے؟,Kya tasveer mein kitaab hai?
444913,COCO_val2014_000000444913.jpg,Is there a bottle in the image?,no,popular,bottle,کیا تصویر میں کوئی بوتل ہے؟,Kya tasveer mein botal hai?
444913,COCO_val2014_000000444913.jpg,Is there a car in the image?,yes,adversarial,car,کیا تصویر میں کوئی کار ہے؟,Kya tasveer mein gaari hai?
444913,COCO_val2014_000000444913.jpg,Is there a frisbee in the image?,yes,adversarial,frisbee,کیا تصویر میں فریسبی ہے؟,Kya tasveer mein frisbee hai?
444913,COCO_val2014_000000444913.jpg,Is there a person in the image?,yes,adversarial,person,کیا تصویر میں کوئی شخص ہے؟,Kya tasveer mein insaan hai?
444913,COCO_val2014_000000444913.jpg,Is there a chair in the image?,no,adversarial,chair,کیا تصویر میں کرسی ہے؟,Kya tasveer mein kursi hai?
444913,COCO_val2014_000000444913.jpg,Is there a book in the image?,no,adversarial,book,کیا تصویر میں کوئی کتاب ہے؟,Kya tasveer mein kitaab hai?
444913,COCO_val2014_000000444913.jpg,Is there a bottle in the image?,no,adversarial,bottle,کیا تصویر میں کوئی بوتل ہے؟,Kya tasveer mein botal hai?
153524,COCO_val2014_000000153524.jpg,Is there a mouse in the image?,yes,random,mouse,کیا تصویر میں کوئی چوہا ہے؟,Kya tasveer mein mouse hai?
153524,COCO_val2014_000000153524.jpg,Is there a keyboard in the image?,yes,random,keyboard,کیا تصویر میں کی بورڈ ہے؟,Kya tasveer mein keyboard hai?
153524,COCO_val2014_000000153524.jpg,Is there a tv in the image?,yes,random,tv,کیا تصویر میں ٹی وی ہے؟,Kya tasveer mein tv hai?
153524,COCO_val2014_000000153524.jpg,Is there a potted plant in the image?,no,random,potted plant,کیا تصویر میں کوئی پودا ہے؟,Kya tasveer mein gamla hai?
153524,COCO_val2014_000000153524.jpg,Is there a stop sign in the image?,no,random,stop sign,کیا تصویر میں سٹاپ کا نشان ہے؟,Kya tasveer mein stop sign hai?
153524,COCO_val2014_000000153524.jpg,Is there a wine glass in the image?,no,random,wine glass,کیا تصویر میں شراب کا گلاس ہے؟,Kya tasveer mein gilaas hai?
153524,COCO_val2014_000000153524.jpg,Is there a keyboard in the image?,yes,popular,keyboard,کیا تصویر میں کی بورڈ ہے؟,Kya tasveer mein keyboard hai?
153524,COCO_val2014_000000153524.jpg,Is there a mouse in the image?,yes,popular,mouse,کیا تصویر میں کوئی چوہا ہے؟,Kya tasveer mein mouse hai?
153524,COCO_val2014_000000153524.jpg,Is there a tv in the image?,yes,popular,tv,کیا تصویر میں ٹی وی ہے؟,Kya tasveer mein tv hai?
153524,COCO_val2014_000000153524.jpg,Is there a person in the image?,no,popular,person,کیا تصویر میں کوئی شخص ہے؟,Kya tasveer mein insaan hai?
153524,COCO_val2014_000000153524.jpg,Is there a car in the image?,no,popular,car,کیا تصویر میں کوئی کار ہے؟,Kya tasveer mein gaari hai?
153524,COCO_val2014_000000153524.jpg,Is there a chair in the image?,no,popular,chair,کیا تصویر میں کرسی ہے؟,Kya tasveer mein kursi hai?
153524,COCO_val2014_000000153524.jpg,Is there a keyboard in the image?,yes,adversarial,keyboard,کیا تصویر میں کی بورڈ ہے؟,Kya tasveer mein keyboard hai?
153524,COCO_val2014_000000153524.jpg,Is there a tv in the image?,yes,adversarial,tv,کیا تصویر میں ٹی وی ہے؟,Kya tasveer mein tv hai?
153524,COCO_val2014_000000153524.jpg,Is there a mouse in the image?,yes,adversarial,mouse,کیا تصویر میں کوئی چوہا ہے؟,Kya tasveer mein mouse hai?
153524,COCO_val2014_000000153524.jpg,Is there a person in the image?,no,adversarial,person,کیا تصویر میں کوئی شخص ہے؟,Kya tasveer mein insaan hai?
153524,COCO_val2014_000000153524.jpg,Is there a car in the image?,no,adversarial,car,کیا تصویر میں کوئی کار ہے؟,Kya tasveer mein gaari hai?
153524,COCO_val2014_000000153524.jpg,Is there a chair in the image?,no,adversarial,chair,کیا تصویر میں کرسی ہے؟,Kya tasveer mein kursi hai?
155687,COCO_val2014_000000155687.jpg,Is there a umbrella in the image?,yes,random,umbrella,کیا تصویر میں چھتری ہے؟,Kya tasveer mein chhatri hai?
155687,COCO_val2014_000000155687.jpg,Is there a person in the image?,yes,random,person,کیا تصویر میں کوئی شخص ہے؟,Kya tasveer mein insaan hai?
155687,COCO_val2014_000000155687.jpg,Is there a handbag in the image?,yes,random,handbag,کیا تصویر میں ہینڈ بیگ ہے؟,Kya tasveer mein handbag hai?
155687,COCO_val2014_000000155687.jpg,Is there a oven in the image?,no,random,oven,کیا تصویر میں تندور ہے؟,Kya tasveer mein oven hai?
155687,COCO_val2014_000000155687.jpg,Is there a orange in the image?,no,random,orange,کیا تصویر میں نارنجی ہے؟,Kya tasveer mein santara hai?
155687,COCO_val2014_000000155687.jpg,Is there a keyboard in the image?,no,random,keyboard,کیا تصویر میں کی بورڈ ہے؟,Kya tasveer mein keyboard hai?
155687,COCO_val2014_000000155687.jpg,Is there a handbag in the image?,yes,popular,handbag,کیا تصویر میں ہینڈ بیگ ہے؟,Kya tasveer mein handbag hai?
155687,COCO_val2014_000000155687.jpg,Is there a umbrella in the image?,yes,popular,umbrella,کیا تصویر میں چھتری ہے؟,Kya tasveer mein chhatri hai?
155687,COCO_val2014_000000155687.jpg,Is there a person in the image?,yes,popular,person,کیا تصویر میں کوئی شخص ہے؟,Kya tasveer mein insaan hai?
155687,COCO_val2014_000000155687.jpg,Is there a car in the image?,no,popular,car,کیا تصویر میں کوئی کار ہے؟,Kya tasveer mein gaari hai?
155687,COCO_val2014_000000155687.jpg,Is there a chair in the image?,no,popular,chair,کیا تصویر میں کرسی ہے؟,Kya tasveer mein kursi hai?
155687,COCO_val2014_000000155687.jpg,Is there a book in the image?,no,popular,book,کیا تصویر میں کوئی کتاب ہے؟,Kya tasveer mein kitaab hai?
155687,COCO_val2014_000000155687.jpg,Is there a person in the image?,yes,adversarial,person,کیا تصویر میں کوئی شخص ہے؟,Kya tasveer mein insaan hai?
155687,COCO_val2014_000000155687.jpg,Is there a umbrella in the image?,yes,adversarial,umbrella,کیا تصویر میں چھتری ہے؟,Kya tasveer mein chhatri hai?
155687,COCO_val2014_000000155687.jpg,Is there a handbag in the image?,yes,adversarial,handbag,کیا تصویر میں ہینڈ بیگ ہے؟,Kya tasveer mein handbag hai?
155687,COCO_val2014_000000155687.jpg,Is there a car in the image?,no,adversarial,car,کیا تصویر میں کوئی کار ہے؟,Kya tasveer mein gaari hai?
155687,COCO_val2014_000000155687.jpg,Is there a chair in the image?,no,adversarial,chair,کیا تصویر میں کرسی ہے؟,Kya tasveer mein kursi hai?
155687,COCO_val2014_000000155687.jpg,Is there a book in the image?,no,adversarial,book,کیا تصویر میں کوئی کتاب ہے؟,Kya tasveer mein kitaab hai?
65001,COCO_val2014_000000065001.jpg,Is there a car in the image?,yes,random,car,کیا تصویر میں کوئی کار ہے؟,Kya tasveer mein gaari hai?
65001,COCO_val2014_000000065001.jpg,Is there a motorcycle in the image?,yes,random,motorcycle,کیا تصویر میں کوئی موٹر سائیکل ہے؟,Kya tasveer mein motorcycle hai?
65001,COCO_val2014_000000065001.jpg,Is there a person in the image?,yes,random,person,کیا تصویر میں کوئی شخص ہے؟,Kya tasveer mein insaan hai?
65001,COCO_val2014_000000065001.jpg,Is there a sheep in the image?,no,random,sheep,کیا تصویر میں بھیڑ ہے؟,Kya tasveer mein bhed hai?
65001,COCO_val2014_000000065001.jpg,Is there a train in the image?,no,random,train,کیا تصویر میں ٹرین ہے؟,Kya tasveer mein train hai?
65001,COCO_val2014_000000065001.jpg,Is there a kite in the image?,no,random,kite,کیا تصویر میں پتنگ ہے؟,Kya tasveer mein patang hai?
65001,COCO_val2014_000000065001.jpg,Is there a motorcycle in the image?,yes,popular,motorcycle,کیا تصویر میں کوئی موٹر سائیکل ہے؟,Kya tasveer mein motorcycle hai?
65001,COCO_val2014_000000065001.jpg,Is there a person in the image?,yes,popular,person,کیا تصویر میں کوئی شخص ہے؟,Kya tasveer mein insaan hai?
65001,COCO_val2014_000000065001.jpg,Is there a car in the image?,yes,popular,car,کیا تصویر میں کوئی کار ہے؟,Kya tasveer mein gaari hai?
65001,COCO_val2014_000000065001.jpg,Is there a chair in the image?,no,popular,chair,کیا تصویر میں کرسی ہے؟,Kya tasveer mein kursi hai?
65001,COCO_val2014_000000065001.jpg,Is there a book in the image?,no,popular,book,کیا تصویر میں کوئی کتاب ہے؟,Kya tasveer mein kitaab hai?
65001,COCO_val2014_000000065001.jpg,Is there a bottle in the image?,no,popular,bottle,کیا تصویر میں کوئی بوتل ہے؟,Kya tasveer mein botal hai?
65001,COCO_val2014_000000065001.jpg,Is there a motorcycle in the image?,yes,adversarial,motorcycle,کیا تصویر میں کوئی موٹر سائیکل ہے؟,Kya tasveer mein motorcycle hai?
65001,COCO_val2014_000000065001.jpg,Is there a person in the image?,yes,adversarial,person,کیا تصویر میں کوئی شخص ہے؟,Kya tasveer mein insaan hai?
65001,COCO_val2014_000000065001.jpg,Is there a car in the image?,yes,adversarial,car,کیا تصویر میں کوئی کار ہے؟,Kya tasveer mein gaari hai?
65001,COCO_val2014_000000065001.jpg,Is there a chair in the image?,no,adversarial,chair,کیا تصویر میں کرسی ہے؟,Kya tasveer mein kursi hai?
65001,COCO_val2014_000000065001.jpg,Is there a book in the image?,no,adversarial,book,کیا تصویر میں کوئی کتاب ہے؟,Kya tasveer mein kitaab hai?
65001,COCO_val2014_000000065001.jpg,Is there a bottle in the image?,no,adversarial,bottle,کیا تصویر میں کوئی بوتل ہے؟,Kya tasveer mein botal hai?
428712,COCO_val2014_000000428712.jpg,Is there a dining table in the image?,yes,random,dining table,کیا تصویر میں کھانے کی میز ہے؟,Kya tasveer mein khane ki mez hai?
428712,COCO_val2014_000000428712.jpg,Is there a sandwich in the image?,yes,random,sandwich,کیا تصویر میں کوئی سینڈوچ ہے؟,Kya tasveer mein sandwich hai?
428712,COCO_val2014_000000428712.jpg,Is there a cake in the image?,yes,random,cake,کیا تصویر میں کیک ہے؟,Kya tasveer mein cake hai?
428712,COCO_val2014_000000428712.jpg,Is there a tv in the image?,no,random,tv,کیا تصویر میں ٹی وی ہے؟,Kya tasveer mein tv hai?
428712,COCO_val2014_000000428712.jpg,Is there a cat in the image?,no,random,cat,کیا تصویر میں بلی ہے؟,Kya tasveer mein billi hai?
428712,COCO_val2014_000000428712.jpg,Is there a cow in the image?,no,random,cow,کیا تصویر میں گائے ہے؟,Kya tasveer mein gaay hai?
428712,COCO_val2014_000000428712.jpg,Is there a cake in the image?,yes,popular,cake,کیا تصویر میں کیک ہے؟,Kya tasveer mein cake hai?
428712,COCO_val2014_000000428712.jpg,Is there a sandwich in the image?,yes,popular,sandwich,کیا تصویر میں کوئی سینڈوچ ہے؟,Kya tasveer mein sandwich hai?
428712,COCO_val2014_000000428712.jpg,Is there a dining table in the image?,yes,popular,dining table,کیا تصویر میں کھانے کی میز ہے؟,Kya tasveer mein khane ki mez hai?
428712,COCO_val2014_000000428712.jpg,Is there a person in the image?,no,popular,person,کیا تصویر میں کوئی شخص ہے؟,Kya tasveer mein insaan hai?
428712,COCO_val2014_000000428712.jpg,Is there a car in the image?,no,popular,car,کیا تصویر میں کوئی کار ہے؟,Kya tasveer mein gaari hai?
428712,COCO_val2014_000000428712.jpg,Is there a chair in the image?,no,popular,chair,کیا تصویر میں کرسی ہے؟,Kya tasveer mein kursi hai?
428712,COCO_val2014_000000428712.jpg,Is there a cake in the image?,yes,adversarial,cake,کیا تصویر میں کیک ہے؟,Kya tasveer mein cake hai?
428712,COCO_val2014_000000428712.jpg,Is there a sandwich in the image?,yes,adversarial,sandwich,کیا تصویر میں کوئی سینڈوچ ہے؟,Kya tasveer mein sandwich hai?
428712,COCO_val2014_000000428712.jpg,Is there a dining table in the image?,yes,adversarial,dining table,کیا تصویر میں کھانے کی میز ہے؟,Kya tasveer mein khane ki mez hai?
428712,COCO_val2014_000000428712.jpg,Is there a person in the image?,no,adversarial,person,کیا تصویر میں کوئی شخص ہے؟,Kya tasveer mein insaan hai?
428712,COCO_val2014_000000428712.jpg,Is there a car in the image?,no,adversarial,car,کیا تصویر میں کوئی کار ہے؟,Kya tasveer mein gaari hai?
428712,COCO_val2014_000000428712.jpg,Is there a chair in the image?,no,adversarial,chair,کیا تصویر میں کرسی ہے؟,Kya tasveer mein kursi hai?
131280,COCO_val2014_000000131280.jpg,Is there a baseball glove in the image?,yes,random,baseball glove,کیا تصویر میں بیس بال کا دستانہ ہے؟,Kya tasveer mein baseball ka dastaana hai?
131280,COCO_val2014_000000131280.jpg,Is there a sports ball in the image?,yes,random,sports ball,کیا تصویر میں کھیلوں کی گیند ہے؟,Kya tasveer mein khel ka gend hai?
131280,COCO_val2014_000000131280.jpg,Is there a person in the image?,yes,random,person,کیا تصویر میں کوئی شخص ہے؟,Kya tasveer mein insaan hai?
131280,COCO_val2014_000000131280.jpg,Is there a pizza in the image?,no,random,pizza,کیا تصویر میں پیزا ہے؟,Kya tasveer mein pizza hai?
131280,COCO_val2014_000000131280.jpg,Is there a handbag in the image?,no,random,handbag,کیا تصویر میں ہینڈ بیگ ہے؟,Kya tasveer mein handbag hai?
131280,COCO_val2014_000000131280.jpg,Is there a oven in the image?,no,random,oven,کیا تصویر میں تندور ہے؟,Kya tasveer mein oven hai?
131280,COCO_val2014_000000131280.jpg,Is there a baseball glove in the image?,yes,popular,baseball glove,کیا تصویر میں بیس بال کا دستانہ ہے؟,Kya tasveer mein baseball ka dastaana hai?
131280,COCO_val2014_000000131280.jpg,Is there a person in the image?,yes,popular,person,کیا تصویر میں کوئی شخص ہے؟,Kya tasveer mein insaan hai?
131280,COCO_val2014_000000131280.jpg,Is there a sports ball in the image?,yes,popular,sports ball,کیا تصویر میں کھیلوں کی گیند ہے؟,Kya tasveer mein khel ka gend hai?
131280,COCO_val2014_000000131280.jpg,Is there a car in the image?,no,popular,car,کیا تصویر میں کوئی کار ہے؟,Kya tasveer mein gaari hai?
131280,COCO_val2014_000000131280.jpg,Is there a chair in the image?,no,popular,chair,کیا تصویر میں کرسی ہے؟,Kya tasveer mein kursi hai?
131280,COCO_val2014_000000131280.jpg,Is there a book in the image?,no,popular,book,کیا تصویر میں کوئی کتاب ہے؟,Kya tasveer mein kitaab hai?
131280,COCO_val2014_000000131280.jpg,Is there a sports ball in the image?,yes,adversarial,sports ball,کیا تصویر میں کھیلوں کی گیند ہے؟,Kya tasveer mein khel ka gend hai?
131280,COCO_val2014_000000131280.jpg,Is there a baseball glove in the image?,yes,adversarial,baseball glove,کیا تصویر میں بیس بال کا دستانہ ہے؟,Kya tasveer mein baseball ka dastaana hai?
131280,COCO_val2014_000000131280.jpg,Is there a umbrella in the image?,yes,adversarial,umbrella,کیا تصویر میں چھتری ہے؟,Kya tasveer mein chhatri hai?
131280,COCO_val2014_000000131280.jpg,Is there a car in the image?,no,adversarial,car,کیا تصویر میں کوئی کار ہے؟,Kya tasveer mein gaari hai?
131280,COCO_val2014_000000131280.jpg,Is there a chair in the image?,no,adversarial,chair,کیا تصویر میں کرسی ہے؟,Kya tasveer mein kursi hai?
131280,COCO_val2014_000000131280.jpg,Is there a book in the image?,no,adversarial,book,کیا تصویر میں کوئی کتاب ہے؟,Kya tasveer mein kitaab hai?
375285,COCO_val2014_000000375285.jpg,Is there a person in the image?,yes,random,person,کیا تصویر میں کوئی شخص ہے؟,Kya tasveer mein insaan hai?
375285,COCO_val2014_000000375285.jpg,Is there a backpack in the image?,yes,random,backpack,کیا تصویر میں کوئی بیگ ہے؟,Kya tasveer mein bag hai?
375285,COCO_val2014_000000375285.jpg,Is there a surfboard in the image?,yes,random,surfboard,کیا تصویر میں کوئی سرف بورڈ ہے؟,Kya tasveer mein surfboard hai?
375285,COCO_val2014_000000375285.jpg,Is there a hair drier in the image?,no,random,hair drier,کیا تصویر میں ہیئر ڈرائر ہے؟,Kya tasveer mein hair drier hai?
375285,COCO_val2014_000000375285.jpg,Is there a teddy bear in the image?,no,random,teddy bear,کیا تصویر میں کوئی ٹیڈی بیر ہے؟,Kya tasveer mein teddy bear hai?
375285,COCO_val2014_000000375285.jpg,Is there a remote in the image?,no,random,remote,کیا تصویر میں کوئی ریموٹ ہے؟,Kya tasveer mein remote hai?
375285,COCO_val2014_000000375285.jpg,Is there a person in the image?,yes,popular,person,کیا تصویر میں کوئی شخص ہے؟,Kya tasveer mein insaan hai?
375285,COCO_val2014_000000375285.jpg,Is there a backpack in the image?,yes,popular,backpack,کیا تصویر میں کوئی بیگ ہے؟,Kya tasveer mein bag hai?
375285,COCO_val2014_000000375285.jpg,Is there a surfboard in the image?,yes,popular,surfboard,کیا تصویر میں کوئی سرف بورڈ ہے؟,Kya tasveer mein surfboard hai?
375285,COCO_val2014_000000375285.jpg,Is there a car in the image?,no,popular,car,کیا تصویر میں کوئی کار ہے؟,Kya tasveer mein gaari hai?
375285,COCO_val2014_000000375285.jpg,Is there a chair in the image?,no,popular,chair,کیا تصویر میں کرسی ہے؟,Kya tasveer mein kursi hai?
375285,COCO_val2014_000000375285.jpg,Is there a book in the image?,no,popular,book,کیا تصویر میں کوئی کتاب ہے؟,Kya tasveer mein kitaab hai?
375285,COCO_val2014_000000375285.jpg,Is there a backpack in the image?,yes,adversarial,backpack,کیا تصویر میں کوئی بیگ ہے؟,Kya tasveer mein bag hai?
375285,COCO_val2014_000000375285.jpg,Is there a surfboard in the image?,yes,adversarial,surfboard,کیا تصویر میں کوئی سرف بورڈ ہے؟,Kya tasveer mein surfboard hai?
375285,COCO_val2014_000000375285.jpg,Is there a person in the image?,yes,adversarial,person,کیا تصویر میں کوئی شخص ہے؟,Kya tasveer mein insaan hai?
375285,COCO_val2014_000000375285.jpg,Is there a car in the image?,no,adversarial,car,کیا تصویر میں کوئی کار ہے؟,Kya tasveer mein gaari hai?
375285,COCO_val2014_000000375285.jpg,Is there a chair in the image?,no,adversarial,chair,کیا تصویر میں کرسی ہے؟,Kya tasveer mein kursi hai?
375285,COCO_val2014_000000375285.jpg,Is there a book in the image?,no,adversarial,book,کیا تصویر میں کوئی کتاب ہے؟,Kya tasveer mein kitaab hai?
403177,COCO_val2014_000000403177.jpg,Is there a dining table in the image?,yes,random,dining table,کیا تصویر میں کھانے کی میز ہے؟,Kya tasveer mein khane ki mez hai?
403177,COCO_val2014_000000403177.jpg,Is there a sandwich in the image?,yes,random,sandwich,کیا تصویر میں کوئی سینڈوچ ہے؟,Kya tasveer mein sandwich hai?
403177,COCO_val2014_000000403177.jpg,Is there a person in the image?,yes,random,person,کیا تصویر میں کوئی شخص ہے؟,Kya tasveer mein insaan hai?
403177,COCO_val2014_000000403177.jpg,Is there a snowboard in the image?,no,random,snowboard,کیا تصویر میں سنو بورڈ ہے؟,Kya tasveer mein snowboard hai?
403177,COCO_val2014_000000403177.jpg,Is there a scissors in the image?,no,random,scissors,کیا تصویر میں قینچی ہے؟,Kya tasveer mein qainchi hai?
403177,COCO_val2014_000000403177.jpg,Is there a carrot in the image?,no,random,carrot,کیا تصویر میں گاجر ہے؟,Kya tasveer mein gajar hai?
403177,COCO_val2014_000000403177.jpg,Is there a person in the image?,yes,popular,person,کیا تصویر میں کوئی شخص ہے؟,Kya tasveer mein insaan hai?
403177,COCO_val2014_000000403177.jpg,Is there a dining table in the image?,yes,popular,dining table,کیا تصویر میں کھانے کی میز ہے؟,Kya tasveer mein khane ki mez hai?
403177,COCO_val2014_000000403177.jpg,Is there a sandwich in the image?,yes,popular,sandwich,کیا تصویر میں کوئی سینڈوچ ہے؟,Kya tasveer mein sandwich hai?
403177,COCO_val2014_000000403177.jpg,Is there a car in the image?,no,popular,car,کیا تصویر میں کوئی کار ہے؟,Kya tasveer mein gaari hai?
403177,COCO_val2014_000000403177.jpg,Is there a chair in the image?,no,popular,chair,کیا تصویر میں کرسی ہے؟,Kya tasveer mein kursi hai?
403177,COCO_val2014_000000403177.jpg,Is there a book in the image?,no,popular,book,کیا تصویر میں کوئی کتاب ہے؟,Kya tasveer mein kitaab hai?
403177,COCO_val2014_000000403177.jpg,Is there a dining table in the image?,yes,adversarial,dining table,کیا تصویر میں کھانے کی میز ہے؟,Kya tasveer mein khane ki mez hai?
403177,COCO_val2014_000000403177.jpg,Is there a sandwich in the image?,yes,adversarial,sandwich,کیا تصویر میں کوئی سینڈوچ ہے؟,Kya tasveer mein sandwich hai?
403177,COCO_val2014_000000403177.jpg,Is there a person in the image?,yes,adversarial,person,کیا تصویر میں کوئی شخص ہے؟,Kya tasveer mein insaan hai?
403177,COCO_val2014_000000403177.jpg,Is there a car in the image?,no,adversarial,car,کیا تصویر میں کوئی کار ہے؟,Kya tasveer mein gaari hai?
403177,COCO_val2014_000000403177.jpg,Is there a chair in the image?,no,adversarial,chair,کیا تصویر میں کرسی ہے؟,Kya tasveer mein kursi hai?
403177,COCO_val2014_000000403177.jpg,Is there a book in the image?,no,adversarial,book,کیا تصویر میں کوئی کتاب ہے؟,Kya tasveer mein kitaab hai?
520047,COCO_val2014_000000520047.jpg,Is there a truck in the image?,yes,random,truck,کیا تصویر میں کوئی ٹرک ہے؟,Kya tasveer mein truck hai?
520047,COCO_val2014_000000520047.jpg,Is there a person in the image?,yes,random,person,کیا تصویر میں کوئی شخص ہے؟,Kya tasveer mein insaan hai?
520047,COCO_val2014_000000520047.jpg,Is there a train in the image?,yes,random,train,کیا تصویر میں ٹرین ہے؟,Kya tasveer mein train hai?
520047,COCO_val2014_000000520047.jpg,Is there a boat in the image?,no,random,boat,کیا تصویر میں کوئی کشتی ہے؟,Kya tasveer mein kashti hai?
520047,COCO_val2014_000000520047.jpg,Is there a bear in the image?,no,random,bear,کیا تصویر میں ریچھ ہے؟,Kya tasveer mein bhalu hai?
520047,COCO_val2014_000000520047.jpg,Is there a oven in the image?,no,random,oven,کیا تصویر میں تندور ہے؟,Kya tasveer mein oven hai?
520047,COCO_val2014_000000520047.jpg,Is there a train in the image?,yes,popular,train,کیا تصویر میں ٹرین ہے؟,Kya tasveer mein train hai?
520047,COCO_val2014_000000520047.jpg,Is there a traffic light in the image?,yes,popular,traffic light,کیا تصویر میں ٹریفک لائٹ ہے؟,Kya tasveer mein traffic signal hai?
520047,COCO_val2014_000000520047.jpg,Is there a car in the image?,yes,popular,car,کیا تصویر میں کوئی کار ہے؟,Kya tasveer mein gaari hai?
520047,COCO_val2014_000000520047.jpg,Is there a chair in the image?,no,popular,chair,کیا تصویر میں کرسی ہے؟,Kya tasveer mein kursi hai?
520047,COCO_val2014_000000520047.jpg,Is there a book in the image?,no,popular,book,کیا تصویر میں کوئی کتاب ہے؟,Kya tasveer mein kitaab hai?
520047,COCO_val2014_000000520047.jpg,Is there a bottle in the image?,no,popular,bottle,کیا تصویر میں کوئی بوتل ہے؟,Kya tasveer mein botal hai?
520047,COCO_val2014_000000520047.jpg,Is there a truck in the image?,yes,adversarial,truck,کیا تصویر میں کوئی ٹرک ہے؟,Kya tasveer mein truck hai?
520047,COCO_val2014_000000520047.jpg,Is there a car in the image?,yes,adversarial,car,کیا تصویر میں کوئی کار ہے؟,Kya tasveer mein gaari hai?
520047,COCO_val2014_000000520047.jpg,Is there a traffic light in the image?,yes,adversarial,traffic light,کیا تصویر میں ٹریفک لائٹ ہے؟,Kya tasveer mein traffic signal hai?
520047,COCO_val2014_000000520047.jpg,Is there a chair in the image?,no,adversarial,chair,کیا تصویر میں کرسی ہے؟,Kya tasveer mein kursi hai?
520047,COCO_val2014_000000520047.jpg,Is there a book in the image?,no,adversarial,book,کیا تصویر میں کوئی کتاب ہے؟,Kya tasveer mein kitaab hai?
520047,COCO_val2014_000000520047.jpg,Is there a bottle in the image?,no,adversarial,bottle,کیا تصویر میں کوئی بوتل ہے؟,Kya tasveer mein botal hai?
520659,COCO_val2014_000000520659.jpg,Is there a surfboard in the image?,yes,random,surfboard,کیا تصویر میں کوئی سرف بورڈ ہے؟,Kya tasveer mein surfboard hai?
520659,COCO_val2014_000000520659.jpg,Is there a person in the image?,yes,random,person,کیا تصویر میں کوئی شخص ہے؟,Kya tasveer mein insaan hai?
520659,COCO_val2014_000000520659.jpg,Is there a umbrella in the image?,yes,random,umbrella,کیا تصویر میں چھتری ہے؟,Kya tasveer mein chhatri hai?
520659,COCO_val2014_000000520659.jpg,Is there a cake in the image?,no,random,cake,کیا تصویر میں کیک ہے؟,Kya tasveer mein cake hai?
520659,COCO_val2014_000000520659.jpg,Is there a elephant in the image?,no,random,elephant,کیا تصویر میں ہاتھی ہے؟,Kya tasveer mein haathi hai?
520659,COCO_val2014_000000520659.jpg,Is there a fire hydrant in the image?,no,random,fire hydrant,کیا تصویر میں فائر ہائیڈرنٹ ہے؟,Kya tasveer mein fire hydrant hai?
520659,COCO_val2014_000000520659.jpg,Is there a surfboard in the image?,yes,popular,surfboard,کیا تصویر میں کوئی سرف بورڈ ہے؟,Kya tasveer mein surfboard hai?
520659,COCO_val2014_000000520659.jpg,Is there a chair in the image?,yes,popular,chair,کیا تصویر میں کرسی ہے؟,Kya tasveer mein kursi hai?
520659,COCO_val2014_000000520659.jpg,Is there a umbrella in the image?,yes,popular,umbrella,کیا تصویر میں چھتری ہے؟,Kya tasveer mein chhatri hai?
520659,COCO_val2014_000000520659.jpg,Is there a car in the image?,no,popular,car,کیا تصویر میں کوئی کار ہے؟,Kya tasveer mein gaari hai?
520659,COCO_val2014_000000520659.jpg,Is there a book in the image?,no,popular,book,کیا تصویر میں کوئی کتاب ہے؟,Kya tasveer mein kitaab hai?
520659,COCO_val2014_000000520659.jpg,Is there a bottle in the image?,no,popular,bottle,کیا تصویر میں کوئی بوتل ہے؟,Kya tasveer mein botal hai?
520659,COCO_val2014_000000520659.jpg,Is there a surfboard in the image?,yes,adversarial,surfboard,کیا تصویر میں کوئی سرف بورڈ ہے؟,Kya tasveer mein surfboard hai?
520659,COCO_val2014_000000520659.jpg,Is there a umbrella in the image?,yes,adversarial,umbrella,کیا تصویر میں چھتری ہے؟,Kya tasveer mein chhatri hai?
520659,COCO_val2014_000000520659.jpg,Is there a person in the image?,yes,adversarial,person,کیا تصویر میں کوئی شخص ہے؟,Kya tasveer mein insaan hai?
520659,COCO_val2014_000000520659.jpg,Is there a car in the image?,no,adversarial,car,کیا تصویر میں کوئی کار ہے؟,Kya tasveer mein gaari hai?
520659,COCO_val2014_000000520659.jpg,Is there a book in the image?,no,adversarial,book,کیا تصویر میں کوئی کتاب ہے؟,Kya tasveer mein kitaab hai?
520659,COCO_val2014_000000520659.jpg,Is there a bottle in the image?,no,adversarial,bottle,کیا تصویر میں کوئی بوتل ہے؟,Kya tasveer mein botal hai?
564743,COCO_val2014_000000564743.jpg,Is there a skis in the image?,yes,random,skis,کیا تصویر میں کوئی سکی ہے؟,Kya tasveer mein skis hai?
564743,COCO_val2014_000000564743.jpg,Is there a snowboard in the image?,yes,random,snowboard,کیا تصویر میں سنو بورڈ ہے؟,Kya tasveer mein snowboard hai?
564743,COCO_val2014_000000564743.jpg,Is there a backpack in the image?,yes,random,backpack,کیا تصویر میں کوئی بیگ ہے؟,Kya tasveer mein bag hai?
564743,COCO_val2014_000000564743.jpg,Is there a spoon in the image?,no,random,spoon,کیا تصویر میں چمچ ہے؟,Kya tasveer mein chamach hai?
564743,COCO_val2014_000000564743.jpg,Is there a keyboard in the image?,no,random,keyboard,کیا تصویر میں کی بورڈ ہے؟,Kya tasveer mein keyboard hai?
564743,COCO_val2014_000000564743.jpg,Is there a book in the image?,no,random,book,کیا تصویر میں کوئی کتاب ہے؟,Kya tasveer mein kitaab hai?
564743,COCO_val2014_000000564743.jpg,Is there a person in the image?,yes,popular,person,کیا تصویر میں کوئی شخص ہے؟,Kya tasveer mein insaan hai?
564743,COCO_val2014_000000564743.jpg,Is there a skis in the image?,yes,popular,skis,کیا تصویر میں کوئی سکی ہے؟,Kya tasveer mein skis hai?
564743,COCO_val2014_000000564743.jpg,Is there a snowboard in the image?,yes,popular,snowboard,کیا تصویر میں سنو بورڈ ہے؟,Kya tasveer mein snowboard hai?
564743,COCO_val2014_000000564743.jpg,Is there a car in the image?,no,popular,car,کیا تصویر میں کوئی کار ہے؟,Kya tasveer mein gaari hai?
564743,COCO_val2014_000000564743.jpg,Is there a chair in the image?,no,popular,chair,کیا تصویر میں کرسی ہے؟,Kya tasveer mein kursi hai?
564743,COCO_val2014_000000564743.jpg,Is there a book in the image?,no,popular,book,کیا تصویر میں کوئی کتاب ہے؟,Kya tasveer mein kitaab hai?
564743,COCO_val2014_000000564743.jpg,Is there a backpack in the image?,yes,adversarial,backpack,کیا تصویر میں کوئی بیگ ہے؟,Kya tasveer mein bag hai?
564743,COCO_val2014_000000564743.jpg,Is there a skis in the image?,yes,adversarial,skis,کیا تصویر میں کوئی سکی ہے؟,Kya tasveer mein skis hai?
564743,COCO_val2014_000000564743.jpg,Is there a snowboard in the image?,yes,adversarial,snowboard,کیا تصویر میں سنو بورڈ ہے؟,Kya tasveer mein snowboard hai?
564743,COCO_val2014_000000564743.jpg,Is there a car in the image?,no,adversarial,car,کیا تصویر میں کوئی کار ہے؟,Kya tasveer mein gaari hai?
564743,COCO_val2014_000000564743.jpg,Is there a chair in the image?,no,adversarial,chair,کیا تصویر میں کرسی ہے؟,Kya tasveer mein kursi hai?
564743,COCO_val2014_000000564743.jpg,Is there a book in the image?,no,adversarial,book,کیا تصویر میں کوئی کتاب ہے؟,Kya tasveer mein kitaab hai?
36942,COCO_val2014_000000036942.jpg,Is there a couch in the image?,yes,random,couch,کیا تصویر میں صوفہ ہے؟,Kya tasveer mein sofa hai?
36942,COCO_val2014_000000036942.jpg,Is there a cat in the image?,yes,random,cat,کیا تصویر میں بلی ہے؟,Kya tasveer mein billi hai?
36942,COCO_val2014_000000036942.jpg,Is there a laptop in the image?,yes,random,laptop,کیا تصویر میں لیپ ٹاپ ہے؟,Kya tasveer mein laptop hai?
36942,COCO_val2014_000000036942.jpg,Is there a bench in the image?,no,random,bench,کیا تصویر میں کوئی بینچ ہے؟,Kya tasveer mein bench hai?
36942,COCO_val2014_000000036942.jpg,Is there a bed in the image?,no,random,bed,کیا تصویر میں کوئی بستر ہے؟,Kya tasveer mein bistar hai?
36942,COCO_val2014_000000036942.jpg,Is there a giraffe in the image?,no,random,giraffe,کیا تصویر میں زرافہ ہے؟,Kya tasveer mein zaraafa hai?
36942,COCO_val2014_000000036942.jpg,Is there a person in the image?,yes,popular,person,کیا تصویر میں کوئی شخص ہے؟,Kya tasveer mein insaan hai?
36942,COCO_val2014_000000036942.jpg,Is there a cat in the image?,yes,popular,cat,کیا تصویر میں بلی ہے؟,Kya tasveer mein billi hai?
36942,COCO_val2014_000000036942.jpg,Is there a keyboard in the image?,yes,popular,keyboard,کیا تصویر میں کی بورڈ ہے؟,Kya tasveer mein keyboard hai?
36942,COCO_val2014_000000036942.jpg,Is there a car in the image?,no,popular,car,کیا تصویر میں کوئی کار ہے؟,Kya tasveer mein gaari hai?
36942,COCO_val2014_000000036942.jpg,Is there a chair in the image?,no,popular,chair,کیا تصویر میں کرسی ہے؟,Kya tasveer mein kursi hai?
36942,COCO_val2014_000000036942.jpg,Is there a book in the image?,no,popular,book,کیا تصویر میں کوئی کتاب ہے؟,Kya tasveer mein kitaab hai?
36942,COCO_val2014_000000036942.jpg,Is there a person in the image?,yes,adversarial,person,کیا تصویر میں کوئی شخص ہے؟,Kya tasveer mein insaan hai?
36942,COCO_val2014_000000036942.jpg,Is there a cat in the image?,yes,adversarial,cat,کیا تصویر میں بلی ہے؟,Kya tasveer mein billi hai?
36942,COCO_val2014_000000036942.jpg,Is there a couch in the image?,yes,adversarial,couch,کیا تصویر میں صوفہ ہے؟,Kya tasveer mein sofa hai?
36942,COCO_val2014_000000036942.jpg,Is there a car in the image?,no,adversarial,car,کیا تصویر میں کوئی کار ہے؟,Kya tasveer mein gaari hai?
36942,COCO_val2014_000000036942.jpg,Is there a chair in the image?,no,adversarial,chair,کیا تصویر میں کرسی ہے؟,Kya tasveer mein kursi hai?
36942,COCO_val2014_000000036942.jpg,Is there a book in the image?,no,adversarial,book,کیا تصویر میں کوئی کتاب ہے؟,Kya tasveer mein kitaab hai?
73445,COCO_val2014_000000073445.jpg,Is there a car in the image?,yes,random,car,کیا تصویر میں کوئی کار ہے؟,Kya tasveer mein gaari hai?
73445,COCO_val2014_000000073445.jpg,Is there a horse in the image?,yes,random,horse,کیا تصویر میں گھوڑا ہے؟,Kya tasveer mein ghora hai?
73445,COCO_val2014_000000073445.jpg,Is there a person in the image?,yes,random,person,کیا تصویر میں کوئی شخص ہے؟,Kya tasveer mein insaan hai?
73445,COCO_val2014_000000073445.jpg,Is there a bear in the image?,no,random,bear,کیا تصویر میں ریچھ ہے؟,Kya tasveer mein bhalu hai?
73445,COCO_val2014_000000073445.jpg,Is there a baseball bat in the image?,no,random,baseball bat,کیا تصویر میں بیس بال کا بیٹ ہے؟,Kya tasveer mein baseball ka balla hai?
73445,COCO_val2014_000000073445.jpg,Is there a toaster in the image?,no,random,toaster,کیا تصویر میں ٹوسٹر ہے؟,Kya tasveer mein toaster hai?
73445,COCO_val2014_000000073445.jpg,Is there a car in the image?,yes,popular,car,کیا تصویر میں کوئی کار ہے؟,Kya tasveer mein gaari hai?
73445,COCO_val2014_000000073445.jpg,Is there a person in the image?,yes,popular,person,کیا تصویر میں کوئی شخص ہے؟,Kya tasveer mein insaan hai?
73445,COCO_val2014_000000073445.jpg,Is there a horse in the image?,yes,popular,horse,کیا تصویر میں گھوڑا ہے؟,Kya tasveer mein ghora hai?
73445,COCO_val2014_000000073445.jpg,Is there a chair in the image?,no,popular,chair,کیا تصویر میں کرسی ہے؟,Kya tasveer mein kursi hai?
73445,COCO_val2014_000000073445.jpg,Is there a book in the image?,no,popular,book,کیا تصویر میں کوئی کتاب ہے؟,Kya tasveer mein kitaab hai?
73445,COCO_val2014_000000073445.jpg,Is there a bottle in the image?,no,popular,bottle,کیا تصویر میں کوئی بوتل ہے؟,Kya tasveer mein botal hai?
73445,COCO_val2014_000000073445.jpg,Is there a person in the image?,yes,adversarial,person,کیا تصویر میں کوئی شخص ہے؟,Kya tasveer mein insaan hai?
73445,COCO_val2014_000000073445.jpg,Is there a horse in the image?,yes,adversarial,horse,کیا تصویر میں گھوڑا ہے؟,Kya tasveer mein ghora hai?
73445,COCO_val2014_000000073445.jpg,Is there a car in the image?,yes,adversarial,car,کیا تصویر میں کوئی کار ہے؟,Kya tasveer mein gaari hai?
73445,COCO_val2014_000000073445.jpg,Is there a chair in the image?,no,adversarial,chair,کیا تصویر میں کرسی ہے؟,Kya tasveer mein kursi hai?
73445,COCO_val2014_000000073445.jpg,Is there a book in the image?,no,adversarial,book,کیا تصویر میں کوئی کتاب ہے؟,Kya tasveer mein kitaab hai?
73445,COCO_val2014_000000073445.jpg,Is there a bottle in the image?,no,adversarial,bottle,کیا تصویر میں کوئی بوتل ہے؟,Kya tasveer mein botal hai?
50350,COCO_val2014_000000050350.jpg,Is there a bowl in the image?,yes,random,bowl,کیا تصویر میں ایک پیالہ ہے؟,Kya tasveer mein bowl hai?
50350,COCO_val2014_000000050350.jpg,Is there a toilet in the image?,yes,random,toilet,کیا تصویر میں بیت الخلا ہے؟,Kya tasveer mein toilet hai?
50350,COCO_val2014_000000050350.jpg,Is there a vase in the image?,yes,random,vase,کیا تصویر میں گلدان ہے؟,Kya tasveer mein phool daani hai?
50350,COCO_val2014_000000050350.jpg,Is there a teddy bear in the image?,no,random,teddy bear,کیا تصویر میں کوئی ٹیڈی بیر ہے؟,Kya tasveer mein teddy bear hai?
50350,COCO_val2014_000000050350.jpg,Is there a sheep in the image?,no,random,sheep,کیا تصویر میں بھیڑ ہے؟,Kya tasveer mein bhed hai?
50350,COCO_val2014_000000050350.jpg,Is there a frisbee in the image?,no,random,frisbee,کیا تصویر میں فریسبی ہے؟,Kya tasveer mein frisbee hai?
50350,COCO_val2014_000000050350.jpg,Is there a vase in the image?,yes,popular,vase,کیا تصویر میں گلدان ہے؟,Kya tasveer mein phool daani hai?
50350,COCO_val2014_000000050350.jpg,Is there a bowl in the image?,yes,popular,bowl,کیا تصویر میں ایک پیالہ ہے؟,Kya tasveer mein bowl hai?
50350,COCO_val2014_000000050350.jpg,Is there a toilet in the image?,yes,popular,toilet,کیا تصویر میں بیت الخلا ہے؟,Kya tasveer mein toilet hai?
50350,COCO_val2014_000000050350.jpg,Is there a person in the image?,no,popular,person,کیا تصویر میں کوئی شخص ہے؟,Kya tasveer mein insaan hai?
50350,COCO_val2014_000000050350.jpg,Is there a car in the image?,no,popular,car,کیا تصویر میں کوئی کار ہے؟,Kya tasveer mein gaari hai?
50350,COCO_val2014_000000050350.jpg,Is there a chair in the image?,no,popular,chair,کیا تصویر میں کرسی ہے؟,Kya tasveer mein kursi hai?
50350,COCO_val2014_000000050350.jpg,Is there a vase in the image?,yes,adversarial,vase,کیا تصویر میں گلدان ہے؟,Kya tasveer mein phool daani hai?
50350,COCO_val2014_000000050350.jpg,Is there a toilet in the image?,yes,adversarial,toilet,کیا تصویر میں بیت الخلا ہے؟,Kya tasveer mein toilet hai?
50350,COCO_val2014_000000050350.jpg,Is there a bowl in the image?,yes,adversarial,bowl,کیا تصویر میں ایک پیالہ ہے؟,Kya tasveer mein bowl hai?
50350,COCO_val2014_000000050350.jpg,Is there a person in the image?,no,adversarial,person,کیا تصویر میں کوئی شخص ہے؟,Kya tasveer mein insaan hai?
50350,COCO_val2014_000000050350.jpg,Is there a car in the image?,no,adversarial,car,کیا تصویر میں کوئی کار ہے؟,Kya tasveer mein gaari hai?
50350,COCO_val2014_000000050350.jpg,Is there a chair in the image?,no,adversarial,chair,کیا تصویر میں کرسی ہے؟,Kya tasveer mein kursi hai?
8333,COCO_val2014_000000008333.jpg,Is there a train in the image?,yes,random,train,کیا تصویر میں ٹرین ہے؟,Kya tasveer mein train hai?
8333,COCO_val2014_000000008333.jpg,Is there a traffic light in the image?,yes,random,traffic light,کیا تصویر میں ٹریفک لائٹ ہے؟,Kya tasveer mein traffic signal hai?
8333,COCO_val2014_000000008333.jpg,Is there a car in the image?,yes,random,car,کیا تصویر میں کوئی کار ہے؟,Kya tasveer mein gaari hai?
8333,COCO_val2014_000000008333.jpg,Is there a bench in the image?,no,random,bench,کیا تصویر میں کوئی بینچ ہے؟,Kya tasveer mein bench hai?
8333,COCO_val2014_000000008333.jpg,Is there a dining table in the image?,no,random,dining table,کیا تصویر میں کھانے کی میز ہے؟,Kya tasveer mein khane ki mez hai?
8333,COCO_val2014_000000008333.jpg,Is there a sandwich in the image?,no,random,sandwich,کیا تصویر میں کوئی سینڈوچ ہے؟,Kya tasveer mein sandwich hai?
8333,COCO_val2014_000000008333.jpg,Is there a train in the image?,yes,popular,train,کیا تصویر میں ٹرین ہے؟,Kya tasveer mein train hai?
8333,COCO_val2014_000000008333.jpg,Is there a traffic light in the image?,yes,popular,traffic light,کیا تصویر میں ٹریفک لائٹ ہے؟,Kya tasveer mein traffic signal hai?
8333,COCO_val2014_000000008333.jpg,Is there a bus in the image?,yes,popular,bus,کیا تصویر میں بس ہے؟,Kya tasveer mein bus hai?
8333,COCO_val2014_000000008333.jpg,Is there a person in the image?,no,popular,person,کیا تصویر میں کوئی شخص ہے؟,Kya tasveer mein insaan hai?
8333,COCO_val2014_000000008333.jpg,Is there a chair in the image?,no,popular,chair,کیا تصویر میں کرسی ہے؟,Kya tasveer mein kursi hai?
8333,COCO_val2014_000000008333.jpg,Is there a book in the image?,no,popular,book,کیا تصویر میں کوئی کتاب ہے؟,Kya tasveer mein kitaab hai?
8333,COCO_val2014_000000008333.jpg,Is there a train in the image?,yes,adversarial,train,کیا تصویر میں ٹرین ہے؟,Kya tasveer mein train hai?
8333,COCO_val2014_000000008333.jpg,Is there a bus in the image?,yes,adversarial,bus,کیا تصویر میں بس ہے؟,Kya tasveer mein bus hai?
8333,COCO_val2014_000000008333.jpg,Is there a traffic light in the image?,yes,adversarial,traffic light,کیا تصویر میں ٹریفک لائٹ ہے؟,Kya tasveer mein traffic signal hai?
8333,COCO_val2014_000000008333.jpg,Is there a person in the image?,no,adversarial,person,کیا تصویر میں کوئی شخص ہے؟,Kya tasveer mein insaan hai?
8333,COCO_val2014_000000008333.jpg,Is there a chair in the image?,no,adversarial,chair,کیا تصویر میں کرسی ہے؟,Kya tasveer mein kursi hai?
8333,COCO_val2014_000000008333.jpg,Is there a book in the image?,no,adversarial,book,کیا تصویر میں کوئی کتاب ہے؟,Kya tasveer mein kitaab hai?
218494,COCO_val2014_000000218494.jpg,Is there a keyboard in the image?,yes,random,keyboard,کیا تصویر میں کی بورڈ ہے؟,Kya tasveer mein keyboard hai?
218494,COCO_val2014_000000218494.jpg,Is there a laptop in the image?,yes,random,laptop,کیا تصویر میں لیپ ٹاپ ہے؟,Kya tasveer mein laptop hai?
218494,COCO_val2014_000000218494.jpg,Is there a mouse in the image?,yes,random,mouse,کیا تصویر میں کوئی چوہا ہے؟,Kya tasveer mein mouse hai?
218494,COCO_val2014_000000218494.jpg,Is there a bench in the image?,no,random,bench,کیا تصویر میں کوئی بینچ ہے؟,Kya tasveer mein bench hai?
218494,COCO_val2014_000000218494.jpg,Is there a skis in the image?,no,random,skis,کیا تصویر میں کوئی سکی ہے؟,Kya tasveer mein skis hai?
218494,COCO_val2014_000000218494.jpg,Is there a sandwich in the image?,no,random,sandwich,کیا تصویر میں کوئی سینڈوچ ہے؟,Kya tasveer mein sandwich hai?
218494,COCO_val2014_000000218494.jpg,Is there a mouse in the image?,yes,popular,mouse,کیا تصویر میں کوئی چوہا ہے؟,Kya tasveer mein mouse hai?
218494,COCO_val2014_000000218494.jpg,Is there a laptop in the image?,yes,popular,laptop,کیا تصویر میں لیپ ٹاپ ہے؟,Kya tasveer mein laptop hai?
218494,COCO_val2014_000000218494.jpg,Is there a keyboard in the image?,yes,popular,keyboard,کیا تصویر میں کی بورڈ ہے؟,Kya tasveer mein keyboard hai?
218494,COCO_val2014_000000218494.jpg,Is there a person in the image?,no,popular,person,کیا تصویر میں کوئی شخص ہے؟,Kya tasveer mein insaan hai?
218494,COCO_val2014_000000218494.jpg,Is there a car in the image?,no,popular,car,کیا تصویر میں کوئی کار ہے؟,Kya tasveer mein gaari hai?
218494,COCO_val2014_000000218494.jpg,Is there a chair in the image?,no,popular,chair,کیا تصویر میں کرسی ہے؟,Kya tasveer mein kursi hai?
218494,COCO_val2014_000000218494.jpg,Is there a mouse in the image?,yes,adversarial,mouse,کیا تصویر میں کوئی چوہا ہے؟,Kya tasveer mein mouse hai?
218494,COCO_val2014_000000218494.jpg,Is there a laptop in the image?,yes,adversarial,laptop,کیا تصویر میں لیپ ٹاپ ہے؟,Kya tasveer mein laptop hai?
218494,COCO_val2014_000000218494.jpg,Is there a keyboard in the image?,yes,adversarial,keyboard,کیا تصویر میں کی بورڈ ہے؟,Kya tasveer mein keyboard hai?
218494,COCO_val2014_000000218494.jpg,Is there a person in the image?,no,adversarial,person,کیا تصویر میں کوئی شخص ہے؟,Kya tasveer mein insaan hai?
218494,COCO_val2014_000000218494.jpg,Is there a car in the image?,no,adversarial,car,کیا تصویر میں کوئی کار ہے؟,Kya tasveer mein gaari hai?
218494,COCO_val2014_000000218494.jpg,Is there a chair in the image?,no,adversarial,chair,کیا تصویر میں کرسی ہے؟,Kya tasveer mein kursi hai?
480652,COCO_val2014_000000480652.jpg,Is there a handbag in the image?,yes,random,handbag,کیا تصویر میں ہینڈ بیگ ہے؟,Kya tasveer mein handbag hai?
480652,COCO_val2014_000000480652.jpg,Is there a chair in the image?,yes,random,chair,کیا تصویر میں کرسی ہے؟,Kya tasveer mein kursi hai?
480652,COCO_val2014_000000480652.jpg,Is there a suitcase in the image?,yes,random,suitcase,کیا تصویر میں کوئی سوٹ کیس ہے؟,Kya tasveer mein suitcase hai?
480652,COCO_val2014_000000480652.jpg,Is there a scissors in the image?,no,random,scissors,کیا تصویر میں قینچی ہے؟,Kya tasveer mein qainchi hai?
480652,COCO_val2014_000000480652.jpg,Is there a train in the image?,no,random,train,کیا تصویر میں ٹرین ہے؟,Kya tasveer mein train hai?
480652,COCO_val2014_000000480652.jpg,Is there a cell phone in the image?,no,random,cell phone,کیا تصویر میں سیل فون ہے؟,Kya tasveer mein mobile hai?
480652,COCO_val2014_000000480652.jpg,Is there a backpack in the image?,yes,popular,backpack,کیا تصویر میں کوئی بیگ ہے؟,Kya tasveer mein bag hai?
480652,COCO_val2014_000000480652.jpg,Is there a suitcase in the image?,yes,popular,suitcase,کیا تصویر میں کوئی سوٹ کیس ہے؟,Kya tasveer mein suitcase hai?
480652,COCO_val2014_000000480652.jpg,Is there a chair in the image?,yes,popular,chair,کیا تصویر میں کرسی ہے؟,Kya tasveer mein kursi hai?
480652,COCO_val2014_000000480652.jpg,Is there a person in the image?,no,popular,person,کیا تصویر میں کوئی شخص ہے؟,Kya tasveer mein insaan hai?
480652,COCO_val2014_000000480652.jpg,Is there a car in the image?,no,popular,car,کیا تصویر میں کوئی کار ہے؟,Kya tasveer mein gaari hai?
480652,COCO_val2014_000000480652.jpg,Is there a book in the image?,no,popular,book,کیا تصویر میں کوئی کتاب ہے؟,Kya tasveer mein kitaab hai?
480652,COCO_val2014_000000480652.jpg,Is there a chair in the image?,yes,adversarial,chair,کیا تصویر میں کرسی ہے؟,Kya tasveer mein kursi hai?
480652,COCO_val2014_000000480652.jpg,Is there a backpack in the image?,yes,adversarial,backpack,کیا تصویر میں کوئی بیگ ہے؟,Kya tasveer mein bag hai?
480652,COCO_val2014_000000480652.jpg,Is there a suitcase in the image?,yes,adversarial,suitcase,کیا تصویر میں کوئی سوٹ کیس ہے؟,Kya tasveer mein suitcase hai?
480652,COCO_val2014_000000480652.jpg,Is there a person in the image?,no,adversarial,person,کیا تصویر میں کوئی شخص ہے؟,Kya tasveer mein insaan hai?
480652,COCO_val2014_000000480652.jpg,Is there a car in the image?,no,adversarial,car,کیا تصویر میں کوئی کار ہے؟,Kya tasveer mein gaari hai?
480652,COCO_val2014_000000480652.jpg,Is there a book in the image?,no,adversarial,book,کیا تصویر میں کوئی کتاب ہے؟,Kya tasveer mein kitaab hai?
114855,COCO_val2014_000000114855.jpg,Is there a bicycle in the image?,yes,random,bicycle,کیا تصویر میں کوئی سائیکل ہے؟,Kya tasveer mein cycle hai?
114855,COCO_val2014_000000114855.jpg,Is there a car in the image?,yes,random,car,کیا تصویر میں کوئی کار ہے؟,Kya tasveer mein gaari hai?
114855,COCO_val2014_000000114855.jpg,Is there a person in the image?,yes,random,person,کیا تصویر میں کوئی شخص ہے؟,Kya tasveer mein insaan hai?
114855,COCO_val2014_000000114855.jpg,Is there a cat in the image?,no,random,cat,کیا تصویر میں بلی ہے؟,Kya tasveer mein billi hai?
114855,COCO_val2014_000000114855.jpg,Is there a boat in the image?,no,random,boat,کیا تصویر میں کوئی کشتی ہے؟,Kya tasveer mein kashti hai?
114855,COCO_val2014_000000114855.jpg,Is there a fork in the image?,no,random,fork,کیا تصویر میں کانٹا ہے؟,Kya tasveer mein kaanta hai?
114855,COCO_val2014_000000114855.jpg,Is there a car in the image?,yes,popular,car,کیا تصویر میں کوئی کار ہے؟,Kya tasveer mein gaari hai?
114855,COCO_val2014_000000114855.jpg,Is there a person in the image?,yes,popular,person,کیا تصویر میں کوئی شخص ہے؟,Kya tasveer mein insaan hai?
114855,COCO_val2014_000000114855.jpg,Is there a bicycle in the image?,yes,popular,bicycle,کیا تصویر میں کوئی سائیکل ہے؟,Kya tasveer mein cycle hai?
114855,COCO_val2014_000000114855.jpg,Is there a chair in the image?,no,popular,chair,کیا تصویر میں کرسی ہے؟,Kya tasveer mein kursi hai?
114855,COCO_val2014_000000114855.jpg,Is there a book in the image?,no,popular,book,کیا تصویر میں کوئی کتاب ہے؟,Kya tasveer mein kitaab hai?
114855,COCO_val2014_000000114855.jpg,Is there a bottle in the image?,no,popular,bottle,کیا تصویر میں کوئی بوتل ہے؟,Kya tasveer mein botal hai?
114855,COCO_val2014_000000114855.jpg,Is there a bicycle in the image?,yes,adversarial,bicycle,کیا تصویر میں کوئی سائیکل ہے؟,Kya tasveer mein cycle hai?
114855,COCO_val2014_000000114855.jpg,Is there a person in the image?,yes,adversarial,person,کیا تصویر میں کوئی شخص ہے؟,Kya tasveer mein insaan hai?
114855,COCO_val2014_000000114855.jpg,Is there a car in the image?,yes,adversarial,car,کیا تصویر میں کوئی کار ہے؟,Kya tasveer mein gaari hai?
114855,COCO_val2014_000000114855.jpg,Is there a chair in the image?,no,adversarial,chair,کیا تصویر میں کرسی ہے؟,Kya tasveer mein kursi hai?
114855,COCO_val2014_000000114855.jpg,Is there a book in the image?,no,adversarial,book,کیا تصویر میں کوئی کتاب ہے؟,Kya tasveer mein kitaab hai?
114855,COCO_val2014_000000114855.jpg,Is there a bottle in the image?,no,adversarial,bottle,کیا تصویر میں کوئی بوتل ہے؟,Kya tasveer mein botal hai?
213843,COCO_val2014_000000213843.jpg,Is there a knife in the image?,yes,random,knife,کیا تصویر میں چاقو ہے؟,Kya tasveer mein churi hai?
213843,COCO_val2014_000000213843.jpg,Is there a cup in the image?,yes,random,cup,کیا تصویر میں کپ ہے؟,Kya tasveer mein cup hai?
213843,COCO_val2014_000000213843.jpg,Is there a cake in the image?,yes,random,cake,کیا تصویر میں کیک ہے؟,Kya tasveer mein cake hai?
213843,COCO_val2014_000000213843.jpg,Is there a zebra in the image?,no,random,zebra,کیا تصویر میں زیبرا ہے؟,Kya tasveer mein zebra hai?
213843,COCO_val2014_000000213843.jpg,Is there a umbrella in the image?,no,random,umbrella,کیا تصویر میں چھتری ہے؟,Kya tasveer mein chhatri hai?
213843,COCO_val2014_000000213843.jpg,Is there a dog in the image?,no,random,dog,کیا تصویر میں کتا ہے؟,Kya tasveer mein kutta hai?
213843,COCO_val2014_000000213843.jpg,Is there a cup in the image?,yes,popular,cup,کیا تصویر میں کپ ہے؟,Kya tasveer mein cup hai?
213843,COCO_val2014_000000213843.jpg,Is there a knife in the image?,yes,popular,knife,کیا تصویر میں چاقو ہے؟,Kya tasveer mein churi hai?
213843,COCO_val2014_000000213843.jpg,Is there a cake in the image?,yes,popular,cake,کیا تصویر میں کیک ہے؟,Kya tasveer mein cake hai?
213843,COCO_val2014_000000213843.jpg,Is there a person in the image?,no,popular,person,کیا تصویر میں کوئی شخص ہے؟,Kya tasveer mein insaan hai?
213843,COCO_val2014_000000213843.jpg,Is there a car in the image?,no,popular,car,کیا تصویر میں کوئی کار ہے؟,Kya tasveer mein gaari hai?
213843,COCO_val2014_000000213843.jpg,Is there a chair in the image?,no,popular,chair,کیا تصویر میں کرسی ہے؟,Kya tasveer mein kursi hai?
213843,COCO_val2014_000000213843.jpg,Is there a cake in the image?,yes,adversarial,cake,کیا تصویر میں کیک ہے؟,Kya tasveer mein cake hai?
213843,COCO_val2014_000000213843.jpg,Is there a knife in the image?,yes,adversarial,knife,کیا تصویر میں چاقو ہے؟,Kya tasveer mein churi hai?
213843,COCO_val2014_000000213843.jpg,Is there a cup in the image?,yes,adversarial,cup,کیا تصویر میں کپ ہے؟,Kya tasveer mein cup hai?
213843,COCO_val2014_000000213843.jpg,Is there a person in the image?,no,adversarial,person,کیا تصویر میں کوئی شخص ہے؟,Kya tasveer mein insaan hai?
213843,COCO_val2014_000000213843.jpg,Is there a car in the image?,no,adversarial,car,کیا تصویر میں کوئی کار ہے؟,Kya tasveer mein gaari hai?
213843,COCO_val2014_000000213843.jpg,Is there a chair in the image?,no,adversarial,chair,کیا تصویر میں کرسی ہے؟,Kya tasveer mein kursi hai?
168250,COCO_val2014_000000168250.jpg,Is there a cup in the image?,yes,random,cup,کیا تصویر میں کپ ہے؟,Kya tasveer mein cup hai?
168250,COCO_val2014_000000168250.jpg,Is there a spoon in the image?,yes,random,spoon,کیا تصویر میں چمچ ہے؟,Kya tasveer mein chamach hai?
168250,COCO_val2014_000000168250.jpg,Is there a donut in the image?,yes,random,donut,کیا تصویر میں ڈونٹ ہے؟,Kya tasveer mein donut hai?
168250,COCO_val2014_000000168250.jpg,Is there a tv in the image?,no,random,tv,کیا تصویر میں ٹی وی ہے؟,Kya tasveer mein tv hai?
168250,COCO_val2014_000000168250.jpg,Is there a traffic light in the image?,no,random,traffic light,کیا تصویر میں ٹریفک لائٹ ہے؟,Kya tasveer mein traffic signal hai?
168250,COCO_val2014_000000168250.jpg,Is there a sheep in the image?,no,random,sheep,کیا تصویر میں بھیڑ ہے؟,Kya tasveer mein bhed hai?
168250,COCO_val2014_000000168250.jpg,Is there a donut in the image?,yes,popular,donut,کیا تصویر میں ڈونٹ ہے؟,Kya tasveer mein donut hai?
168250,COCO_val2014_000000168250.jpg,Is there a cup in the image?,yes,popular,cup,کیا تصویر میں کپ ہے؟,Kya tasveer mein cup hai?
168250,COCO_val2014_000000168250.jpg,Is there a spoon in the image?,yes,popular,spoon,کیا تصویر میں چمچ ہے؟,Kya tasveer mein chamach hai?
168250,COCO_val2014_000000168250.jpg,Is there a person in the image?,no,popular,person,کیا تصویر میں کوئی شخص ہے؟,Kya tasveer mein insaan hai?
168250,COCO_val2014_000000168250.jpg,Is there a car in the image?,no,popular,car,کیا تصویر میں کوئی کار ہے؟,Kya tasveer mein gaari hai?
168250,COCO_val2014_000000168250.jpg,Is there a chair in the image?,no,popular,chair,کیا تصویر میں کرسی ہے؟,Kya tasveer mein kursi hai?
168250,COCO_val2014_000000168250.jpg,Is there a donut in the image?,yes,adversarial,donut,کیا تصویر میں ڈونٹ ہے؟,Kya tasveer mein donut hai?
168250,COCO_val2014_000000168250.jpg,Is there a cup in the image?,yes,adversarial,cup,کیا تصویر میں کپ ہے؟,Kya tasveer mein cup hai?
168250,COCO_val2014_000000168250.jpg,Is there a spoon in the image?,yes,adversarial,spoon,کیا تصویر میں چمچ ہے؟,Kya tasveer mein chamach hai?
168250,COCO_val2014_000000168250.jpg,Is there a person in the image?,no,adversarial,person,کیا تصویر میں کوئی شخص ہے؟,Kya tasveer mein insaan hai?
168250,COCO_val2014_000000168250.jpg,Is there a car in the image?,no,adversarial,car,کیا تصویر میں کوئی کار ہے؟,Kya tasveer mein gaari hai?
168250,COCO_val2014_000000168250.jpg,Is there a chair in the image?,no,adversarial,chair,کیا تصویر میں کرسی ہے؟,Kya tasveer mein kursi hai?
307263,COCO_val2014_000000307263.jpg,Is there a bottle in the image?,yes,random,bottle,کیا تصویر میں کوئی بوتل ہے؟,Kya tasveer mein botal hai?
307263,COCO_val2014_000000307263.jpg,Is there a bowl in the image?,yes,random,bowl,کیا تصویر میں ایک پیالہ ہے؟,Kya tasveer mein bowl hai?
307263,COCO_val2014_000000307263.jpg,Is there a carrot in the image?,yes,random,carrot,کیا تصویر میں گاجر ہے؟,Kya tasveer mein gajar hai?
307263,COCO_val2014_000000307263.jpg,Is there a tv in the image?,no,random,tv,کیا تصویر میں ٹی وی ہے؟,Kya tasveer mein tv hai?
307263,COCO_val2014_000000307263.jpg,Is there a orange in the image?,no,random,orange,کیا تصویر میں نارنجی ہے؟,Kya tasveer mein santara hai?
307263,COCO_val2014_000000307263.jpg,Is there a kite in the image?,no,random,kite,کیا تصویر میں پتنگ ہے؟,Kya tasveer mein patang hai?
307263,COCO_val2014_000000307263.jpg,Is there a bowl in the image?,yes,popular,bowl,کیا تصویر میں ایک پیالہ ہے؟,Kya tasveer mein bowl hai?
307263,COCO_val2014_000000307263.jpg,Is there a bottle in the image?,yes,popular,bottle,کیا تصویر میں کوئی بوتل ہے؟,Kya tasveer mein botal hai?
307263,COCO_val2014_000000307263.jpg,Is there a broccoli in the image?,yes,popular,broccoli,کیا تصویر میں بروکولی ہے؟,Kya tasveer mein broccoli hai?
307263,COCO_val2014_000000307263.jpg,Is there a person in the image?,no,popular,person,کیا تصویر میں کوئی شخص ہے؟,Kya tasveer mein insaan hai?
307263,COCO_val2014_000000307263.jpg,Is there a car in the image?,no,popular,car,کیا تصویر میں کوئی کار ہے؟,Kya tasveer mein gaari hai?
307263,COCO_val2014_000000307263.jpg,Is there a chair in the image?,no,popular,chair,کیا تصویر میں کرسی ہے؟,Kya tasveer mein kursi hai?
307263,COCO_val2014_000000307263.jpg,Is there a carrot in the image?,yes,adversarial,carrot,کیا تصویر میں گاجر ہے؟,Kya tasveer mein gajar hai?
307263,COCO_val2014_000000307263.jpg,Is there a bottle in the image?,yes,adversarial,bottle,کیا تصویر میں کوئی بوتل ہے؟,Kya tasveer mein botal hai?
307263,COCO_val2014_000000307263.jpg,Is there a bowl in the image?,yes,adversarial,bowl,کیا تصویر میں ایک پیالہ ہے؟,Kya tasveer mein bowl hai?
307263,COCO_val2014_000000307263.jpg,Is there a person in the image?,no,adversarial,person,کیا تصویر میں کوئی شخص ہے؟,Kya tasveer mein insaan hai?
307263,COCO_val2014_000000307263.jpg,Is there a car in the image?,no,adversarial,car,کیا تصویر میں کوئی کار ہے؟,Kya tasveer mein gaari hai?
307263,COCO_val2014_000000307263.jpg,Is there a chair in the image?,no,adversarial,chair,کیا تصویر میں کرسی ہے؟,Kya tasveer mein kursi hai?
496618,COCO_val2014_000000496618.jpg,Is there a sandwich in the image?,yes,random,sandwich,کیا تصویر میں کوئی سینڈوچ ہے؟,Kya tasveer mein sandwich hai?
496618,COCO_val2014_000000496618.jpg,Is there a fork in the image?,yes,random,fork,کیا تصویر میں کانٹا ہے؟,Kya tasveer mein kaanta hai?
496618,COCO_val2014_000000496618.jpg,Is there a cup in the image?,yes,random,cup,کیا تصویر میں کپ ہے؟,Kya tasveer mein cup hai?
496618,COCO_val2014_000000496618.jpg,Is there a suitcase in the image?,no,random,suitcase,کیا تصویر میں کوئی سوٹ کیس ہے؟,Kya tasveer mein suitcase hai?
496618,COCO_val2014_000000496618.jpg,Is there a boat in the image?,no,random,boat,کیا تصویر میں کوئی کشتی ہے؟,Kya tasveer mein kashti hai?
496618,COCO_val2014_000000496618.jpg,Is there a tv in the image?,no,random,tv,کیا تصویر میں ٹی وی ہے؟,Kya tasveer mein tv hai?
496618,COCO_val2014_000000496618.jpg,Is there a cup in the image?,yes,popular,cup,کیا تصویر میں کپ ہے؟,Kya tasveer mein cup hai?
496618,COCO_val2014_000000496618.jpg,Is there a sandwich in the image?,yes,popular,sandwich,کیا تصویر میں کوئی سینڈوچ ہے؟,Kya tasveer mein sandwich hai?
496618,COCO_val2014_000000496618.jpg,Is there a fork in the image?,yes,popular,fork,کیا تصویر میں کانٹا ہے؟,Kya tasveer mein kaanta hai?
496618,COCO_val2014_000000496618.jpg,Is there a person in the image?,no,popular,person,کیا تصویر میں کوئی شخص ہے؟,Kya tasveer mein insaan hai?
496618,COCO_val2014_000000496618.jpg,Is there a car in the image?,no,popular,car,کیا تصویر میں کوئی کار ہے؟,Kya tasveer mein gaari hai?
496618,COCO_val2014_000000496618.jpg,Is there a chair in the image?,no,popular,chair,کیا تصویر میں کرسی ہے؟,Kya tasveer mein kursi hai?
496618,COCO_val2014_000000496618.jpg,Is there a fork in the image?,yes,adversarial,fork,کیا تصویر میں کانٹا ہے؟,Kya tasveer mein kaanta hai?
496618,COCO_val2014_000000496618.jpg,Is there a cup in the image?,yes,adversarial,cup,کیا تصویر میں کپ ہے؟,Kya tasveer mein cup hai?
496618,COCO_val2014_000000496618.jpg,Is there a sandwich in the image?,yes,adversarial,sandwich,کیا تصویر میں کوئی سینڈوچ ہے؟,Kya tasveer mein sandwich hai?
496618,COCO_val2014_000000496618.jpg,Is there a person in the image?,no,adversarial,person,کیا تصویر میں کوئی شخص ہے؟,Kya tasveer mein insaan hai?
496618,COCO_val2014_000000496618.jpg,Is there a car in the image?,no,adversarial,car,کیا تصویر میں کوئی کار ہے؟,Kya tasveer mein gaari hai?
496618,COCO_val2014_000000496618.jpg,Is there a chair in the image?,no,adversarial,chair,کیا تصویر میں کرسی ہے؟,Kya tasveer mein kursi hai?
223804,COCO_val2014_000000223804.jpg,Is there a boat in the image?,yes,random,boat,کیا تصویر میں کوئی کشتی ہے؟,Kya tasveer mein kashti hai?
223804,COCO_val2014_000000223804.jpg,Is there a umbrella in the image?,yes,random,umbrella,کیا تصویر میں چھتری ہے؟,Kya tasveer mein chhatri hai?
223804,COCO_val2014_000000223804.jpg,Is there a person in the image?,yes,random,person,کیا تصویر میں کوئی شخص ہے؟,Kya tasveer mein insaan hai?
223804,COCO_val2014_000000223804.jpg,Is there a dog in the image?,no,random,dog,کیا تصویر میں کتا ہے؟,Kya tasveer mein kutta hai?
223804,COCO_val2014_000000223804.jpg,Is there a bird in the image?,no,random,bird,کیا تصویر میں کوئی پرندہ ہے؟,Kya tasveer mein chirya hai?
223804,COCO_val2014_000000223804.jpg,Is there a kite in the image?,no,random,kite,کیا تصویر میں پتنگ ہے؟,Kya tasveer mein patang hai?
223804,COCO_val2014_000000223804.jpg,Is there a person in the image?,yes,popular,person,کیا تصویر میں کوئی شخص ہے؟,Kya tasveer mein insaan hai?
223804,COCO_val2014_000000223804.jpg,Is there a boat in the image?,yes,popular,boat,کیا تصویر میں کوئی کشتی ہے؟,Kya tasveer mein kashti hai?
223804,COCO_val2014_000000223804.jpg,Is there a umbrella in the image?,yes,popular,umbrella,کیا تصویر میں چھتری ہے؟,Kya tasveer mein chhatri hai?
223804,COCO_val2014_000000223804.jpg,Is there a car in the image?,no,popular,car,کیا تصویر میں کوئی کار ہے؟,Kya tasveer mein gaari hai?
223804,COCO_val2014_000000223804.jpg,Is there a chair in the image?,no,popular,chair,کیا تصویر میں کرسی ہے؟,Kya tasveer mein kursi hai?
223804,COCO_val2014_000000223804.jpg,Is there a book in the image?,no,popular,book,کیا تصویر میں کوئی کتاب ہے؟,Kya tasveer mein kitaab hai?
223804,COCO_val2014_000000223804.jpg,Is there a umbrella in the image?,yes,adversarial,umbrella,کیا تصویر میں چھتری ہے؟,Kya tasveer mein chhatri hai?
223804,COCO_val2014_000000223804.jpg,Is there a person in the image?,yes,adversarial,person,کیا تصویر میں کوئی شخص ہے؟,Kya tasveer mein insaan hai?
223804,COCO_val2014_000000223804.jpg,Is there a boat in the image?,yes,adversarial,boat,کیا تصویر میں کوئی کشتی ہے؟,Kya tasveer mein kashti hai?
223804,COCO_val2014_000000223804.jpg,Is there a car in the image?,no,adversarial,car,کیا تصویر میں کوئی کار ہے؟,Kya tasveer mein gaari hai?
223804,COCO_val2014_000000223804.jpg,Is there a chair in the image?,no,adversarial,chair,کیا تصویر میں کرسی ہے؟,Kya tasveer mein kursi hai?
223804,COCO_val2014_000000223804.jpg,Is there a book in the image?,no,adversarial,book,کیا تصویر میں کوئی کتاب ہے؟,Kya tasveer mein kitaab hai?
115776,COCO_val2014_000000115776.jpg,Is there a fork in the image?,yes,random,fork,کیا تصویر میں کانٹا ہے؟,Kya tasveer mein kaanta hai?
115776,COCO_val2014_000000115776.jpg,Is there a cake in the image?,yes,random,cake,کیا تصویر میں کیک ہے؟,Kya tasveer mein cake hai?
115776,COCO_val2014_000000115776.jpg,Is there a cup in the image?,yes,random,cup,کیا تصویر میں کپ ہے؟,Kya tasveer mein cup hai?
115776,COCO_val2014_000000115776.jpg,Is there a parking meter in the image?,no,random,parking meter,کیا تصویر میں پارکنگ میٹر ہے؟,Kya tasveer mein parking meter hai?
115776,COCO_val2014_000000115776.jpg,Is there a cell phone in the image?,no,random,cell phone,کیا تصویر میں سیل فون ہے؟,Kya tasveer mein mobile hai?
115776,COCO_val2014_000000115776.jpg,Is there a chair in the image?,no,random,chair,کیا تصویر میں کرسی ہے؟,Kya tasveer mein kursi hai?
115776,COCO_val2014_000000115776.jpg,Is there a knife in the image?,yes,popular,knife,کیا تصویر میں چاقو ہے؟,Kya tasveer mein churi hai?
115776,COCO_val2014_000000115776.jpg,Is there a dining table in the image?,yes,popular,dining table,کیا تصویر میں کھانے کی میز ہے؟,Kya tasveer mein khane ki mez hai?
115776,COCO_val2014_000000115776.jpg,Is there a fork in the image?,yes,popular,fork,کیا تصویر میں کانٹا ہے؟,Kya tasveer mein kaanta hai?
115776,COCO_val2014_000000115776.jpg,Is there a person in the image?,no,popular,person,کیا تصویر میں کوئی شخص ہے؟,Kya tasveer mein insaan hai?
115776,COCO_val2014_000000115776.jpg,Is there a car in the image?,no,popular,car,کیا تصویر میں کوئی کار ہے؟,Kya tasveer mein gaari hai?
115776,COCO_val2014_000000115776.jpg,Is there a chair in the image?,no,popular,chair,کیا تصویر میں کرسی ہے؟,Kya tasveer mein kursi hai?
115776,COCO_val2014_000000115776.jpg,Is there a knife in the image?,yes,adversarial,knife,کیا تصویر میں چاقو ہے؟,Kya tasveer mein churi hai?
115776,COCO_val2014_000000115776.jpg,Is there a cake in the image?,yes,adversarial,cake,کیا تصویر میں کیک ہے؟,Kya tasveer mein cake hai?
115776,COCO_val2014_000000115776.jpg,Is there a cup in the image?,yes,adversarial,cup,کیا تصویر میں کپ ہے؟,Kya tasveer mein cup hai?
115776,COCO_val2014_000000115776.jpg,Is there a person in the image?,no,adversarial,person,کیا تصویر میں کوئی شخص ہے؟,Kya tasveer mein insaan hai?
115776,COCO_val2014_000000115776.jpg,Is there a car in the image?,no,adversarial,car,کیا تصویر میں کوئی کار ہے؟,Kya tasveer mein gaari hai?
115776,COCO_val2014_000000115776.jpg,Is there a chair in the image?,no,adversarial,chair,کیا تصویر میں کرسی ہے؟,Kya tasveer mein kursi hai?
438560,COCO_val2014_000000438560.jpg,Is there a car in the image?,yes,random,car,کیا تصویر میں کوئی کار ہے؟,Kya tasveer mein gaari hai?
438560,COCO_val2014_000000438560.jpg,Is there a person in the image?,yes,random,person,کیا تصویر میں کوئی شخص ہے؟,Kya tasveer mein insaan hai?
438560,COCO_val2014_000000438560.jpg,Is there a surfboard in the image?,yes,random,surfboard,کیا تصویر میں کوئی سرف بورڈ ہے؟,Kya tasveer mein surfboard hai?
438560,COCO_val2014_000000438560.jpg,Is there a bird in the image?,no,random,bird,کیا تصویر میں کوئی پرندہ ہے؟,Kya tasveer mein chirya hai?
438560,COCO_val2014_000000438560.jpg,Is there a broccoli in the image?,no,random,broccoli,کیا تصویر میں بروکولی ہے؟,Kya tasveer mein broccoli hai?
438560,COCO_val2014_000000438560.jpg,Is there a refrigerator in the image?,no,random,refrigerator,کیا تصویر میں ریفریجریٹر ہے؟,Kya tasveer mein fridge hai?
438560,COCO_val2014_000000438560.jpg,Is there a surfboard in the image?,yes,popular,surfboard,کیا تصویر میں کوئی سرف بورڈ ہے؟,Kya tasveer mein surfboard hai?
438560,COCO_val2014_000000438560.jpg,Is there a car in the image?,yes,popular,car,کیا تصویر میں کوئی کار ہے؟,Kya tasveer mein gaari hai?
438560,COCO_val2014_000000438560.jpg,Is there a person in the image?,yes,popular,person,کیا تصویر میں کوئی شخص ہے؟,Kya tasveer mein insaan hai?
438560,COCO_val2014_000000438560.jpg,Is there a chair in the image?,no,popular,chair,کیا تصویر میں کرسی ہے؟,Kya tasveer mein kursi hai?
438560,COCO_val2014_000000438560.jpg,Is there a book in the image?,no,popular,book,کیا تصویر میں کوئی کتاب ہے؟,Kya tasveer mein kitaab hai?
438560,COCO_val2014_000000438560.jpg,Is there a bottle in the image?,no,popular,bottle,کیا تصویر میں کوئی بوتل ہے؟,Kya tasveer mein botal hai?
438560,COCO_val2014_000000438560.jpg,Is there a car in the image?,yes,adversarial,car,کیا تصویر میں کوئی کار ہے؟,Kya tasveer mein gaari hai?
438560,COCO_val2014_000000438560.jpg,Is there a surfboard in the image?,yes,adversarial,surfboard,کیا تصویر میں کوئی سرف بورڈ ہے؟,Kya tasveer mein surfboard hai?
438560,COCO_val2014_000000438560.jpg,Is there a person in the image?,yes,adversarial,person,کیا تصویر میں کوئی شخص ہے؟,Kya tasveer mein insaan hai?
438560,COCO_val2014_000000438560.jpg,Is there a chair in the image?,no,adversarial,chair,کیا تصویر میں کرسی ہے؟,Kya tasveer mein kursi hai?
438560,COCO_val2014_000000438560.jpg,Is there a book in the image?,no,adversarial,book,کیا تصویر میں کوئی کتاب ہے؟,Kya tasveer mein kitaab hai?
438560,COCO_val2014_000000438560.jpg,Is there a bottle in the image?,no,adversarial,bottle,کیا تصویر میں کوئی بوتل ہے؟,Kya tasveer mein botal hai?
64183,COCO_val2014_000000064183.jpg,Is there a person in the image?,yes,random,person,کیا تصویر میں کوئی شخص ہے؟,Kya tasveer mein insaan hai?
64183,COCO_val2014_000000064183.jpg,Is there a car in the image?,yes,random,car,کیا تصویر میں کوئی کار ہے؟,Kya tasveer mein gaari hai?
64183,COCO_val2014_000000064183.jpg,Is there a umbrella in the image?,yes,random,umbrella,کیا تصویر میں چھتری ہے؟,Kya tasveer mein chhatri hai?
64183,COCO_val2014_000000064183.jpg,Is there a snowboard in the image?,no,random,snowboard,کیا تصویر میں سنو بورڈ ہے؟,Kya tasveer mein snowboard hai?
64183,COCO_val2014_000000064183.jpg,Is there a airplane in the image?,no,random,airplane,کیا تصویر میں ہوائی جہاز ہے؟,Kya tasveer mein hawai jahaaz hai?
64183,COCO_val2014_000000064183.jpg,Is there a boat in the image?,no,random,boat,کیا تصویر میں کوئی کشتی ہے؟,Kya tasveer mein kashti hai?
64183,COCO_val2014_000000064183.jpg,Is there a fire hydrant in the image?,yes,popular,fire hydrant,کیا تصویر میں فائر ہائیڈرنٹ ہے؟,Kya tasveer mein fire hydrant hai?
64183,COCO_val2014_000000064183.jpg,Is there a person in the image?,yes,popular,person,کیا تصویر میں کوئی شخص ہے؟,Kya tasveer mein insaan hai?
64183,COCO_val2014_000000064183.jpg,Is there a umbrella in the image?,yes,popular,umbrella,کیا تصویر میں چھتری ہے؟,Kya tasveer mein chhatri hai?
64183,COCO_val2014_000000064183.jpg,Is there a chair in the image?,no,popular,chair,کیا تصویر میں کرسی ہے؟,Kya tasveer mein kursi hai?
64183,COCO_val2014_000000064183.jpg,Is there a book in the image?,no,popular,book,کیا تصویر میں کوئی کتاب ہے؟,Kya tasveer mein kitaab hai?
64183,COCO_val2014_000000064183.jpg,Is there a bottle in the image?,no,popular,bottle,کیا تصویر میں کوئی بوتل ہے؟,Kya tasveer mein botal hai?
64183,COCO_val2014_000000064183.jpg,Is there a car in the image?,yes,adversarial,car,کیا تصویر میں کوئی کار ہے؟,Kya tasveer mein gaari hai?
64183,COCO_val2014_000000064183.jpg,Is there a person in the image?,yes,adversarial,person,کیا تصویر میں کوئی شخص ہے؟,Kya tasveer mein insaan hai?
64183,COCO_val2014_000000064183.jpg,Is there a fire hydrant in the image?,yes,adversarial,fire hydrant,کیا تصویر میں فائر ہائیڈرنٹ ہے؟,Kya tasveer mein fire hydrant hai?
64183,COCO_val2014_000000064183.jpg,Is there a chair in the image?,no,adversarial,chair,کیا تصویر میں کرسی ہے؟,Kya tasveer mein kursi hai?
64183,COCO_val2014_000000064183.jpg,Is there a book in the image?,no,adversarial,book,کیا تصویر میں کوئی کتاب ہے؟,Kya tasveer mein kitaab hai?
64183,COCO_val2014_000000064183.jpg,Is there a bottle in the image?,no,adversarial,bottle,کیا تصویر میں کوئی بوتل ہے؟,Kya tasveer mein botal hai?
204360,COCO_val2014_000000204360.jpg,Is there a bus in the image?,yes,random,bus,کیا تصویر میں بس ہے؟,Kya tasveer mein bus hai?
204360,COCO_val2014_000000204360.jpg,Is there a person in the image?,yes,random,person,کیا تصویر میں کوئی شخص ہے؟,Kya tasveer mein insaan hai?
204360,COCO_val2014_000000204360.jpg,Is there a bicycle in the image?,yes,random,bicycle,کیا تصویر میں کوئی سائیکل ہے؟,Kya tasveer mein cycle hai?
204360,COCO_val2014_000000204360.jpg,Is there a sandwich in the image?,no,random,sandwich,کیا تصویر میں کوئی سینڈوچ ہے؟,Kya tasveer mein sandwich hai?
204360,COCO_val2014_000000204360.jpg,Is there a giraffe in the image?,no,random,giraffe,کیا تصویر میں زرافہ ہے؟,Kya tasveer mein zaraafa hai?
204360,COCO_val2014_000000204360.jpg,Is there a motorcycle in the image?,no,random,motorcycle,کیا تصویر میں کوئی موٹر سائیکل ہے؟,Kya tasveer mein motorcycle hai?
204360,COCO_val2014_000000204360.jpg,Is there a backpack in the image?,yes,popular,backpack,کیا تصویر میں کوئی بیگ ہے؟,Kya tasveer mein bag hai?
204360,COCO_val2014_000000204360.jpg,Is there a person in the image?,yes,popular,person,کیا تصویر میں کوئی شخص ہے؟,Kya tasveer mein insaan hai?
204360,COCO_val2014_000000204360.jpg,Is there a bus in the image?,yes,popular,bus,کیا تصویر میں بس ہے؟,Kya tasveer mein bus hai?
204360,COCO_val2014_000000204360.jpg,Is there a chair in the image?,no,popular,chair,کیا تصویر میں کرسی ہے؟,Kya tasveer mein kursi hai?
204360,COCO_val2014_000000204360.jpg,Is there a book in the image?,no,popular,book,کیا تصویر میں کوئی کتاب ہے؟,Kya tasveer mein kitaab hai?
204360,COCO_val2014_000000204360.jpg,Is there a bottle in the image?,no,popular,bottle,کیا تصویر میں کوئی بوتل ہے؟,Kya tasveer mein botal hai?
204360,COCO_val2014_000000204360.jpg,Is there a bus in the image?,yes,adversarial,bus,کیا تصویر میں بس ہے؟,Kya tasveer mein bus hai?
204360,COCO_val2014_000000204360.jpg,Is there a backpack in the image?,yes,adversarial,backpack,کیا تصویر میں کوئی بیگ ہے؟,Kya tasveer mein bag hai?
204360,COCO_val2014_000000204360.jpg,Is there a person in the image?,yes,adversarial,person,کیا تصویر میں کوئی شخص ہے؟,Kya tasveer mein insaan hai?
204360,COCO_val2014_000000204360.jpg,Is there a chair in the image?,no,adversarial,chair,کیا تصویر میں کرسی ہے؟,Kya tasveer mein kursi hai?
204360,COCO_val2014_000000204360.jpg,Is there a book in the image?,no,adversarial,book,کیا تصویر میں کوئی کتاب ہے؟,Kya tasveer mein kitaab hai?
204360,COCO_val2014_000000204360.jpg,Is there a bottle in the image?,no,adversarial,bottle,کیا تصویر میں کوئی بوتل ہے؟,Kya tasveer mein botal hai?
299039,COCO_val2014_000000299039.jpg,Is there a cup in the image?,yes,random,cup,کیا تصویر میں کپ ہے؟,Kya tasveer mein cup hai?
299039,COCO_val2014_000000299039.jpg,Is there a potted plant in the image?,yes,random,potted plant,کیا تصویر میں کوئی پودا ہے؟,Kya tasveer mein gamla hai?
299039,COCO_val2014_000000299039.jpg,Is there a sandwich in the image?,yes,random,sandwich,کیا تصویر میں کوئی سینڈوچ ہے؟,Kya tasveer mein sandwich hai?
299039,COCO_val2014_000000299039.jpg,Is there a bicycle in the image?,no,random,bicycle,کیا تصویر میں کوئی سائیکل ہے؟,Kya tasveer mein cycle hai?
299039,COCO_val2014_000000299039.jpg,Is there a banana in the image?,no,random,banana,کیا تصویر میں کیلا ہے؟,Kya tasveer mein kela hai?
299039,COCO_val2014_000000299039.jpg,Is there a skis in the image?,no,random,skis,کیا تصویر میں کوئی سکی ہے؟,Kya tasveer mein skis hai?
299039,COCO_val2014_000000299039.jpg,Is there a potted plant in the image?,yes,popular,potted plant,کیا تصویر میں کوئی پودا ہے؟,Kya tasveer mein gamla hai?
299039,COCO_val2014_000000299039.jpg,Is there a sandwich in the image?,yes,popular,sandwich,کیا تصویر میں کوئی سینڈوچ ہے؟,Kya tasveer mein sandwich hai?
299039,COCO_val2014_000000299039.jpg,Is there a cup in the image?,yes,popular,cup,کیا تصویر میں کپ ہے؟,Kya tasveer mein cup hai?
299039,COCO_val2014_000000299039.jpg,Is there a person in the image?,no,popular,person,کیا تصویر میں کوئی شخص ہے؟,Kya tasveer mein insaan hai?
299039,COCO_val2014_000000299039.jpg,Is there a car in the image?,no,popular,car,کیا تصویر میں کوئی کار ہے؟,Kya tasveer mein gaari hai?
299039,COCO_val2014_000000299039.jpg,Is there a chair in the image?,no,popular,chair,کیا تصویر میں کرسی ہے؟,Kya tasveer mein kursi hai?
299039,COCO_val2014_000000299039.jpg,Is there a cup in the image?,yes,adversarial,cup,کیا تصویر میں کپ ہے؟,Kya tasveer mein cup hai?
299039,COCO_val2014_000000299039.jpg,Is there a sandwich in the image?,yes,adversarial,sandwich,کیا تصویر میں کوئی سینڈوچ ہے؟,Kya tasveer mein sandwich hai?
299039,COCO_val2014_000000299039.jpg,Is there a potted plant in the image?,yes,adversarial,potted plant,کیا تصویر میں کوئی پودا ہے؟,Kya tasveer mein gamla hai?
299039,COCO_val2014_000000299039.jpg,Is there a person in the image?,no,adversarial,person,کیا تصویر میں کوئی شخص ہے؟,Kya tasveer mein insaan hai?
299039,COCO_val2014_000000299039.jpg,Is there a car in the image?,no,adversarial,car,کیا تصویر میں کوئی کار ہے؟,Kya tasveer mein gaari hai?
299039,COCO_val2014_000000299039.jpg,Is there a chair in the image?,no,adversarial,chair,کیا تصویر میں کرسی ہے؟,Kya tasveer mein kursi hai?
550350,COCO_val2014_000000550350.jpg,Is there a couch in the image?,yes,random,couch,کیا تصویر میں صوفہ ہے؟,Kya tasveer mein sofa hai?
550350,COCO_val2014_000000550350.jpg,Is there a remote in the image?,yes,random,remote,کیا تصویر میں کوئی ریموٹ ہے؟,Kya tasveer mein remote hai?
550350,COCO_val2014_000000550350.jpg,Is there a bottle in the image?,yes,random,bottle,کیا تصویر میں کوئی بوتل ہے؟,Kya tasveer mein botal hai?
550350,COCO_val2014_000000550350.jpg,Is there a boat in the image?,no,random,boat,کیا تصویر میں کوئی کشتی ہے؟,Kya tasveer mein kashti hai?
550350,COCO_val2014_000000550350.jpg,Is there a tv in the image?,no,random,tv,کیا تصویر میں ٹی وی ہے؟,Kya tasveer mein tv hai?
550350,COCO_val2014_000000550350.jpg,Is there a bed in the image?,no,random,bed,کیا تصویر میں کوئی بستر ہے؟,Kya tasveer mein bistar hai?
550350,COCO_val2014_000000550350.jpg,Is there a remote in the image?,yes,popular,remote,کیا تصویر میں کوئی ریموٹ ہے؟,Kya tasveer mein remote hai?
550350,COCO_val2014_000000550350.jpg,Is there a couch in the image?,yes,popular,couch,کیا تصویر میں صوفہ ہے؟,Kya tasveer mein sofa hai?
550350,COCO_val2014_000000550350.jpg,Is there a bottle in the image?,yes,popular,bottle,کیا تصویر میں کوئی بوتل ہے؟,Kya tasveer mein botal hai?
550350,COCO_val2014_000000550350.jpg,Is there a person in the image?,no,popular,person,کیا تصویر میں کوئی شخص ہے؟,Kya tasveer mein insaan hai?
550350,COCO_val2014_000000550350.jpg,Is there a car in the image?,no,popular,car,کیا تصویر میں کوئی کار ہے؟,Kya tasveer mein gaari hai?
550350,COCO_val2014_000000550350.jpg,Is there a chair in the image?,no,popular,chair,کیا تصویر میں کرسی ہے؟,Kya tasveer mein kursi hai?
550350,COCO_val2014_000000550350.jpg,Is there a bottle in the image?,yes,adversarial,bottle,کیا تصویر میں کوئی بوتل ہے؟,Kya tasveer mein botal hai?
550350,COCO_val2014_000000550350.jpg,Is there a couch in the image?,yes,adversarial,couch,کیا تصویر میں صوفہ ہے؟,Kya tasveer mein sofa hai?
550350,COCO_val2014_000000550350.jpg,Is there a remote in the image?,yes,adversarial,remote,کیا تصویر میں کوئی ریموٹ ہے؟,Kya tasveer mein remote hai?
550350,COCO_val2014_000000550350.jpg,Is there a person in the image?,no,adversarial,person,کیا تصویر میں کوئی شخص ہے؟,Kya tasveer mein insaan hai?
550350,COCO_val2014_000000550350.jpg,Is there a car in the image?,no,adversarial,car,کیا تصویر میں کوئی کار ہے؟,Kya tasveer mein gaari hai?
550350,COCO_val2014_000000550350.jpg,Is there a chair in the image?,no,adversarial,chair,کیا تصویر میں کرسی ہے؟,Kya tasveer mein kursi hai?
450037,COCO_val2014_000000450037.jpg,Is there a horse in the image?,yes,random,horse,کیا تصویر میں گھوڑا ہے؟,Kya tasveer mein ghora hai?
450037,COCO_val2014_000000450037.jpg,Is there a car in the image?,yes,random,car,کیا تصویر میں کوئی کار ہے؟,Kya tasveer mein gaari hai?
450037,COCO_val2014_000000450037.jpg,Is there a person in the image?,yes,random,person,کیا تصویر میں کوئی شخص ہے؟,Kya tasveer mein insaan hai?
450037,COCO_val2014_000000450037.jpg,Is there a bus in the image?,no,random,bus,کیا تصویر میں بس ہے؟,Kya tasveer mein bus hai?
450037,COCO_val2014_000000450037.jpg,Is there a traffic light in the image?,no,random,traffic light,کیا تصویر میں ٹریفک لائٹ ہے؟,Kya tasveer mein traffic signal hai?
450037,COCO_val2014_000000450037.jpg,Is there a mouse in the image?,no,random,mouse,کیا تصویر میں کوئی چوہا ہے؟,Kya tasveer mein mouse hai?
450037,COCO_val2014_000000450037.jpg,Is there a car in the image?,yes,popular,car,کیا تصویر میں کوئی کار ہے؟,Kya tasveer mein gaari hai?
450037,COCO_val2014_000000450037.jpg,Is there a horse in the image?,yes,popular,horse,کیا تصویر میں گھوڑا ہے؟,Kya tasveer mein ghora hai?
450037,COCO_val2014_000000450037.jpg,Is there a person in the image?,yes,popular,person,کیا تصویر میں کوئی شخص ہے؟,Kya tasveer mein insaan hai?
450037,COCO_val2014_000000450037.jpg,Is there a chair in the image?,no,popular,chair,کیا تصویر میں کرسی ہے؟,Kya tasveer mein kursi hai?
450037,COCO_val2014_000000450037.jpg,Is there a book in the image?,no,popular,book,کیا تصویر میں کوئی کتاب ہے؟,Kya tasveer mein kitaab hai?
450037,COCO_val2014_000000450037.jpg,Is there a bottle in the image?,no,popular,bottle,کیا تصویر میں کوئی بوتل ہے؟,Kya tasveer mein botal hai?
450037,COCO_val2014_000000450037.jpg,Is there a car in the image?,yes,adversarial,car,کیا تصویر میں کوئی کار ہے؟,Kya tasveer mein gaari hai?
450037,COCO_val2014_000000450037.jpg,Is there a horse in the image?,yes,adversarial,horse,کیا تصویر میں گھوڑا ہے؟,Kya tasveer mein ghora hai?
450037,COCO_val2014_000000450037.jpg,Is there a person in the image?,yes,adversarial,person,کیا تصویر میں کوئی شخص ہے؟,Kya tasveer mein insaan hai?
450037,COCO_val2014_000000450037.jpg,Is there a chair in the image?,no,adversarial,chair,کیا تصویر میں کرسی ہے؟,Kya tasveer mein kursi hai?
450037,COCO_val2014_000000450037.jpg,Is there a book in the image?,no,adversarial,book,کیا تصویر میں کوئی کتاب ہے؟,Kya tasveer mein kitaab hai?
450037,COCO_val2014_000000450037.jpg,Is there a bottle in the image?,no,adversarial,bottle,کیا تصویر میں کوئی بوتل ہے؟,Kya tasveer mein botal hai?
228335,COCO_val2014_000000228335.jpg,Is there a refrigerator in the image?,yes,random,refrigerator,کیا تصویر میں ریفریجریٹر ہے؟,Kya tasveer mein fridge hai?
228335,COCO_val2014_000000228335.jpg,Is there a book in the image?,yes,random,book,کیا تصویر میں کوئی کتاب ہے؟,Kya tasveer mein kitaab hai?
228335,COCO_val2014_000000228335.jpg,Is there a vase in the image?,yes,random,vase,کیا تصویر میں گلدان ہے؟,Kya tasveer mein phool daani hai?
228335,COCO_val2014_000000228335.jpg,Is there a sheep in the image?,no,random,sheep,کیا تصویر میں بھیڑ ہے؟,Kya tasveer mein bhed hai?
228335,COCO_val2014_000000228335.jpg,Is there a boat in the image?,no,random,boat,کیا تصویر میں کوئی کشتی ہے؟,Kya tasveer mein kashti hai?
228335,COCO_val2014_000000228335.jpg,Is there a dog in the image?,no,random,dog,کیا تصویر میں کتا ہے؟,Kya tasveer mein kutta hai?
228335,COCO_val2014_000000228335.jpg,Is there a vase in the image?,yes,popular,vase,کیا تصویر میں گلدان ہے؟,Kya tasveer mein phool daani hai?
228335,COCO_val2014_000000228335.jpg,Is there a spoon in the image?,yes,popular,spoon,کیا تصویر میں چمچ ہے؟,Kya tasveer mein chamach hai?
228335,COCO_val2014_000000228335.jpg,Is there a chair in the image?,yes,popular,chair,کیا تصویر میں کرسی ہے؟,Kya tasveer mein kursi hai?
228335,COCO_val2014_000000228335.jpg,Is there a person in the image?,no,popular,person,کیا تصویر میں کوئی شخص ہے؟,Kya tasveer mein insaan hai?
228335,COCO_val2014_000000228335.jpg,Is there a car in the image?,no,popular,car,کیا تصویر میں کوئی کار ہے؟,Kya tasveer mein gaari hai?
228335,COCO_val2014_000000228335.jpg,Is there a bottle in the image?,no,popular,bottle,کیا تصویر میں کوئی بوتل ہے؟,Kya tasveer mein botal hai?
228335,COCO_val2014_000000228335.jpg,Is there a chair in the image?,yes,adversarial,chair,کیا تصویر میں کرسی ہے؟,Kya tasveer mein kursi hai?
228335,COCO_val2014_000000228335.jpg,Is there a potted plant in the image?,yes,adversarial,potted plant,کیا تصویر میں کوئی پودا ہے؟,Kya tasveer mein gamla hai?
228335,COCO_val2014_000000228335.jpg,Is there a vase in the image?,yes,adversarial,vase,کیا تصویر میں گلدان ہے؟,Kya tasveer mein phool daani hai?
228335,COCO_val2014_000000228335.jpg,Is there a person in the image?,no,adversarial,person,کیا تصویر میں کوئی شخص ہے؟,Kya tasveer mein insaan hai?
228335,COCO_val2014_000000228335.jpg,Is there a car in the image?,no,adversarial,car,کیا تصویر میں کوئی کار ہے؟,Kya tasveer mein gaari hai?
228335,COCO_val2014_000000228335.jpg,Is there a bottle in the image?,no,adversarial,bottle,کیا تصویر میں کوئی بوتل ہے؟,Kya tasveer mein botal hai?
275979,COCO_val2014_000000275979.jpg,Is there a chair in the image?,yes,random,chair,کیا تصویر میں کرسی ہے؟,Kya tasveer mein kursi hai?
275979,COCO_val2014_000000275979.jpg,Is there a cat in the image?,yes,random,cat,کیا تصویر میں بلی ہے؟,Kya tasveer mein billi hai?
275979,COCO_val2014_000000275979.jpg,Is there a scissors in the image?,yes,random,scissors,کیا تصویر میں قینچی ہے؟,Kya tasveer mein qainchi hai?
275979,COCO_val2014_000000275979.jpg,Is there a parking meter in the image?,no,random,parking meter,کیا تصویر میں پارکنگ میٹر ہے؟,Kya tasveer mein parking meter hai?
275979,COCO_val2014_000000275979.jpg,Is there a bird in the image?,no,random,bird,کیا تصویر میں کوئی پرندہ ہے؟,Kya tasveer mein chirya hai?
275979,COCO_val2014_000000275979.jpg,Is there a book in the image?,no,random,book,کیا تصویر میں کوئی کتاب ہے؟,Kya tasveer mein kitaab hai?
275979,COCO_val2014_000000275979.jpg,Is there a cat in the image?,yes,popular,cat,کیا تصویر میں بلی ہے؟,Kya tasveer mein billi hai?
275979,COCO_val2014_000000275979.jpg,Is there a scissors in the image?,yes,popular,scissors,کیا تصویر میں قینچی ہے؟,Kya tasveer mein qainchi hai?
275979,COCO_val2014_000000275979.jpg,Is there a chair in the image?,yes,popular,chair,کیا تصویر میں کرسی ہے؟,Kya tasveer mein kursi hai?
275979,COCO_val2014_000000275979.jpg,Is there a person in the image?,no,popular,person,کیا تصویر میں کوئی شخص ہے؟,Kya tasveer mein insaan hai?
275979,COCO_val2014_000000275979.jpg,Is there a car in the image?,no,popular,car,کیا تصویر میں کوئی کار ہے؟,Kya tasveer mein gaari hai?
275979,COCO_val2014_000000275979.jpg,Is there a book in the image?,no,popular,book,کیا تصویر میں کوئی کتاب ہے؟,Kya tasveer mein kitaab hai?
275979,COCO_val2014_000000275979.jpg,Is there a cat in the image?,yes,adversarial,cat,کیا تصویر میں بلی ہے؟,Kya tasveer mein billi hai?
275979,COCO_val2014_000000275979.jpg,Is there a scissors in the image?,yes,adversarial,scissors,کیا تصویر میں قینچی ہے؟,Kya tasveer mein qainchi hai?
275979,COCO_val2014_000000275979.jpg,Is there a chair in the image?,yes,adversarial,chair,کیا تصویر میں کرسی ہے؟,Kya tasveer mein kursi hai?
275979,COCO_val2014_000000275979.jpg,Is there a person in the image?,no,adversarial,person,کیا تصویر میں کوئی شخص ہے؟,Kya tasveer mein insaan hai?
275979,COCO_val2014_000000275979.jpg,Is there a car in the image?,no,adversarial,car,کیا تصویر میں کوئی کار ہے؟,Kya tasveer mein gaari hai?
275979,COCO_val2014_000000275979.jpg,Is there a book in the image?,no,adversarial,book,کیا تصویر میں کوئی کتاب ہے؟,Kya tasveer mein kitaab hai?
462527,COCO_val2014_000000462527.jpg,Is there a microwave in the image?,yes,random,microwave,کیا تصویر میں مائکروویو ہے؟,Kya tasveer mein microwave hai?
462527,COCO_val2014_000000462527.jpg,Is there a sink in the image?,yes,random,sink,کیا تصویر میں کوئی سنک ہے؟,Kya tasveer mein sink hai?
462527,COCO_val2014_000000462527.jpg,Is there a refrigerator in the image?,yes,random,refrigerator,کیا تصویر میں ریفریجریٹر ہے؟,Kya tasveer mein fridge hai?
462527,COCO_val2014_000000462527.jpg,Is there a parking meter in the image?,no,random,parking meter,کیا تصویر میں پارکنگ میٹر ہے؟,Kya tasveer mein parking meter hai?
462527,COCO_val2014_000000462527.jpg,Is there a wine glass in the image?,no,random,wine glass,کیا تصویر میں شراب کا گلاس ہے؟,Kya tasveer mein gilaas hai?
462527,COCO_val2014_000000462527.jpg,Is there a donut in the image?,no,random,donut,کیا تصویر میں ڈونٹ ہے؟,Kya tasveer mein donut hai?
462527,COCO_val2014_000000462527.jpg,Is there a microwave in the image?,yes,popular,microwave,کیا تصویر میں مائکروویو ہے؟,Kya tasveer mein microwave hai?
462527,COCO_val2014_000000462527.jpg,Is there a sink in the image?,yes,popular,sink,کیا تصویر میں کوئی سنک ہے؟,Kya tasveer mein sink hai?
462527,COCO_val2014_000000462527.jpg,Is there a refrigerator in the image?,yes,popular,refrigerator,کیا تصویر میں ریفریجریٹر ہے؟,Kya tasveer mein fridge hai?
462527,COCO_val2014_000000462527.jpg,Is there a person in the image?,no,popular,person,کیا تصویر میں کوئی شخص ہے؟,Kya tasveer mein insaan hai?
462527,COCO_val2014_000000462527.jpg,Is there a car in the image?,no,popular,car,کیا تصویر میں کوئی کار ہے؟,Kya tasveer mein gaari hai?
462527,COCO_val2014_000000462527.jpg,Is there a chair in the image?,no,popular,chair,کیا تصویر میں کرسی ہے؟,Kya tasveer mein kursi hai?
462527,COCO_val2014_000000462527.jpg,Is there a refrigerator in the image?,yes,adversarial,refrigerator,کیا تصویر میں ریفریجریٹر ہے؟,Kya tasveer mein fridge hai?
462527,COCO_val2014_000000462527.jpg,Is there a microwave in the image?,yes,adversarial,microwave,کیا تصویر میں مائکروویو ہے؟,Kya tasveer mein microwave hai?
462527,COCO_val2014_000000462527.jpg,Is there a sink in the image?,yes,adversarial,sink,کیا تصویر میں کوئی سنک ہے؟,Kya tasveer mein sink hai?
462527,COCO_val2014_000000462527.jpg,Is there a person in the image?,no,adversarial,person,کیا تصویر میں کوئی شخص ہے؟,Kya tasveer mein insaan hai?
462527,COCO_val2014_000000462527.jpg,Is there a car in the image?,no,adversarial,car,کیا تصویر میں کوئی کار ہے؟,Kya tasveer mein gaari hai?
462527,COCO_val2014_000000462527.jpg,Is there a chair in the image?,no,adversarial,chair,کیا تصویر میں کرسی ہے؟,Kya tasveer mein kursi hai?
28842,COCO_val2014_000000028842.jpg,Is there a person in the image?,yes,random,person,کیا تصویر میں کوئی شخص ہے؟,Kya tasveer mein insaan hai?
28842,COCO_val2014_000000028842.jpg,Is there a skateboard in the image?,yes,random,skateboard,کیا تصویر میں اسکیٹ بورڈ ہے؟,Kya tasveer mein skateboard hai?
28842,COCO_val2014_000000028842.jpg,Is there a dog in the image?,yes,random,dog,کیا تصویر میں کتا ہے؟,Kya tasveer mein kutta hai?
28842,COCO_val2014_000000028842.jpg,Is there a potted plant in the image?,no,random,potted plant,کیا تصویر میں کوئی پودا ہے؟,Kya tasveer mein gamla hai?
28842,COCO_val2014_000000028842.jpg,Is there a bench in the image?,no,random,bench,کیا تصویر میں کوئی بینچ ہے؟,Kya tasveer mein bench hai?
28842,COCO_val2014_000000028842.jpg,Is there a broccoli in the image?,no,random,broccoli,کیا تصویر میں بروکولی ہے؟,Kya tasveer mein broccoli hai?
28842,COCO_val2014_000000028842.jpg,Is there a person in the image?,yes,popular,person,کیا تصویر میں کوئی شخص ہے؟,Kya tasveer mein insaan hai?
28842,COCO_val2014_000000028842.jpg,Is there a skateboard in the image?,yes,popular,skateboard,کیا تصویر میں اسکیٹ بورڈ ہے؟,Kya tasveer mein skateboard hai?
28842,COCO_val2014_000000028842.jpg,Is there a dog in the image?,yes,popular,dog,کیا تصویر میں کتا ہے؟,Kya tasveer mein kutta hai?
28842,COCO_val2014_000000028842.jpg,Is there a car in the image?,no,popular,car,کیا تصویر میں کوئی کار ہے؟,Kya tasveer mein gaari hai?
28842,COCO_val2014_000000028842.jpg,Is there a chair in the image?,no,popular,chair,کیا تصویر میں کرسی ہے؟,Kya tasveer mein kursi hai?
28842,COCO_val2014_000000028842.jpg,Is there a book in the image?,no,popular,book,کیا تصویر میں کوئی کتاب ہے؟,Kya tasveer mein kitaab hai?
28842,COCO_val2014_000000028842.jpg,Is there a skateboard in the image?,yes,adversarial,skateboard,کیا تصویر میں اسکیٹ بورڈ ہے؟,Kya tasveer mein skateboard hai?
28842,COCO_val2014_000000028842.jpg,Is there a person in the image?,yes,adversarial,person,کیا تصویر میں کوئی شخص ہے؟,Kya tasveer mein insaan hai?
28842,COCO_val2014_000000028842.jpg,Is there a dog in the image?,yes,adversarial,dog,کیا تصویر میں کتا ہے؟,Kya tasveer mein kutta hai?
28842,COCO_val2014_000000028842.jpg,Is there a car in the image?,no,adversarial,car,کیا تصویر میں کوئی کار ہے؟,Kya tasveer mein gaari hai?
28842,COCO_val2014_000000028842.jpg,Is there a chair in the image?,no,adversarial,chair,کیا تصویر میں کرسی ہے؟,Kya tasveer mein kursi hai?
28842,COCO_val2014_000000028842.jpg,Is there a book in the image?,no,adversarial,book,کیا تصویر میں کوئی کتاب ہے؟,Kya tasveer mein kitaab hai?
415073,COCO_val2014_000000415073.jpg,Is there a tie in the image?,yes,random,tie,کیا تصویر میں ٹائی ہے؟,Kya tasveer mein tie hai?
415073,COCO_val2014_000000415073.jpg,Is there a chair in the image?,yes,random,chair,کیا تصویر میں کرسی ہے؟,Kya tasveer mein kursi hai?
415073,COCO_val2014_000000415073.jpg,Is there a bottle in the image?,yes,random,bottle,کیا تصویر میں کوئی بوتل ہے؟,Kya tasveer mein botal hai?
415073,COCO_val2014_000000415073.jpg,Is there a truck in the image?,no,random,truck,کیا تصویر میں کوئی ٹرک ہے؟,Kya tasveer mein truck hai?
415073,COCO_val2014_000000415073.jpg,Is there a tennis racket in the image?,no,random,tennis racket,کیا تصویر میں ٹینس ریکیٹ ہے؟,Kya tasveer mein tennis ka racket hai?
415073,COCO_val2014_000000415073.jpg,Is there a fork in the image?,no,random,fork,کیا تصویر میں کانٹا ہے؟,Kya tasveer mein kaanta hai?
415073,COCO_val2014_000000415073.jpg,Is there a tie in the image?,yes,popular,tie,کیا تصویر میں ٹائی ہے؟,Kya tasveer mein tie hai?
415073,COCO_val2014_000000415073.jpg,Is there a dining table in the image?,yes,popular,dining table,کیا تصویر میں کھانے کی میز ہے؟,Kya tasveer mein khane ki mez hai?
415073,COCO_val2014_000000415073.jpg,Is there a bottle in the image?,yes,popular,bottle,کیا تصویر میں کوئی بوتل ہے؟,Kya tasveer mein botal hai?
415073,COCO_val2014_000000415073.jpg,Is there a car in the image?,no,popular,car,کیا تصویر میں کوئی کار ہے؟,Kya tasveer mein gaari hai?
415073,COCO_val2014_000000415073.jpg,Is there a book in the image?,no,popular,book,کیا تصویر میں کوئی کتاب ہے؟,Kya tasveer mein kitaab hai?
415073,COCO_val2014_000000415073.jpg,Is there a cup in the image?,no,popular,cup,کیا تصویر میں کپ ہے؟,Kya tasveer mein cup hai?
415073,COCO_val2014_000000415073.jpg,Is there a bottle in the image?,yes,adversarial,bottle,کیا تصویر میں کوئی بوتل ہے؟,Kya tasveer mein botal hai?
415073,COCO_val2014_000000415073.jpg,Is there a person in the image?,yes,adversarial,person,کیا تصویر میں کوئی شخص ہے؟,Kya tasveer mein insaan hai?
415073,COCO_val2014_000000415073.jpg,Is there a dining table in the image?,yes,adversarial,dining table,کیا تصویر میں کھانے کی میز ہے؟,Kya tasveer mein khane ki mez hai?
415073,COCO_val2014_000000415073.jpg,Is there a car in the image?,no,adversarial,car,کیا تصویر میں کوئی کار ہے؟,Kya tasveer mein gaari hai?
415073,COCO_val2014_000000415073.jpg,Is there a book in the image?,no,adversarial,book,کیا تصویر میں کوئی کتاب ہے؟,Kya tasveer mein kitaab hai?
415073,COCO_val2014_000000415073.jpg,Is there a cup in the image?,no,adversarial,cup,کیا تصویر میں کپ ہے؟,Kya tasveer mein cup hai?
281687,COCO_val2014_000000281687.jpg,Is there a handbag in the image?,yes,random,handbag,کیا تصویر میں ہینڈ بیگ ہے؟,Kya tasveer mein handbag hai?
281687,COCO_val2014_000000281687.jpg,Is there a person in the image?,yes,random,person,کیا تصویر میں کوئی شخص ہے؟,Kya tasveer mein insaan hai?
281687,COCO_val2014_000000281687.jpg,Is there a cell phone in the image?,yes,random,cell phone,کیا تصویر میں سیل فون ہے؟,Kya tasveer mein mobile hai?
281687,COCO_val2014_000000281687.jpg,Is there a apple in the image?,no,random,apple,کیا تصویر میں ایک سیب ہے؟,Kya tasveer mein seb hai?
281687,COCO_val2014_000000281687.jpg,Is there a vase in the image?,no,random,vase,کیا تصویر میں گلدان ہے؟,Kya tasveer mein phool daani hai?
281687,COCO_val2014_000000281687.jpg,Is there a broccoli in the image?,no,random,broccoli,کیا تصویر میں بروکولی ہے؟,Kya tasveer mein broccoli hai?
281687,COCO_val2014_000000281687.jpg,Is there a person in the image?,yes,popular,person,کیا تصویر میں کوئی شخص ہے؟,Kya tasveer mein insaan hai?
281687,COCO_val2014_000000281687.jpg,Is there a car in the image?,yes,popular,car,کیا تصویر میں کوئی کار ہے؟,Kya tasveer mein gaari hai?
281687,COCO_val2014_000000281687.jpg,Is there a handbag in the image?,yes,popular,handbag,کیا تصویر میں ہینڈ بیگ ہے؟,Kya tasveer mein handbag hai?
281687,COCO_val2014_000000281687.jpg,Is there a chair in the image?,no,popular,chair,کیا تصویر میں کرسی ہے؟,Kya tasveer mein kursi hai?
281687,COCO_val2014_000000281687.jpg,Is there a book in the image?,no,popular,book,کیا تصویر میں کوئی کتاب ہے؟,Kya tasveer mein kitaab hai?
281687,COCO_val2014_000000281687.jpg,Is there a bottle in the image?,no,popular,bottle,کیا تصویر میں کوئی بوتل ہے؟,Kya tasveer mein botal hai?
281687,COCO_val2014_000000281687.jpg,Is there a handbag in the image?,yes,adversarial,handbag,کیا تصویر میں ہینڈ بیگ ہے؟,Kya tasveer mein handbag hai?
281687,COCO_val2014_000000281687.jpg,Is there a cell phone in the image?,yes,adversarial,cell phone,کیا تصویر میں سیل فون ہے؟,Kya tasveer mein mobile hai?
281687,COCO_val2014_000000281687.jpg,Is there a person in the image?,yes,adversarial,person,کیا تصویر میں کوئی شخص ہے؟,Kya tasveer mein insaan hai?
281687,COCO_val2014_000000281687.jpg,Is there a chair in the image?,no,adversarial,chair,کیا تصویر میں کرسی ہے؟,Kya tasveer mein kursi hai?
281687,COCO_val2014_000000281687.jpg,Is there a book in the image?,no,adversarial,book,کیا تصویر میں کوئی کتاب ہے؟,Kya tasveer mein kitaab hai?
281687,COCO_val2014_000000281687.jpg,Is there a bottle in the image?,no,adversarial,bottle,کیا تصویر میں کوئی بوتل ہے؟,Kya tasveer mein botal hai?
248089,COCO_val2014_000000248089.jpg,Is there a tv in the image?,yes,random,tv,کیا تصویر میں ٹی وی ہے؟,Kya tasveer mein tv hai?
248089,COCO_val2014_000000248089.jpg,Is there a remote in the image?,yes,random,remote,کیا تصویر میں کوئی ریموٹ ہے؟,Kya tasveer mein remote hai?
248089,COCO_val2014_000000248089.jpg,Is there a person in the image?,yes,random,person,کیا تصویر میں کوئی شخص ہے؟,Kya tasveer mein insaan hai?
248089,COCO_val2014_000000248089.jpg,Is there a backpack in the image?,no,random,backpack,کیا تصویر میں کوئی بیگ ہے؟,Kya tasveer mein bag hai?
248089,COCO_val2014_000000248089.jpg,Is there a baseball glove in the image?,no,random,baseball glove,کیا تصویر میں بیس بال کا دستانہ ہے؟,Kya tasveer mein baseball ka dastaana hai?
248089,COCO_val2014_000000248089.jpg,Is there a wine glass in the image?,no,random,wine glass,کیا تصویر میں شراب کا گلاس ہے؟,Kya tasveer mein gilaas hai?
248089,COCO_val2014_000000248089.jpg,Is there a remote in the image?,yes,popular,remote,کیا تصویر میں کوئی ریموٹ ہے؟,Kya tasveer mein remote hai?
248089,COCO_val2014_000000248089.jpg,Is there a tv in the image?,yes,popular,tv,کیا تصویر میں ٹی وی ہے؟,Kya tasveer mein tv hai?
248089,COCO_val2014_000000248089.jpg,Is there a person in the image?,yes,popular,person,کیا تصویر میں کوئی شخص ہے؟,Kya tasveer mein insaan hai?
248089,COCO_val2014_000000248089.jpg,Is there a car in the image?,no,popular,car,کیا تصویر میں کوئی کار ہے؟,Kya tasveer mein gaari hai?
248089,COCO_val2014_000000248089.jpg,Is there a chair in the image?,no,popular,chair,کیا تصویر میں کرسی ہے؟,Kya tasveer mein kursi hai?
248089,COCO_val2014_000000248089.jpg,Is there a book in the image?,no,popular,book,کیا تصویر میں کوئی کتاب ہے؟,Kya tasveer mein kitaab hai?
248089,COCO_val2014_000000248089.jpg,Is there a person in the image?,yes,adversarial,person,کیا تصویر میں کوئی شخص ہے؟,Kya tasveer mein insaan hai?
248089,COCO_val2014_000000248089.jpg,Is there a tv in the image?,yes,adversarial,tv,کیا تصویر میں ٹی وی ہے؟,Kya tasveer mein tv hai?
248089,COCO_val2014_000000248089.jpg,Is there a remote in the image?,yes,adversarial,remote,کیا تصویر میں کوئی ریموٹ ہے؟,Kya tasveer mein remote hai?
248089,COCO_val2014_000000248089.jpg,Is there a car in the image?,no,adversarial,car,کیا تصویر میں کوئی کار ہے؟,Kya tasveer mein gaari hai?
248089,COCO_val2014_000000248089.jpg,Is there a chair in the image?,no,adversarial,chair,کیا تصویر میں کرسی ہے؟,Kya tasveer mein kursi hai?
248089,COCO_val2014_000000248089.jpg,Is there a book in the image?,no,adversarial,book,کیا تصویر میں کوئی کتاب ہے؟,Kya tasveer mein kitaab hai?
44839,COCO_val2014_000000044839.jpg,Is there a dining table in the image?,yes,random,dining table,کیا تصویر میں کھانے کی میز ہے؟,Kya tasveer mein khane ki mez hai?
44839,COCO_val2014_000000044839.jpg,Is there a person in the image?,yes,random,person,کیا تصویر میں کوئی شخص ہے؟,Kya tasveer mein insaan hai?
44839,COCO_val2014_000000044839.jpg,Is there a spoon in the image?,yes,random,spoon,کیا تصویر میں چمچ ہے؟,Kya tasveer mein chamach hai?
44839,COCO_val2014_000000044839.jpg,Is there a parking meter in the image?,no,random,parking meter,کیا تصویر میں پارکنگ میٹر ہے؟,Kya tasveer mein parking meter hai?
44839,COCO_val2014_000000044839.jpg,Is there a clock in the image?,no,random,clock,کیا تصویر میں کوئی گھڑی ہے؟,Kya tasveer mein ghadi hai?
44839,COCO_val2014_000000044839.jpg,Is there a suitcase in the image?,no,random,suitcase,کیا تصویر میں کوئی سوٹ کیس ہے؟,Kya tasveer mein suitcase hai?
44839,COCO_val2014_000000044839.jpg,Is there a cup in the image?,yes,popular,cup,کیا تصویر میں کپ ہے؟,Kya tasveer mein cup hai?
44839,COCO_val2014_000000044839.jpg,Is there a spoon in the image?,yes,popular,spoon,کیا تصویر میں چمچ ہے؟,Kya tasveer mein chamach hai?
44839,COCO_val2014_000000044839.jpg,Is there a fork in the image?,yes,popular,fork,کیا تصویر میں کانٹا ہے؟,Kya tasveer mein kaanta hai?
44839,COCO_val2014_000000044839.jpg,Is there a car in the image?,no,popular,car,کیا تصویر میں کوئی کار ہے؟,Kya tasveer mein gaari hai?
44839,COCO_val2014_000000044839.jpg,Is there a chair in the image?,no,popular,chair,کیا تصویر میں کرسی ہے؟,Kya tasveer mein kursi hai?
44839,COCO_val2014_000000044839.jpg,Is there a book in the image?,no,popular,book,کیا تصویر میں کوئی کتاب ہے؟,Kya tasveer mein kitaab hai?
44839,COCO_val2014_000000044839.jpg,Is there a cake in the image?,yes,adversarial,cake,کیا تصویر میں کیک ہے؟,Kya tasveer mein cake hai?
44839,COCO_val2014_000000044839.jpg,Is there a person in the image?,yes,adversarial,person,کیا تصویر میں کوئی شخص ہے؟,Kya tasveer mein insaan hai?
44839,COCO_val2014_000000044839.jpg,Is there a spoon in the image?,yes,adversarial,spoon,کیا تصویر میں چمچ ہے؟,Kya tasveer mein chamach hai?
44839,COCO_val2014_000000044839.jpg,Is there a car in the image?,no,adversarial,car,کیا تصویر میں کوئی کار ہے؟,Kya tasveer mein gaari hai?
44839,COCO_val2014_000000044839.jpg,Is there a chair in the image?,no,adversarial,chair,کیا تصویر میں کرسی ہے؟,Kya tasveer mein kursi hai?
44839,COCO_val2014_000000044839.jpg,Is there a book in the image?,no,adversarial,book,کیا تصویر میں کوئی کتاب ہے؟,Kya tasveer mein kitaab hai?
433787,COCO_val2014_000000433787.jpg,Is there a surfboard in the image?,yes,random,surfboard,کیا تصویر میں کوئی سرف بورڈ ہے؟,Kya tasveer mein surfboard hai?
433787,COCO_val2014_000000433787.jpg,Is there a bird in the image?,yes,random,bird,کیا تصویر میں کوئی پرندہ ہے؟,Kya tasveer mein chirya hai?
433787,COCO_val2014_000000433787.jpg,Is there a person in the image?,yes,random,person,کیا تصویر میں کوئی شخص ہے؟,Kya tasveer mein insaan hai?
433787,COCO_val2014_000000433787.jpg,Is there a truck in the image?,no,random,truck,کیا تصویر میں کوئی ٹرک ہے؟,Kya tasveer mein truck hai?
433787,COCO_val2014_000000433787.jpg,Is there a bear in the image?,no,random,bear,کیا تصویر میں ریچھ ہے؟,Kya tasveer mein bhalu hai?
433787,COCO_val2014_000000433787.jpg,Is there a zebra in the image?,no,random,zebra,کیا تصویر میں زیبرا ہے؟,Kya tasveer mein zebra hai?
433787,COCO_val2014_000000433787.jpg,Is there a bird in the image?,yes,popular,bird,کیا تصویر میں کوئی پرندہ ہے؟,Kya tasveer mein chirya hai?
433787,COCO_val2014_000000433787.jpg,Is there a person in the image?,yes,popular,person,کیا تصویر میں کوئی شخص ہے؟,Kya tasveer mein insaan hai?
433787,COCO_val2014_000000433787.jpg,Is there a surfboard in the image?,yes,popular,surfboard,کیا تصویر میں کوئی سرف بورڈ ہے؟,Kya tasveer mein surfboard hai?
433787,COCO_val2014_000000433787.jpg,Is there a car in the image?,no,popular,car,کیا تصویر میں کوئی کار ہے؟,Kya tasveer mein gaari hai?
433787,COCO_val2014_000000433787.jpg,Is there a chair in the image?,no,popular,chair,کیا تصویر میں کرسی ہے؟,Kya tasveer mein kursi hai?
433787,COCO_val2014_000000433787.jpg,Is there a book in the image?,no,popular,book,کیا تصویر میں کوئی کتاب ہے؟,Kya tasveer mein kitaab hai?
433787,COCO_val2014_000000433787.jpg,Is there a surfboard in the image?,yes,adversarial,surfboard,کیا تصویر میں کوئی سرف بورڈ ہے؟,Kya tasveer mein surfboard hai?
433787,COCO_val2014_000000433787.jpg,Is there a bird in the image?,yes,adversarial,bird,کیا تصویر میں کوئی پرندہ ہے؟,Kya tasveer mein chirya hai?
433787,COCO_val2014_000000433787.jpg,Is there a person in the image?,yes,adversarial,person,کیا تصویر میں کوئی شخص ہے؟,Kya tasveer mein insaan hai?
433787,COCO_val2014_000000433787.jpg,Is there a car in the image?,no,adversarial,car,کیا تصویر میں کوئی کار ہے؟,Kya tasveer mein gaari hai?
433787,COCO_val2014_000000433787.jpg,Is there a chair in the image?,no,adversarial,chair,کیا تصویر میں کرسی ہے؟,Kya tasveer mein kursi hai?
433787,COCO_val2014_000000433787.jpg,Is there a book in the image?,no,adversarial,book,کیا تصویر میں کوئی کتاب ہے؟,Kya tasveer mein kitaab hai?
577219,COCO_val2014_000000577219.jpg,Is there a horse in the image?,yes,random,horse,کیا تصویر میں گھوڑا ہے؟,Kya tasveer mein ghora hai?
577219,COCO_val2014_000000577219.jpg,Is there a backpack in the image?,yes,random,backpack,کیا تصویر میں کوئی بیگ ہے؟,Kya tasveer mein bag hai?
577219,COCO_val2014_000000577219.jpg,Is there a person in the image?,yes,random,person,کیا تصویر میں کوئی شخص ہے؟,Kya tasveer mein insaan hai?
577219,COCO_val2014_000000577219.jpg,Is there a surfboard in the image?,no,random,surfboard,کیا تصویر میں کوئی سرف بورڈ ہے؟,Kya tasveer mein surfboard hai?
577219,COCO_val2014_000000577219.jpg,Is there a skis in the image?,no,random,skis,کیا تصویر میں کوئی سکی ہے؟,Kya tasveer mein skis hai?
577219,COCO_val2014_000000577219.jpg,Is there a microwave in the image?,no,random,microwave,کیا تصویر میں مائکروویو ہے؟,Kya tasveer mein microwave hai?
577219,COCO_val2014_000000577219.jpg,Is there a person in the image?,yes,popular,person,کیا تصویر میں کوئی شخص ہے؟,Kya tasveer mein insaan hai?
577219,COCO_val2014_000000577219.jpg,Is there a horse in the image?,yes,popular,horse,کیا تصویر میں گھوڑا ہے؟,Kya tasveer mein ghora hai?
577219,COCO_val2014_000000577219.jpg,Is there a backpack in the image?,yes,popular,backpack,کیا تصویر میں کوئی بیگ ہے؟,Kya tasveer mein bag hai?
577219,COCO_val2014_000000577219.jpg,Is there a car in the image?,no,popular,car,کیا تصویر میں کوئی کار ہے؟,Kya tasveer mein gaari hai?
577219,COCO_val2014_000000577219.jpg,Is there a chair in the image?,no,popular,chair,کیا تصویر میں کرسی ہے؟,Kya tasveer mein kursi hai?
577219,COCO_val2014_000000577219.jpg,Is there a book in the image?,no,popular,book,کیا تصویر میں کوئی کتاب ہے؟,Kya tasveer mein kitaab hai?
577219,COCO_val2014_000000577219.jpg,Is there a person in the image?,yes,adversarial,person,کیا تصویر میں کوئی شخص ہے؟,Kya tasveer mein insaan hai?
577219,COCO_val2014_000000577219.jpg,Is there a horse in the image?,yes,adversarial,horse,کیا تصویر میں گھوڑا ہے؟,Kya tasveer mein ghora hai?
577219,COCO_val2014_000000577219.jpg,Is there a backpack in the image?,yes,adversarial,backpack,کیا تصویر میں کوئی بیگ ہے؟,Kya tasveer mein bag hai?
577219,COCO_val2014_000000577219.jpg,Is there a car in the image?,no,adversarial,car,کیا تصویر میں کوئی کار ہے؟,Kya tasveer mein gaari hai?
577219,COCO_val2014_000000577219.jpg,Is there a chair in the image?,no,adversarial,chair,کیا تصویر میں کرسی ہے؟,Kya tasveer mein kursi hai?
577219,COCO_val2014_000000577219.jpg,Is there a book in the image?,no,adversarial,book,کیا تصویر میں کوئی کتاب ہے؟,Kya tasveer mein kitaab hai?
498400,COCO_val2014_000000498400.jpg,Is there a potted plant in the image?,yes,random,potted plant,کیا تصویر میں کوئی پودا ہے؟,Kya tasveer mein gamla hai?
498400,COCO_val2014_000000498400.jpg,Is there a truck in the image?,yes,random,truck,کیا تصویر میں کوئی ٹرک ہے؟,Kya tasveer mein truck hai?
498400,COCO_val2014_000000498400.jpg,Is there a person in the image?,yes,random,person,کیا تصویر میں کوئی شخص ہے؟,Kya tasveer mein insaan hai?
498400,COCO_val2014_000000498400.jpg,Is there a traffic light in the image?,no,random,traffic light,کیا تصویر میں ٹریفک لائٹ ہے؟,Kya tasveer mein traffic signal hai?
498400,COCO_val2014_000000498400.jpg,Is there a kite in the image?,no,random,kite,کیا تصویر میں پتنگ ہے؟,Kya tasveer mein patang hai?
498400,COCO_val2014_000000498400.jpg,Is there a chair in the image?,no,random,chair,کیا تصویر میں کرسی ہے؟,Kya tasveer mein kursi hai?
498400,COCO_val2014_000000498400.jpg,Is there a potted plant in the image?,yes,popular,potted plant,کیا تصویر میں کوئی پودا ہے؟,Kya tasveer mein gamla hai?
498400,COCO_val2014_000000498400.jpg,Is there a car in the image?,yes,popular,car,کیا تصویر میں کوئی کار ہے؟,Kya tasveer mein gaari hai?
498400,COCO_val2014_000000498400.jpg,Is there a truck in the image?,yes,popular,truck,کیا تصویر میں کوئی ٹرک ہے؟,Kya tasveer mein truck hai?
498400,COCO_val2014_000000498400.jpg,Is there a chair in the image?,no,popular,chair,کیا تصویر میں کرسی ہے؟,Kya tasveer mein kursi hai?
498400,COCO_val2014_000000498400.jpg,Is there a book in the image?,no,popular,book,کیا تصویر میں کوئی کتاب ہے؟,Kya tasveer mein kitaab hai?
498400,COCO_val2014_000000498400.jpg,Is there a bottle in the image?,no,popular,bottle,کیا تصویر میں کوئی بوتل ہے؟,Kya tasveer mein botal hai?
498400,COCO_val2014_000000498400.jpg,Is there a motorcycle in the image?,yes,adversarial,motorcycle,کیا تصویر میں کوئی موٹر سائیکل ہے؟,Kya tasveer mein motorcycle hai?
498400,COCO_val2014_000000498400.jpg,Is there a person in the image?,yes,adversarial,person,کیا تصویر میں کوئی شخص ہے؟,Kya tasveer mein insaan hai?
498400,COCO_val2014_000000498400.jpg,Is there a cow in the image?,yes,adversarial,cow,کیا تصویر میں گائے ہے؟,Kya tasveer mein gaay hai?
498400,COCO_val2014_000000498400.jpg,Is there a chair in the image?,no,adversarial,chair,کیا تصویر میں کرسی ہے؟,Kya tasveer mein kursi hai?
498400,COCO_val2014_000000498400.jpg,Is there a book in the image?,no,adversarial,book,کیا تصویر میں کوئی کتاب ہے؟,Kya tasveer mein kitaab hai?
498400,COCO_val2014_000000498400.jpg,Is there a bottle in the image?,no,adversarial,bottle,کیا تصویر میں کوئی بوتل ہے؟,Kya tasveer mein botal hai?
312878,COCO_val2014_000000312878.jpg,Is there a suitcase in the image?,yes,random,suitcase,کیا تصویر میں کوئی سوٹ کیس ہے؟,Kya tasveer mein suitcase hai?
312878,COCO_val2014_000000312878.jpg,Is there a traffic light in the image?,yes,random,traffic light,کیا تصویر میں ٹریفک لائٹ ہے؟,Kya tasveer mein traffic signal hai?
312878,COCO_val2014_000000312878.jpg,Is there a backpack in the image?,yes,random,backpack,کیا تصویر میں کوئی بیگ ہے؟,Kya tasveer mein bag hai?
312878,COCO_val2014_000000312878.jpg,Is there a bowl in the image?,no,random,bowl,کیا تصویر میں ایک پیالہ ہے؟,Kya tasveer mein bowl hai?
312878,COCO_val2014_000000312878.jpg,Is there a horse in the image?,no,random,horse,کیا تصویر میں گھوڑا ہے؟,Kya tasveer mein ghora hai?
312878,COCO_val2014_000000312878.jpg,Is there a bicycle in the image?,no,random,bicycle,کیا تصویر میں کوئی سائیکل ہے؟,Kya tasveer mein cycle hai?
312878,COCO_val2014_000000312878.jpg,Is there a traffic light in the image?,yes,popular,traffic light,کیا تصویر میں ٹریفک لائٹ ہے؟,Kya tasveer mein traffic signal hai?
312878,COCO_val2014_000000312878.jpg,Is there a backpack in the image?,yes,popular,backpack,کیا تصویر میں کوئی بیگ ہے؟,Kya tasveer mein bag hai?
312878,COCO_val2014_000000312878.jpg,Is there a suitcase in the image?,yes,popular,suitcase,کیا تصویر میں کوئی سوٹ کیس ہے؟,Kya tasveer mein suitcase hai?
312878,COCO_val2014_000000312878.jpg,Is there a car in the image?,no,popular,car,کیا تصویر میں کوئی کار ہے؟,Kya tasveer mein gaari hai?
312878,COCO_val2014_000000312878.jpg,Is there a chair in the image?,no,popular,chair,کیا تصویر میں کرسی ہے؟,Kya tasveer mein kursi hai?
312878,COCO_val2014_000000312878.jpg,Is there a book in the image?,no,popular,book,کیا تصویر میں کوئی کتاب ہے؟,Kya tasveer mein kitaab hai?
312878,COCO_val2014_000000312878.jpg,Is there a suitcase in the image?,yes,adversarial,suitcase,کیا تصویر میں کوئی سوٹ کیس ہے؟,Kya tasveer mein suitcase hai?
312878,COCO_val2014_000000312878.jpg,Is there a person in the image?,yes,adversarial,person,کیا تصویر میں کوئی شخص ہے؟,Kya tasveer mein insaan hai?
312878,COCO_val2014_000000312878.jpg,Is there a traffic light in the image?,yes,adversarial,traffic light,کیا تصویر میں ٹریفک لائٹ ہے؟,Kya tasveer mein traffic signal hai?
312878,COCO_val2014_000000312878.jpg,Is there a car in the image?,no,adversarial,car,کیا تصویر میں کوئی کار ہے؟,Kya tasveer mein gaari hai?
312878,COCO_val2014_000000312878.jpg,Is there a chair in the image?,no,adversarial,chair,کیا تصویر میں کرسی ہے؟,Kya tasveer mein kursi hai?
312878,COCO_val2014_000000312878.jpg,Is there a book in the image?,no,adversarial,book,کیا تصویر میں کوئی کتاب ہے؟,Kya tasveer mein kitaab hai?
527887,COCO_val2014_000000527887.jpg,Is there a cup in the image?,yes,random,cup,کیا تصویر میں کپ ہے؟,Kya tasveer mein cup hai?
527887,COCO_val2014_000000527887.jpg,Is there a cell phone in the image?,yes,random,cell phone,کیا تصویر میں سیل فون ہے؟,Kya tasveer mein mobile hai?
527887,COCO_val2014_000000527887.jpg,Is there a handbag in the image?,yes,random,handbag,کیا تصویر میں ہینڈ بیگ ہے؟,Kya tasveer mein handbag hai?
527887,COCO_val2014_000000527887.jpg,Is there a fire hydrant in the image?,no,random,fire hydrant,کیا تصویر میں فائر ہائیڈرنٹ ہے؟,Kya tasveer mein fire hydrant hai?
527887,COCO_val2014_000000527887.jpg,Is there a pizza in the image?,no,random,pizza,کیا تصویر میں پیزا ہے؟,Kya tasveer mein pizza hai?
527887,COCO_val2014_000000527887.jpg,Is there a train in the image?,no,random,train,کیا تصویر میں ٹرین ہے؟,Kya tasveer mein train hai?
527887,COCO_val2014_000000527887.jpg,Is there a handbag in the image?,yes,popular,handbag,کیا تصویر میں ہینڈ بیگ ہے؟,Kya tasveer mein handbag hai?
527887,COCO_val2014_000000527887.jpg,Is there a person in the image?,yes,popular,person,کیا تصویر میں کوئی شخص ہے؟,Kya tasveer mein insaan hai?
527887,COCO_val2014_000000527887.jpg,Is there a cup in the image?,yes,popular,cup,کیا تصویر میں کپ ہے؟,Kya tasveer mein cup hai?
527887,COCO_val2014_000000527887.jpg,Is there a car in the image?,no,popular,car,کیا تصویر میں کوئی کار ہے؟,Kya tasveer mein gaari hai?
527887,COCO_val2014_000000527887.jpg,Is there a chair in the image?,no,popular,chair,کیا تصویر میں کرسی ہے؟,Kya tasveer mein kursi hai?
527887,COCO_val2014_000000527887.jpg,Is there a book in the image?,no,popular,book,کیا تصویر میں کوئی کتاب ہے؟,Kya tasveer mein kitaab hai?
527887,COCO_val2014_000000527887.jpg,Is there a person in the image?,yes,adversarial,person,کیا تصویر میں کوئی شخص ہے؟,Kya tasveer mein insaan hai?
527887,COCO_val2014_000000527887.jpg,Is there a cup in the image?,yes,adversarial,cup,کیا تصویر میں کپ ہے؟,Kya tasveer mein cup hai?
527887,COCO_val2014_000000527887.jpg,Is there a cell phone in the image?,yes,adversarial,cell phone,کیا تصویر میں سیل فون ہے؟,Kya tasveer mein mobile hai?
527887,COCO_val2014_000000527887.jpg,Is there a car in the image?,no,adversarial,car,کیا تصویر میں کوئی کار ہے؟,Kya tasveer mein gaari hai?
527887,COCO_val2014_000000527887.jpg,Is there a chair in the image?,no,adversarial,chair,کیا تصویر میں کرسی ہے؟,Kya tasveer mein kursi hai?
527887,COCO_val2014_000000527887.jpg,Is there a book in the image?,no,adversarial,book,کیا تصویر میں کوئی کتاب ہے؟,Kya tasveer mein kitaab hai?
505822,COCO_val2014_000000505822.jpg,Is there a potted plant in the image?,yes,random,potted plant,کیا تصویر میں کوئی پودا ہے؟,Kya tasveer mein gamla hai?
505822,COCO_val2014_000000505822.jpg,Is there a dining table in the image?,yes,random,dining table,کیا تصویر میں کھانے کی میز ہے؟,Kya tasveer mein khane ki mez hai?
505822,COCO_val2014_000000505822.jpg,Is there a vase in the image?,yes,random,vase,کیا تصویر میں گلدان ہے؟,Kya tasveer mein phool daani hai?
505822,COCO_val2014_000000505822.jpg,Is there a surfboard in the image?,no,random,surfboard,کیا تصویر میں کوئی سرف بورڈ ہے؟,Kya tasveer mein surfboard hai?
505822,COCO_val2014_000000505822.jpg,Is there a bird in the image?,no,random,bird,کیا تصویر میں کوئی پرندہ ہے؟,Kya tasveer mein chirya hai?
505822,COCO_val2014_000000505822.jpg,Is there a carrot in the image?,no,random,carrot,کیا تصویر میں گاجر ہے؟,Kya tasveer mein gajar hai?
505822,COCO_val2014_000000505822.jpg,Is there a vase in the image?,yes,popular,vase,کیا تصویر میں گلدان ہے؟,Kya tasveer mein phool daani hai?
505822,COCO_val2014_000000505822.jpg,Is there a dining table in the image?,yes,popular,dining table,کیا تصویر میں کھانے کی میز ہے؟,Kya tasveer mein khane ki mez hai?
505822,COCO_val2014_000000505822.jpg,Is there a potted plant in the image?,yes,popular,potted plant,کیا تصویر میں کوئی پودا ہے؟,Kya tasveer mein gamla hai?
505822,COCO_val2014_000000505822.jpg,Is there a person in the image?,no,popular,person,کیا تصویر میں کوئی شخص ہے؟,Kya tasveer mein insaan hai?
505822,COCO_val2014_000000505822.jpg,Is there a car in the image?,no,popular,car,کیا تصویر میں کوئی کار ہے؟,Kya tasveer mein gaari hai?
505822,COCO_val2014_000000505822.jpg,Is there a chair in the image?,no,popular,chair,کیا تصویر میں کرسی ہے؟,Kya tasveer mein kursi hai?
505822,COCO_val2014_000000505822.jpg,Is there a potted plant in the image?,yes,adversarial,potted plant,کیا تصویر میں کوئی پودا ہے؟,Kya tasveer mein gamla hai?
505822,COCO_val2014_000000505822.jpg,Is there a dining table in the image?,yes,adversarial,dining table,کیا تصویر میں کھانے کی میز ہے؟,Kya tasveer mein khane ki mez hai?
505822,COCO_val2014_000000505822.jpg,Is there a vase in the image?,yes,adversarial,vase,کیا تصویر میں گلدان ہے؟,Kya tasveer mein phool daani hai?
505822,COCO_val2014_000000505822.jpg,Is there a person in the image?,no,adversarial,person,کیا تصویر میں کوئی شخص ہے؟,Kya tasveer mein insaan hai?
505822,COCO_val2014_000000505822.jpg,Is there a car in the image?,no,adversarial,car,کیا تصویر میں کوئی کار ہے؟,Kya tasveer mein gaari hai?
505822,COCO_val2014_000000505822.jpg,Is there a chair in the image?,no,adversarial,chair,کیا تصویر میں کرسی ہے؟,Kya tasveer mein kursi hai?
322029,COCO_val2014_000000322029.jpg,Is there a person in the image?,yes,random,person,کیا تصویر میں کوئی شخص ہے؟,Kya tasveer mein insaan hai?
322029,COCO_val2014_000000322029.jpg,Is there a car in the image?,yes,random,car,کیا تصویر میں کوئی کار ہے؟,Kya tasveer mein gaari hai?
322029,COCO_val2014_000000322029.jpg,Is there a bicycle in the image?,yes,random,bicycle,کیا تصویر میں کوئی سائیکل ہے؟,Kya tasveer mein cycle hai?
322029,COCO_val2014_000000322029.jpg,Is there a baseball glove in the image?,no,random,baseball glove,کیا تصویر میں بیس بال کا دستانہ ہے؟,Kya tasveer mein baseball ka dastaana hai?
322029,COCO_val2014_000000322029.jpg,Is there a bed in the image?,no,random,bed,کیا تصویر میں کوئی بستر ہے؟,Kya tasveer mein bistar hai?
322029,COCO_val2014_000000322029.jpg,Is there a toothbrush in the image?,no,random,toothbrush,کیا تصویر میں ٹوتھ برش ہے؟,Kya tasveer mein toothbrush hai?
322029,COCO_val2014_000000322029.jpg,Is there a bicycle in the image?,yes,popular,bicycle,کیا تصویر میں کوئی سائیکل ہے؟,Kya tasveer mein cycle hai?
322029,COCO_val2014_000000322029.jpg,Is there a horse in the image?,yes,popular,horse,کیا تصویر میں گھوڑا ہے؟,Kya tasveer mein ghora hai?
322029,COCO_val2014_000000322029.jpg,Is there a person in the image?,yes,popular,person,کیا تصویر میں کوئی شخص ہے؟,Kya tasveer mein insaan hai?
322029,COCO_val2014_000000322029.jpg,Is there a chair in the image?,no,popular,chair,کیا تصویر میں کرسی ہے؟,Kya tasveer mein kursi hai?
322029,COCO_val2014_000000322029.jpg,Is there a book in the image?,no,popular,book,کیا تصویر میں کوئی کتاب ہے؟,Kya tasveer mein kitaab hai?
322029,COCO_val2014_000000322029.jpg,Is there a bottle in the image?,no,popular,bottle,کیا تصویر میں کوئی بوتل ہے؟,Kya tasveer mein botal hai?
322029,COCO_val2014_000000322029.jpg,Is there a bicycle in the image?,yes,adversarial,bicycle,کیا تصویر میں کوئی سائیکل ہے؟,Kya tasveer mein cycle hai?
322029,COCO_val2014_000000322029.jpg,Is there a car in the image?,yes,adversarial,car,کیا تصویر میں کوئی کار ہے؟,Kya tasveer mein gaari hai?
322029,COCO_val2014_000000322029.jpg,Is there a horse in the image?,yes,adversarial,horse,کیا تصویر میں گھوڑا ہے؟,Kya tasveer mein ghora hai?
322029,COCO_val2014_000000322029.jpg,Is there a chair in the image?,no,adversarial,chair,کیا تصویر میں کرسی ہے؟,Kya tasveer mein kursi hai?
322029,COCO_val2014_000000322029.jpg,Is there a book in the image?,no,adversarial,book,کیا تصویر میں کوئی کتاب ہے؟,Kya tasveer mein kitaab hai?
322029,COCO_val2014_000000322029.jpg,Is there a bottle in the image?,no,adversarial,bottle,کیا تصویر میں کوئی بوتل ہے؟,Kya tasveer mein botal hai?
2431,COCO_val2014_000000002431.jpg,Is there a person in the image?,yes,random,person,کیا تصویر میں کوئی شخص ہے؟,Kya tasveer mein insaan hai?
2431,COCO_val2014_000000002431.jpg,Is there a knife in the image?,yes,random,knife,کیا تصویر میں چاقو ہے؟,Kya tasveer mein churi hai?
2431,COCO_val2014_000000002431.jpg,Is there a spoon in the image?,yes,random,spoon,کیا تصویر میں چمچ ہے؟,Kya tasveer mein chamach hai?
2431,COCO_val2014_000000002431.jpg,Is there a fire hydrant in the image?,no,random,fire hydrant,کیا تصویر میں فائر ہائیڈرنٹ ہے؟,Kya tasveer mein fire hydrant hai?
2431,COCO_val2014_000000002431.jpg,Is there a sink in the image?,no,random,sink,کیا تصویر میں کوئی سنک ہے؟,Kya tasveer mein sink hai?
2431,COCO_val2014_000000002431.jpg,Is there a cat in the image?,no,random,cat,کیا تصویر میں بلی ہے؟,Kya tasveer mein billi hai?
2431,COCO_val2014_000000002431.jpg,Is there a wine glass in the image?,yes,popular,wine glass,کیا تصویر میں شراب کا گلاس ہے؟,Kya tasveer mein gilaas hai?
2431,COCO_val2014_000000002431.jpg,Is there a spoon in the image?,yes,popular,spoon,کیا تصویر میں چمچ ہے؟,Kya tasveer mein chamach hai?
2431,COCO_val2014_000000002431.jpg,Is there a person in the image?,yes,popular,person,کیا تصویر میں کوئی شخص ہے؟,Kya tasveer mein insaan hai?
2431,COCO_val2014_000000002431.jpg,Is there a car in the image?,no,popular,car,کیا تصویر میں کوئی کار ہے؟,Kya tasveer mein gaari hai?
2431,COCO_val2014_000000002431.jpg,Is there a chair in the image?,no,popular,chair,کیا تصویر میں کرسی ہے؟,Kya tasveer mein kursi hai?
2431,COCO_val2014_000000002431.jpg,Is there a book in the image?,no,popular,book,کیا تصویر میں کوئی کتاب ہے؟,Kya tasveer mein kitaab hai?
2431,COCO_val2014_000000002431.jpg,Is there a knife in the image?,yes,adversarial,knife,کیا تصویر میں چاقو ہے؟,Kya tasveer mein churi hai?
2431,COCO_val2014_000000002431.jpg,Is there a spoon in the image?,yes,adversarial,spoon,کیا تصویر میں چمچ ہے؟,Kya tasveer mein chamach hai?
2431,COCO_val2014_000000002431.jpg,Is there a person in the image?,yes,adversarial,person,کیا تصویر میں کوئی شخص ہے؟,Kya tasveer mein insaan hai?
2431,COCO_val2014_000000002431.jpg,Is there a car in the image?,no,adversarial,car,کیا تصویر میں کوئی کار ہے؟,Kya tasveer mein gaari hai?
2431,COCO_val2014_000000002431.jpg,Is there a chair in the image?,no,adversarial,chair,کیا تصویر میں کرسی ہے؟,Kya tasveer mein kursi hai?
2431,COCO_val2014_000000002431.jpg,Is there a book in the image?,no,adversarial,book,کیا تصویر میں کوئی کتاب ہے؟,Kya tasveer mein kitaab hai?
116678,COCO_val2014_000000116678.jpg,Is there a teddy bear in the image?,yes,random,teddy bear,کیا تصویر میں کوئی ٹیڈی بیر ہے؟,Kya tasveer mein teddy bear hai?
116678,COCO_val2014_000000116678.jpg,Is there a car in the image?,yes,random,car,کیا تصویر میں کوئی کار ہے؟,Kya tasveer mein gaari hai?
116678,COCO_val2014_000000116678.jpg,Is there a book in the image?,yes,random,book,کیا تصویر میں کوئی کتاب ہے؟,Kya tasveer mein kitaab hai?
116678,COCO_val2014_000000116678.jpg,Is there a kite in the image?,no,random,kite,کیا تصویر میں پتنگ ہے؟,Kya tasveer mein patang hai?
116678,COCO_val2014_000000116678.jpg,Is there a handbag in the image?,no,random,handbag,کیا تصویر میں ہینڈ بیگ ہے؟,Kya tasveer mein handbag hai?
116678,COCO_val2014_000000116678.jpg,Is there a giraffe in the image?,no,random,giraffe,کیا تصویر میں زرافہ ہے؟,Kya tasveer mein zaraafa hai?
116678,COCO_val2014_000000116678.jpg,Is there a teddy bear in the image?,yes,popular,teddy bear,کیا تصویر میں کوئی ٹیڈی بیر ہے؟,Kya tasveer mein teddy bear hai?
116678,COCO_val2014_000000116678.jpg,Is there a book in the image?,yes,popular,book,کیا تصویر میں کوئی کتاب ہے؟,Kya tasveer mein kitaab hai?
116678,COCO_val2014_000000116678.jpg,Is there a car in the image?,yes,popular,car,کیا تصویر میں کوئی کار ہے؟,Kya tasveer mein gaari hai?
116678,COCO_val2014_000000116678.jpg,Is there a person in the image?,no,popular,person,کیا تصویر میں کوئی شخص ہے؟,Kya tasveer mein insaan hai?
116678,COCO_val2014_000000116678.jpg,Is there a chair in the image?,no,popular,chair,کیا تصویر میں کرسی ہے؟,Kya tasveer mein kursi hai?
116678,COCO_val2014_000000116678.jpg,Is there a bottle in the image?,no,popular,bottle,کیا تصویر میں کوئی بوتل ہے؟,Kya tasveer mein botal hai?
116678,COCO_val2014_000000116678.jpg,Is there a teddy bear in the image?,yes,adversarial,teddy bear,کیا تصویر میں کوئی ٹیڈی بیر ہے؟,Kya tasveer mein teddy bear hai?
116678,COCO_val2014_000000116678.jpg,Is there a book in the image?,yes,adversarial,book,کیا تصویر میں کوئی کتاب ہے؟,Kya tasveer mein kitaab hai?
116678,COCO_val2014_000000116678.jpg,Is there a bed in the image?,yes,adversarial,bed,کیا تصویر میں کوئی بستر ہے؟,Kya tasveer mein bistar hai?
116678,COCO_val2014_000000116678.jpg,Is there a person in the image?,no,adversarial,person,کیا تصویر میں کوئی شخص ہے؟,Kya tasveer mein insaan hai?
116678,COCO_val2014_000000116678.jpg,Is there a chair in the image?,no,adversarial,chair,کیا تصویر میں کرسی ہے؟,Kya tasveer mein kursi hai?
116678,COCO_val2014_000000116678.jpg,Is there a bottle in the image?,no,adversarial,bottle,کیا تصویر میں کوئی بوتل ہے؟,Kya tasveer mein botal hai?
57150,COCO_val2014_000000057150.jpg,Is there a teddy bear in the image?,yes,random,teddy bear,کیا تصویر میں کوئی ٹیڈی بیر ہے؟,Kya tasveer mein teddy bear hai?
57150,COCO_val2014_000000057150.jpg,Is there a backpack in the image?,yes,random,backpack,کیا تصویر میں کوئی بیگ ہے؟,Kya tasveer mein bag hai?
57150,COCO_val2014_000000057150.jpg,Is there a person in the image?,yes,random,person,کیا تصویر میں کوئی شخص ہے؟,Kya tasveer mein insaan hai?
57150,COCO_val2014_000000057150.jpg,Is there a fork in the image?,no,random,fork,کیا تصویر میں کانٹا ہے؟,Kya tasveer mein kaanta hai?
57150,COCO_val2014_000000057150.jpg,Is there a elephant in the image?,no,random,elephant,کیا تصویر میں ہاتھی ہے؟,Kya tasveer mein haathi hai?
57150,COCO_val2014_000000057150.jpg,Is there a potted plant in the image?,no,random,potted plant,کیا تصویر میں کوئی پودا ہے؟,Kya tasveer mein gamla hai?
57150,COCO_val2014_000000057150.jpg,Is there a person in the image?,yes,popular,person,کیا تصویر میں کوئی شخص ہے؟,Kya tasveer mein insaan hai?
57150,COCO_val2014_000000057150.jpg,Is there a teddy bear in the image?,yes,popular,teddy bear,کیا تصویر میں کوئی ٹیڈی بیر ہے؟,Kya tasveer mein teddy bear hai?
57150,COCO_val2014_000000057150.jpg,Is there a backpack in the image?,yes,popular,backpack,کیا تصویر میں کوئی بیگ ہے؟,Kya tasveer mein bag hai?
57150,COCO_val2014_000000057150.jpg,Is there a car in the image?,no,popular,car,کیا تصویر میں کوئی کار ہے؟,Kya tasveer mein gaari hai?
57150,COCO_val2014_000000057150.jpg,Is there a chair in the image?,no,popular,chair,کیا تصویر میں کرسی ہے؟,Kya tasveer mein kursi hai?
57150,COCO_val2014_000000057150.jpg,Is there a book in the image?,no,popular,book,کیا تصویر میں کوئی کتاب ہے؟,Kya tasveer mein kitaab hai?
57150,COCO_val2014_000000057150.jpg,Is there a backpack in the image?,yes,adversarial,backpack,کیا تصویر میں کوئی بیگ ہے؟,Kya tasveer mein bag hai?
57150,COCO_val2014_000000057150.jpg,Is there a teddy bear in the image?,yes,adversarial,teddy bear,کیا تصویر میں کوئی ٹیڈی بیر ہے؟,Kya tasveer mein teddy bear hai?
57150,COCO_val2014_000000057150.jpg,Is there a person in the image?,yes,adversarial,person,کیا تصویر میں کوئی شخص ہے؟,Kya tasveer mein insaan hai?
57150,COCO_val2014_000000057150.jpg,Is there a car in the image?,no,adversarial,car,کیا تصویر میں کوئی کار ہے؟,Kya tasveer mein gaari hai?
57150,COCO_val2014_000000057150.jpg,Is there a chair in the image?,no,adversarial,chair,کیا تصویر میں کرسی ہے؟,Kya tasveer mein kursi hai?
57150,COCO_val2014_000000057150.jpg,Is there a book in the image?,no,adversarial,book,کیا تصویر میں کوئی کتاب ہے؟,Kya tasveer mein kitaab hai?
449379,COCO_val2014_000000449379.jpg,Is there a bed in the image?,yes,random,bed,کیا تصویر میں کوئی بستر ہے؟,Kya tasveer mein bistar hai?
449379,COCO_val2014_000000449379.jpg,Is there a person in the image?,yes,random,person,کیا تصویر میں کوئی شخص ہے؟,Kya tasveer mein insaan hai?
449379,COCO_val2014_000000449379.jpg,Is there a cat in the image?,yes,random,cat,کیا تصویر میں بلی ہے؟,Kya tasveer mein billi hai?
449379,COCO_val2014_000000449379.jpg,Is there a cell phone in the image?,no,random,cell phone,کیا تصویر میں سیل فون ہے؟,Kya tasveer mein mobile hai?
449379,COCO_val2014_000000449379.jpg,Is there a fire hydrant in the image?,no,random,fire hydrant,کیا تصویر میں فائر ہائیڈرنٹ ہے؟,Kya tasveer mein fire hydrant hai?
449379,COCO_val2014_000000449379.jpg,Is there a cup in the image?,no,random,cup,کیا تصویر میں کپ ہے؟,Kya tasveer mein cup hai?
449379,COCO_val2014_000000449379.jpg,Is there a cat in the image?,yes,popular,cat,کیا تصویر میں بلی ہے؟,Kya tasveer mein billi hai?
449379,COCO_val2014_000000449379.jpg,Is there a bed in the image?,yes,popular,bed,کیا تصویر میں کوئی بستر ہے؟,Kya tasveer mein bistar hai?
449379,COCO_val2014_000000449379.jpg,Is there a person in the image?,yes,popular,person,کیا تصویر میں کوئی شخص ہے؟,Kya tasveer mein insaan hai?
449379,COCO_val2014_000000449379.jpg,Is there a car in the image?,no,popular,car,کیا تصویر میں کوئی کار ہے؟,Kya tasveer mein gaari hai?
449379,COCO_val2014_000000449379.jpg,Is there a chair in the image?,no,popular,chair,کیا تصویر میں کرسی ہے؟,Kya tasveer mein kursi hai?
449379,COCO_val2014_000000449379.jpg,Is there a book in the image?,no,popular,book,کیا تصویر میں کوئی کتاب ہے؟,Kya tasveer mein kitaab hai?
449379,COCO_val2014_000000449379.jpg,Is there a person in the image?,yes,adversarial,person,کیا تصویر میں کوئی شخص ہے؟,Kya tasveer mein insaan hai?
449379,COCO_val2014_000000449379.jpg,Is there a cat in the image?,yes,adversarial,cat,کیا تصویر میں بلی ہے؟,Kya tasveer mein billi hai?
449379,COCO_val2014_000000449379.jpg,Is there a bed in the image?,yes,adversarial,bed,کیا تصویر میں کوئی بستر ہے؟,Kya tasveer mein bistar hai?
449379,COCO_val2014_000000449379.jpg,Is there a car in the image?,no,adversarial,car,کیا تصویر میں کوئی کار ہے؟,Kya tasveer mein gaari hai?
449379,COCO_val2014_000000449379.jpg,Is there a chair in the image?,no,adversarial,chair,کیا تصویر میں کرسی ہے؟,Kya tasveer mein kursi hai?
449379,COCO_val2014_000000449379.jpg,Is there a book in the image?,no,adversarial,book,کیا تصویر میں کوئی کتاب ہے؟,Kya tasveer mein kitaab hai?
507087,COCO_val2014_000000507087.jpg,Is there a person in the image?,yes,random,person,کیا تصویر میں کوئی شخص ہے؟,Kya tasveer mein insaan hai?
507087,COCO_val2014_000000507087.jpg,Is there a surfboard in the image?,yes,random,surfboard,کیا تصویر میں کوئی سرف بورڈ ہے؟,Kya tasveer mein surfboard hai?
507087,COCO_val2014_000000507087.jpg,Is there a boat in the image?,yes,random,boat,کیا تصویر میں کوئی کشتی ہے؟,Kya tasveer mein kashti hai?
507087,COCO_val2014_000000507087.jpg,Is there a tv in the image?,no,random,tv,کیا تصویر میں ٹی وی ہے؟,Kya tasveer mein tv hai?
507087,COCO_val2014_000000507087.jpg,Is there a teddy bear in the image?,no,random,teddy bear,کیا تصویر میں کوئی ٹیڈی بیر ہے؟,Kya tasveer mein teddy bear hai?
507087,COCO_val2014_000000507087.jpg,Is there a book in the image?,no,random,book,کیا تصویر میں کوئی کتاب ہے؟,Kya tasveer mein kitaab hai?
507087,COCO_val2014_000000507087.jpg,Is there a surfboard in the image?,yes,popular,surfboard,کیا تصویر میں کوئی سرف بورڈ ہے؟,Kya tasveer mein surfboard hai?
507087,COCO_val2014_000000507087.jpg,Is there a person in the image?,yes,popular,person,کیا تصویر میں کوئی شخص ہے؟,Kya tasveer mein insaan hai?
507087,COCO_val2014_000000507087.jpg,Is there a boat in the image?,yes,popular,boat,کیا تصویر میں کوئی کشتی ہے؟,Kya tasveer mein kashti hai?
507087,COCO_val2014_000000507087.jpg,Is there a car in the image?,no,popular,car,کیا تصویر میں کوئی کار ہے؟,Kya tasveer mein gaari hai?
507087,COCO_val2014_000000507087.jpg,Is there a chair in the image?,no,popular,chair,کیا تصویر میں کرسی ہے؟,Kya tasveer mein kursi hai?
507087,COCO_val2014_000000507087.jpg,Is there a book in the image?,no,popular,book,کیا تصویر میں کوئی کتاب ہے؟,Kya tasveer mein kitaab hai?
507087,COCO_val2014_000000507087.jpg,Is there a surfboard in the image?,yes,adversarial,surfboard,کیا تصویر میں کوئی سرف بورڈ ہے؟,Kya tasveer mein surfboard hai?
507087,COCO_val2014_000000507087.jpg,Is there a person in the image?,yes,adversarial,person,کیا تصویر میں کوئی شخص ہے؟,Kya tasveer mein insaan hai?
507087,COCO_val2014_000000507087.jpg,Is there a boat in the image?,yes,adversarial,boat,کیا تصویر میں کوئی کشتی ہے؟,Kya tasveer mein kashti hai?
507087,COCO_val2014_000000507087.jpg,Is there a car in the image?,no,adversarial,car,کیا تصویر میں کوئی کار ہے؟,Kya tasveer mein gaari hai?
507087,COCO_val2014_000000507087.jpg,Is there a chair in the image?,no,adversarial,chair,کیا تصویر میں کرسی ہے؟,Kya tasveer mein kursi hai?
507087,COCO_val2014_000000507087.jpg,Is there a book in the image?,no,adversarial,book,کیا تصویر میں کوئی کتاب ہے؟,Kya tasveer mein kitaab hai?
564352,COCO_val2014_000000564352.jpg,Is there a boat in the image?,yes,random,boat,کیا تصویر میں کوئی کشتی ہے؟,Kya tasveer mein kashti hai?
564352,COCO_val2014_000000564352.jpg,Is there a potted plant in the image?,yes,random,potted plant,کیا تصویر میں کوئی پودا ہے؟,Kya tasveer mein gamla hai?
564352,COCO_val2014_000000564352.jpg,Is there a person in the image?,yes,random,person,کیا تصویر میں کوئی شخص ہے؟,Kya tasveer mein insaan hai?
564352,COCO_val2014_000000564352.jpg,Is there a traffic light in the image?,no,random,traffic light,کیا تصویر میں ٹریفک لائٹ ہے؟,Kya tasveer mein traffic signal hai?
564352,COCO_val2014_000000564352.jpg,Is there a laptop in the image?,no,random,laptop,کیا تصویر میں لیپ ٹاپ ہے؟,Kya tasveer mein laptop hai?
564352,COCO_val2014_000000564352.jpg,Is there a dog in the image?,no,random,dog,کیا تصویر میں کتا ہے؟,Kya tasveer mein kutta hai?
564352,COCO_val2014_000000564352.jpg,Is there a bench in the image?,yes,popular,bench,کیا تصویر میں کوئی بینچ ہے؟,Kya tasveer mein bench hai?
564352,COCO_val2014_000000564352.jpg,Is there a dining table in the image?,yes,popular,dining table,کیا تصویر میں کھانے کی میز ہے؟,Kya tasveer mein khane ki mez hai?
564352,COCO_val2014_000000564352.jpg,Is there a person in the image?,yes,popular,person,کیا تصویر میں کوئی شخص ہے؟,Kya tasveer mein insaan hai?
564352,COCO_val2014_000000564352.jpg,Is there a car in the image?,no,popular,car,کیا تصویر میں کوئی کار ہے؟,Kya tasveer mein gaari hai?
564352,COCO_val2014_000000564352.jpg,Is there a book in the image?,no,popular,book,کیا تصویر میں کوئی کتاب ہے؟,Kya tasveer mein kitaab hai?
564352,COCO_val2014_000000564352.jpg,Is there a bottle in the image?,no,popular,bottle,کیا تصویر میں کوئی بوتل ہے؟,Kya tasveer mein botal hai?
564352,COCO_val2014_000000564352.jpg,Is there a dining table in the image?,yes,adversarial,dining table,کیا تصویر میں کھانے کی میز ہے؟,Kya tasveer mein khane ki mez hai?
564352,COCO_val2014_000000564352.jpg,Is there a person in the image?,yes,adversarial,person,کیا تصویر میں کوئی شخص ہے؟,Kya tasveer mein insaan hai?
564352,COCO_val2014_000000564352.jpg,Is there a potted plant in the image?,yes,adversarial,potted plant,کیا تصویر میں کوئی پودا ہے؟,Kya tasveer mein gamla hai?
564352,COCO_val2014_000000564352.jpg,Is there a car in the image?,no,adversarial,car,کیا تصویر میں کوئی کار ہے؟,Kya tasveer mein gaari hai?
564352,COCO_val2014_000000564352.jpg,Is there a book in the image?,no,adversarial,book,کیا تصویر میں کوئی کتاب ہے؟,Kya tasveer mein kitaab hai?
564352,COCO_val2014_000000564352.jpg,Is there a bottle in the image?,no,adversarial,bottle,کیا تصویر میں کوئی بوتل ہے؟,Kya tasveer mein botal hai?
370701,COCO_val2014_000000370701.jpg,Is there a truck in the image?,yes,random,truck,کیا تصویر میں کوئی ٹرک ہے؟,Kya tasveer mein truck hai?
370701,COCO_val2014_000000370701.jpg,Is there a person in the image?,yes,random,person,کیا تصویر میں کوئی شخص ہے؟,Kya tasveer mein insaan hai?
370701,COCO_val2014_000000370701.jpg,Is there a dog in the image?,yes,random,dog,کیا تصویر میں کتا ہے؟,Kya tasveer mein kutta hai?
370701,COCO_val2014_000000370701.jpg,Is there a broccoli in the image?,no,random,broccoli,کیا تصویر میں بروکولی ہے؟,Kya tasveer mein broccoli hai?
370701,COCO_val2014_000000370701.jpg,Is there a bottle in the image?,no,random,bottle,کیا تصویر میں کوئی بوتل ہے؟,Kya tasveer mein botal hai?
370701,COCO_val2014_000000370701.jpg,Is there a hot dog in the image?,no,random,hot dog,کیا تصویر میں کوئی ہاٹ ڈاگ ہے؟,Kya tasveer mein hot dog hai?
370701,COCO_val2014_000000370701.jpg,Is there a truck in the image?,yes,popular,truck,کیا تصویر میں کوئی ٹرک ہے؟,Kya tasveer mein truck hai?
370701,COCO_val2014_000000370701.jpg,Is there a dog in the image?,yes,popular,dog,کیا تصویر میں کتا ہے؟,Kya tasveer mein kutta hai?
370701,COCO_val2014_000000370701.jpg,Is there a person in the image?,yes,popular,person,کیا تصویر میں کوئی شخص ہے؟,Kya tasveer mein insaan hai?
370701,COCO_val2014_000000370701.jpg,Is there a car in the image?,no,popular,car,کیا تصویر میں کوئی کار ہے؟,Kya tasveer mein gaari hai?
370701,COCO_val2014_000000370701.jpg,Is there a chair in the image?,no,popular,chair,کیا تصویر میں کرسی ہے؟,Kya tasveer mein kursi hai?
370701,COCO_val2014_000000370701.jpg,Is there a book in the image?,no,popular,book,کیا تصویر میں کوئی کتاب ہے؟,Kya tasveer mein kitaab hai?
370701,COCO_val2014_000000370701.jpg,Is there a dog in the image?,yes,adversarial,dog,کیا تصویر میں کتا ہے؟,Kya tasveer mein kutta hai?
370701,COCO_val2014_000000370701.jpg,Is there a truck in the image?,yes,adversarial,truck,کیا تصویر میں کوئی ٹرک ہے؟,Kya tasveer mein truck hai?
370701,COCO_val2014_000000370701.jpg,Is there a person in the image?,yes,adversarial,person,کیا تصویر میں کوئی شخص ہے؟,Kya tasveer mein insaan hai?
370701,COCO_val2014_000000370701.jpg,Is there a car in the image?,no,adversarial,car,کیا تصویر میں کوئی کار ہے؟,Kya tasveer mein gaari hai?
370701,COCO_val2014_000000370701.jpg,Is there a chair in the image?,no,adversarial,chair,کیا تصویر میں کرسی ہے؟,Kya tasveer mein kursi hai?
370701,COCO_val2014_000000370701.jpg,Is there a book in the image?,no,adversarial,book,کیا تصویر میں کوئی کتاب ہے؟,Kya tasveer mein kitaab hai?
60069,COCO_val2014_000000060069.jpg,Is there a kite in the image?,yes,random,kite,کیا تصویر میں پتنگ ہے؟,Kya tasveer mein patang hai?
60069,COCO_val2014_000000060069.jpg,Is there a person in the image?,yes,random,person,کیا تصویر میں کوئی شخص ہے؟,Kya tasveer mein insaan hai?
60069,COCO_val2014_000000060069.jpg,Is there a surfboard in the image?,yes,random,surfboard,کیا تصویر میں کوئی سرف بورڈ ہے؟,Kya tasveer mein surfboard hai?
60069,COCO_val2014_000000060069.jpg,Is there a bottle in the image?,no,random,bottle,کیا تصویر میں کوئی بوتل ہے؟,Kya tasveer mein botal hai?
60069,COCO_val2014_000000060069.jpg,Is there a baseball bat in the image?,no,random,baseball bat,کیا تصویر میں بیس بال کا بیٹ ہے؟,Kya tasveer mein baseball ka balla hai?
60069,COCO_val2014_000000060069.jpg,Is there a elephant in the image?,no,random,elephant,کیا تصویر میں ہاتھی ہے؟,Kya tasveer mein haathi hai?
60069,COCO_val2014_000000060069.jpg,Is there a kite in the image?,yes,popular,kite,کیا تصویر میں پتنگ ہے؟,Kya tasveer mein patang hai?
60069,COCO_val2014_000000060069.jpg,Is there a person in the image?,yes,popular,person,کیا تصویر میں کوئی شخص ہے؟,Kya tasveer mein insaan hai?
60069,COCO_val2014_000000060069.jpg,Is there a surfboard in the image?,yes,popular,surfboard,کیا تصویر میں کوئی سرف بورڈ ہے؟,Kya tasveer mein surfboard hai?
60069,COCO_val2014_000000060069.jpg,Is there a car in the image?,no,popular,car,کیا تصویر میں کوئی کار ہے؟,Kya tasveer mein gaari hai?
60069,COCO_val2014_000000060069.jpg,Is there a chair in the image?,no,popular,chair,کیا تصویر میں کرسی ہے؟,Kya tasveer mein kursi hai?
60069,COCO_val2014_000000060069.jpg,Is there a book in the image?,no,popular,book,کیا تصویر میں کوئی کتاب ہے؟,Kya tasveer mein kitaab hai?
60069,COCO_val2014_000000060069.jpg,Is there a kite in the image?,yes,adversarial,kite,کیا تصویر میں پتنگ ہے؟,Kya tasveer mein patang hai?
60069,COCO_val2014_000000060069.jpg,Is there a surfboard in the image?,yes,adversarial,surfboard,کیا تصویر میں کوئی سرف بورڈ ہے؟,Kya tasveer mein surfboard hai?
60069,COCO_val2014_000000060069.jpg,Is there a person in the image?,yes,adversarial,person,کیا تصویر میں کوئی شخص ہے؟,Kya tasveer mein insaan hai?
60069,COCO_val2014_000000060069.jpg,Is there a car in the image?,no,adversarial,car,کیا تصویر میں کوئی کار ہے؟,Kya tasveer mein gaari hai?
60069,COCO_val2014_000000060069.jpg,Is there a chair in the image?,no,adversarial,chair,کیا تصویر میں کرسی ہے؟,Kya tasveer mein kursi hai?
60069,COCO_val2014_000000060069.jpg,Is there a book in the image?,no,adversarial,book,کیا تصویر میں کوئی کتاب ہے؟,Kya tasveer mein kitaab hai?
319726,COCO_val2014_000000319726.jpg,Is there a person in the image?,yes,random,person,کیا تصویر میں کوئی شخص ہے؟,Kya tasveer mein insaan hai?
319726,COCO_val2014_000000319726.jpg,Is there a sports ball in the image?,yes,random,sports ball,کیا تصویر میں کھیلوں کی گیند ہے؟,Kya tasveer mein khel ka gend hai?
319726,COCO_val2014_000000319726.jpg,Is there a tennis racket in the image?,yes,random,tennis racket,کیا تصویر میں ٹینس ریکیٹ ہے؟,Kya tasveer mein tennis ka racket hai?
319726,COCO_val2014_000000319726.jpg,Is there a clock in the image?,no,random,clock,کیا تصویر میں کوئی گھڑی ہے؟,Kya tasveer mein ghadi hai?
319726,COCO_val2014_000000319726.jpg,Is there a carrot in the image?,no,random,carrot,کیا تصویر میں گاجر ہے؟,Kya tasveer mein gajar hai?
319726,COCO_val2014_000000319726.jpg,Is there a bowl in the image?,no,random,bowl,کیا تصویر میں ایک پیالہ ہے؟,Kya tasveer mein bowl hai?
319726,COCO_val2014_000000319726.jpg,Is there a person in the image?,yes,popular,person,کیا تصویر میں کوئی شخص ہے؟,Kya tasveer mein insaan hai?
319726,COCO_val2014_000000319726.jpg,Is there a sports ball in the image?,yes,popular,sports ball,کیا تصویر میں کھیلوں کی گیند ہے؟,Kya tasveer mein khel ka gend hai?
319726,COCO_val2014_000000319726.jpg,Is there a tennis racket in the image?,yes,popular,tennis racket,کیا تصویر میں ٹینس ریکیٹ ہے؟,Kya tasveer mein tennis ka racket hai?
319726,COCO_val2014_000000319726.jpg,Is there a car in the image?,no,popular,car,کیا تصویر میں کوئی کار ہے؟,Kya tasveer mein gaari hai?
319726,COCO_val2014_000000319726.jpg,Is there a chair in the image?,no,popular,chair,کیا تصویر میں کرسی ہے؟,Kya tasveer mein kursi hai?
319726,COCO_val2014_000000319726.jpg,Is there a book in the image?,no,popular,book,کیا تصویر میں کوئی کتاب ہے؟,Kya tasveer mein kitaab hai?
319726,COCO_val2014_000000319726.jpg,Is there a sports ball in the image?,yes,adversarial,sports ball,کیا تصویر میں کھیلوں کی گیند ہے؟,Kya tasveer mein khel ka gend hai?
319726,COCO_val2014_000000319726.jpg,Is there a tennis racket in the image?,yes,adversarial,tennis racket,کیا تصویر میں ٹینس ریکیٹ ہے؟,Kya tasveer mein tennis ka racket hai?
319726,COCO_val2014_000000319726.jpg,Is there a person in the image?,yes,adversarial,person,کیا تصویر میں کوئی شخص ہے؟,Kya tasveer mein insaan hai?
319726,COCO_val2014_000000319726.jpg,Is there a car in the image?,no,adversarial,car,کیا تصویر میں کوئی کار ہے؟,Kya tasveer mein gaari hai?
319726,COCO_val2014_000000319726.jpg,Is there a chair in the image?,no,adversarial,chair,کیا تصویر میں کرسی ہے؟,Kya tasveer mein kursi hai?
319726,COCO_val2014_000000319726.jpg,Is there a book in the image?,no,adversarial,book,کیا تصویر میں کوئی کتاب ہے؟,Kya tasveer mein kitaab hai?
113828,COCO_val2014_000000113828.jpg,Is there a car in the image?,yes,random,car,کیا تصویر میں کوئی کار ہے؟,Kya tasveer mein gaari hai?
113828,COCO_val2014_000000113828.jpg,Is there a bus in the image?,yes,random,bus,کیا تصویر میں بس ہے؟,Kya tasveer mein bus hai?
113828,COCO_val2014_000000113828.jpg,Is there a person in the image?,yes,random,person,کیا تصویر میں کوئی شخص ہے؟,Kya tasveer mein insaan hai?
113828,COCO_val2014_000000113828.jpg,Is there a skis in the image?,no,random,skis,کیا تصویر میں کوئی سکی ہے؟,Kya tasveer mein skis hai?
113828,COCO_val2014_000000113828.jpg,Is there a banana in the image?,no,random,banana,کیا تصویر میں کیلا ہے؟,Kya tasveer mein kela hai?
113828,COCO_val2014_000000113828.jpg,Is there a remote in the image?,no,random,remote,کیا تصویر میں کوئی ریموٹ ہے؟,Kya tasveer mein remote hai?
113828,COCO_val2014_000000113828.jpg,Is there a person in the image?,yes,popular,person,کیا تصویر میں کوئی شخص ہے؟,Kya tasveer mein insaan hai?
113828,COCO_val2014_000000113828.jpg,Is there a bus in the image?,yes,popular,bus,کیا تصویر میں بس ہے؟,Kya tasveer mein bus hai?
113828,COCO_val2014_000000113828.jpg,Is there a car in the image?,yes,popular,car,کیا تصویر میں کوئی کار ہے؟,Kya tasveer mein gaari hai?
113828,COCO_val2014_000000113828.jpg,Is there a chair in the image?,no,popular,chair,کیا تصویر میں کرسی ہے؟,Kya tasveer mein kursi hai?
113828,COCO_val2014_000000113828.jpg,Is there a book in the image?,no,popular,book,کیا تصویر میں کوئی کتاب ہے؟,Kya tasveer mein kitaab hai?
113828,COCO_val2014_000000113828.jpg,Is there a bottle in the image?,no,popular,bottle,کیا تصویر میں کوئی بوتل ہے؟,Kya tasveer mein botal hai?
113828,COCO_val2014_000000113828.jpg,Is there a person in the image?,yes,adversarial,person,کیا تصویر میں کوئی شخص ہے؟,Kya tasveer mein insaan hai?
113828,COCO_val2014_000000113828.jpg,Is there a bus in the image?,yes,adversarial,bus,کیا تصویر میں بس ہے؟,Kya tasveer mein bus hai?
113828,COCO_val2014_000000113828.jpg,Is there a car in the image?,yes,adversarial,car,کیا تصویر میں کوئی کار ہے؟,Kya tasveer mein gaari hai?
113828,COCO_val2014_000000113828.jpg,Is there a chair in the image?,no,adversarial,chair,کیا تصویر میں کرسی ہے؟,Kya tasveer mein kursi hai?
113828,COCO_val2014_000000113828.jpg,Is there a book in the image?,no,adversarial,book,کیا تصویر میں کوئی کتاب ہے؟,Kya tasveer mein kitaab hai?
113828,COCO_val2014_000000113828.jpg,Is there a bottle in the image?,no,adversarial,bottle,کیا تصویر میں کوئی بوتل ہے؟,Kya tasveer mein botal hai?
87328,COCO_val2014_000000087328.jpg,Is there a person in the image?,yes,random,person,کیا تصویر میں کوئی شخص ہے؟,Kya tasveer mein insaan hai?
87328,COCO_val2014_000000087328.jpg,Is there a sports ball in the image?,yes,random,sports ball,کیا تصویر میں کھیلوں کی گیند ہے؟,Kya tasveer mein khel ka gend hai?
87328,COCO_val2014_000000087328.jpg,Is there a book in the image?,yes,random,book,کیا تصویر میں کوئی کتاب ہے؟,Kya tasveer mein kitaab hai?
87328,COCO_val2014_000000087328.jpg,Is there a horse in the image?,no,random,horse,کیا تصویر میں گھوڑا ہے؟,Kya tasveer mein ghora hai?
87328,COCO_val2014_000000087328.jpg,Is there a toothbrush in the image?,no,random,toothbrush,کیا تصویر میں ٹوتھ برش ہے؟,Kya tasveer mein toothbrush hai?
87328,COCO_val2014_000000087328.jpg,Is there a broccoli in the image?,no,random,broccoli,کیا تصویر میں بروکولی ہے؟,Kya tasveer mein broccoli hai?
87328,COCO_val2014_000000087328.jpg,Is there a person in the image?,yes,popular,person,کیا تصویر میں کوئی شخص ہے؟,Kya tasveer mein insaan hai?
87328,COCO_val2014_000000087328.jpg,Is there a sports ball in the image?,yes,popular,sports ball,کیا تصویر میں کھیلوں کی گیند ہے؟,Kya tasveer mein khel ka gend hai?
87328,COCO_val2014_000000087328.jpg,Is there a book in the image?,yes,popular,book,کیا تصویر میں کوئی کتاب ہے؟,Kya tasveer mein kitaab hai?
87328,COCO_val2014_000000087328.jpg,Is there a car in the image?,no,popular,car,کیا تصویر میں کوئی کار ہے؟,Kya tasveer mein gaari hai?
87328,COCO_val2014_000000087328.jpg,Is there a chair in the image?,no,popular,chair,کیا تصویر میں کرسی ہے؟,Kya tasveer mein kursi hai?
87328,COCO_val2014_000000087328.jpg,Is there a bottle in the image?,no,popular,bottle,کیا تصویر میں کوئی بوتل ہے؟,Kya tasveer mein botal hai?
87328,COCO_val2014_000000087328.jpg,Is there a sports ball in the image?,yes,adversarial,sports ball,کیا تصویر میں کھیلوں کی گیند ہے؟,Kya tasveer mein khel ka gend hai?
87328,COCO_val2014_000000087328.jpg,Is there a person in the image?,yes,adversarial,person,کیا تصویر میں کوئی شخص ہے؟,Kya tasveer mein insaan hai?
87328,COCO_val2014_000000087328.jpg,Is there a book in the image?,yes,adversarial,book,کیا تصویر میں کوئی کتاب ہے؟,Kya tasveer mein kitaab hai?
87328,COCO_val2014_000000087328.jpg,Is there a car in the image?,no,adversarial,car,کیا تصویر میں کوئی کار ہے؟,Kya tasveer mein gaari hai?
87328,COCO_val2014_000000087328.jpg,Is there a chair in the image?,no,adversarial,chair,کیا تصویر میں کرسی ہے؟,Kya tasveer mein kursi hai?
87328,COCO_val2014_000000087328.jpg,Is there a bottle in the image?,no,adversarial,bottle,کیا تصویر میں کوئی بوتل ہے؟,Kya tasveer mein botal hai?
330204,COCO_val2014_000000330204.jpg,Is there a person in the image?,yes,random,person,کیا تصویر میں کوئی شخص ہے؟,Kya tasveer mein insaan hai?
330204,COCO_val2014_000000330204.jpg,Is there a handbag in the image?,yes,random,handbag,کیا تصویر میں ہینڈ بیگ ہے؟,Kya tasveer mein handbag hai?
330204,COCO_val2014_000000330204.jpg,Is there a bus in the image?,yes,random,bus,کیا تصویر میں بس ہے؟,Kya tasveer mein bus hai?
330204,COCO_val2014_000000330204.jpg,Is there a kite in the image?,no,random,kite,کیا تصویر میں پتنگ ہے؟,Kya tasveer mein patang hai?
330204,COCO_val2014_000000330204.jpg,Is there a bed in the image?,no,random,bed,کیا تصویر میں کوئی بستر ہے؟,Kya tasveer mein bistar hai?
330204,COCO_val2014_000000330204.jpg,Is there a bottle in the image?,no,random,bottle,کیا تصویر میں کوئی بوتل ہے؟,Kya tasveer mein botal hai?
330204,COCO_val2014_000000330204.jpg,Is there a bus in the image?,yes,popular,bus,کیا تصویر میں بس ہے؟,Kya tasveer mein bus hai?
330204,COCO_val2014_000000330204.jpg,Is there a handbag in the image?,yes,popular,handbag,کیا تصویر میں ہینڈ بیگ ہے؟,Kya tasveer mein handbag hai?
330204,COCO_val2014_000000330204.jpg,Is there a person in the image?,yes,popular,person,کیا تصویر میں کوئی شخص ہے؟,Kya tasveer mein insaan hai?
330204,COCO_val2014_000000330204.jpg,Is there a car in the image?,no,popular,car,کیا تصویر میں کوئی کار ہے؟,Kya tasveer mein gaari hai?
330204,COCO_val2014_000000330204.jpg,Is there a chair in the image?,no,popular,chair,کیا تصویر میں کرسی ہے؟,Kya tasveer mein kursi hai?
330204,COCO_val2014_000000330204.jpg,Is there a book in the image?,no,popular,book,کیا تصویر میں کوئی کتاب ہے؟,Kya tasveer mein kitaab hai?
330204,COCO_val2014_000000330204.jpg,Is there a bus in the image?,yes,adversarial,bus,کیا تصویر میں بس ہے؟,Kya tasveer mein bus hai?
330204,COCO_val2014_000000330204.jpg,Is there a person in the image?,yes,adversarial,person,کیا تصویر میں کوئی شخص ہے؟,Kya tasveer mein insaan hai?
330204,COCO_val2014_000000330204.jpg,Is there a handbag in the image?,yes,adversarial,handbag,کیا تصویر میں ہینڈ بیگ ہے؟,Kya tasveer mein handbag hai?
330204,COCO_val2014_000000330204.jpg,Is there a car in the image?,no,adversarial,car,کیا تصویر میں کوئی کار ہے؟,Kya tasveer mein gaari hai?
330204,COCO_val2014_000000330204.jpg,Is there a chair in the image?,no,adversarial,chair,کیا تصویر میں کرسی ہے؟,Kya tasveer mein kursi hai?
330204,COCO_val2014_000000330204.jpg,Is there a book in the image?,no,adversarial,book,کیا تصویر میں کوئی کتاب ہے؟,Kya tasveer mein kitaab hai?
39589,COCO_val2014_000000039589.jpg,Is there a cat in the image?,yes,random,cat,کیا تصویر میں بلی ہے؟,Kya tasveer mein billi hai?
39589,COCO_val2014_000000039589.jpg,Is there a donut in the image?,yes,random,donut,کیا تصویر میں ڈونٹ ہے؟,Kya tasveer mein donut hai?
39589,COCO_val2014_000000039589.jpg,Is there a book in the image?,yes,random,book,کیا تصویر میں کوئی کتاب ہے؟,Kya tasveer mein kitaab hai?
39589,COCO_val2014_000000039589.jpg,Is there a scissors in the image?,no,random,scissors,کیا تصویر میں قینچی ہے؟,Kya tasveer mein qainchi hai?
39589,COCO_val2014_000000039589.jpg,Is there a potted plant in the image?,no,random,potted plant,کیا تصویر میں کوئی پودا ہے؟,Kya tasveer mein gamla hai?
39589,COCO_val2014_000000039589.jpg,Is there a toilet in the image?,no,random,toilet,کیا تصویر میں بیت الخلا ہے؟,Kya tasveer mein toilet hai?
39589,COCO_val2014_000000039589.jpg,Is there a cat in the image?,yes,popular,cat,کیا تصویر میں بلی ہے؟,Kya tasveer mein billi hai?
39589,COCO_val2014_000000039589.jpg,Is there a book in the image?,yes,popular,book,کیا تصویر میں کوئی کتاب ہے؟,Kya tasveer mein kitaab hai?
39589,COCO_val2014_000000039589.jpg,Is there a donut in the image?,yes,popular,donut,کیا تصویر میں ڈونٹ ہے؟,Kya tasveer mein donut hai?
39589,COCO_val2014_000000039589.jpg,Is there a person in the image?,no,popular,person,کیا تصویر میں کوئی شخص ہے؟,Kya tasveer mein insaan hai?
39589,COCO_val2014_000000039589.jpg,Is there a car in the image?,no,popular,car,کیا تصویر میں کوئی کار ہے؟,Kya tasveer mein gaari hai?
39589,COCO_val2014_000000039589.jpg,Is there a chair in the image?,no,popular,chair,کیا تصویر میں کرسی ہے؟,Kya tasveer mein kursi hai?
39589,COCO_val2014_000000039589.jpg,Is there a donut in the image?,yes,adversarial,donut,کیا تصویر میں ڈونٹ ہے؟,Kya tasveer mein donut hai?
39589,COCO_val2014_000000039589.jpg,Is there a book in the image?,yes,adversarial,book,کیا تصویر میں کوئی کتاب ہے؟,Kya tasveer mein kitaab hai?
39589,COCO_val2014_000000039589.jpg,Is there a cat in the image?,yes,adversarial,cat,کیا تصویر میں بلی ہے؟,Kya tasveer mein billi hai?
39589,COCO_val2014_000000039589.jpg,Is there a person in the image?,no,adversarial,person,کیا تصویر میں کوئی شخص ہے؟,Kya tasveer mein insaan hai?
39589,COCO_val2014_000000039589.jpg,Is there a car in the image?,no,adversarial,car,کیا تصویر میں کوئی کار ہے؟,Kya tasveer mein gaari hai?
39589,COCO_val2014_000000039589.jpg,Is there a chair in the image?,no,adversarial,chair,کیا تصویر میں کرسی ہے؟,Kya tasveer mein kursi hai?
185943,COCO_val2014_000000185943.jpg,Is there a bicycle in the image?,yes,random,bicycle,کیا تصویر میں کوئی سائیکل ہے؟,Kya tasveer mein cycle hai?
185943,COCO_val2014_000000185943.jpg,Is there a person in the image?,yes,random,person,کیا تصویر میں کوئی شخص ہے؟,Kya tasveer mein insaan hai?
185943,COCO_val2014_000000185943.jpg,Is there a car in the image?,yes,random,car,کیا تصویر میں کوئی کار ہے؟,Kya tasveer mein gaari hai?
185943,COCO_val2014_000000185943.jpg,Is there a carrot in the image?,no,random,carrot,کیا تصویر میں گاجر ہے؟,Kya tasveer mein gajar hai?
185943,COCO_val2014_000000185943.jpg,Is there a clock in the image?,no,random,clock,کیا تصویر میں کوئی گھڑی ہے؟,Kya tasveer mein ghadi hai?
185943,COCO_val2014_000000185943.jpg,Is there a horse in the image?,no,random,horse,کیا تصویر میں گھوڑا ہے؟,Kya tasveer mein ghora hai?
185943,COCO_val2014_000000185943.jpg,Is there a person in the image?,yes,popular,person,کیا تصویر میں کوئی شخص ہے؟,Kya tasveer mein insaan hai?
185943,COCO_val2014_000000185943.jpg,Is there a car in the image?,yes,popular,car,کیا تصویر میں کوئی کار ہے؟,Kya tasveer mein gaari hai?
185943,COCO_val2014_000000185943.jpg,Is there a bus in the image?,yes,popular,bus,کیا تصویر میں بس ہے؟,Kya tasveer mein bus hai?
185943,COCO_val2014_000000185943.jpg,Is there a chair in the image?,no,popular,chair,کیا تصویر میں کرسی ہے؟,Kya tasveer mein kursi hai?
185943,COCO_val2014_000000185943.jpg,Is there a book in the image?,no,popular,book,کیا تصویر میں کوئی کتاب ہے؟,Kya tasveer mein kitaab hai?
185943,COCO_val2014_000000185943.jpg,Is there a bottle in the image?,no,popular,bottle,کیا تصویر میں کوئی بوتل ہے؟,Kya tasveer mein botal hai?
185943,COCO_val2014_000000185943.jpg,Is there a car in the image?,yes,adversarial,car,کیا تصویر میں کوئی کار ہے؟,Kya tasveer mein gaari hai?
185943,COCO_val2014_000000185943.jpg,Is there a bus in the image?,yes,adversarial,bus,کیا تصویر میں بس ہے؟,Kya tasveer mein bus hai?
185943,COCO_val2014_000000185943.jpg,Is there a bicycle in the image?,yes,adversarial,bicycle,کیا تصویر میں کوئی سائیکل ہے؟,Kya tasveer mein cycle hai?
185943,COCO_val2014_000000185943.jpg,Is there a chair in the image?,no,adversarial,chair,کیا تصویر میں کرسی ہے؟,Kya tasveer mein kursi hai?
185943,COCO_val2014_000000185943.jpg,Is there a book in the image?,no,adversarial,book,کیا تصویر میں کوئی کتاب ہے؟,Kya tasveer mein kitaab hai?
185943,COCO_val2014_000000185943.jpg,Is there a bottle in the image?,no,adversarial,bottle,کیا تصویر میں کوئی بوتل ہے؟,Kya tasveer mein botal hai?
218294,COCO_val2014_000000218294.jpg,Is there a sports ball in the image?,yes,random,sports ball,کیا تصویر میں کھیلوں کی گیند ہے؟,Kya tasveer mein khel ka gend hai?
218294,COCO_val2014_000000218294.jpg,Is there a person in the image?,yes,random,person,کیا تصویر میں کوئی شخص ہے؟,Kya tasveer mein insaan hai?
218294,COCO_val2014_000000218294.jpg,Is there a tennis racket in the image?,yes,random,tennis racket,کیا تصویر میں ٹینس ریکیٹ ہے؟,Kya tasveer mein tennis ka racket hai?
218294,COCO_val2014_000000218294.jpg,Is there a parking meter in the image?,no,random,parking meter,کیا تصویر میں پارکنگ میٹر ہے؟,Kya tasveer mein parking meter hai?
218294,COCO_val2014_000000218294.jpg,Is there a frisbee in the image?,no,random,frisbee,کیا تصویر میں فریسبی ہے؟,Kya tasveer mein frisbee hai?
218294,COCO_val2014_000000218294.jpg,Is there a dining table in the image?,no,random,dining table,کیا تصویر میں کھانے کی میز ہے؟,Kya tasveer mein khane ki mez hai?
218294,COCO_val2014_000000218294.jpg,Is there a tennis racket in the image?,yes,popular,tennis racket,کیا تصویر میں ٹینس ریکیٹ ہے؟,Kya tasveer mein tennis ka racket hai?
218294,COCO_val2014_000000218294.jpg,Is there a person in the image?,yes,popular,person,کیا تصویر میں کوئی شخص ہے؟,Kya tasveer mein insaan hai?
218294,COCO_val2014_000000218294.jpg,Is there a sports ball in the image?,yes,popular,sports ball,کیا تصویر میں کھیلوں کی گیند ہے؟,Kya tasveer mein khel ka gend hai?
218294,COCO_val2014_000000218294.jpg,Is there a car in the image?,no,popular,car,کیا تصویر میں کوئی کار ہے؟,Kya tasveer mein gaari hai?
218294,COCO_val2014_000000218294.jpg,Is there a chair in the image?,no,popular,chair,کیا تصویر میں کرسی ہے؟,Kya tasveer mein kursi hai?
218294,COCO_val2014_000000218294.jpg,Is there a book in the image?,no,popular,book,کیا تصویر میں کوئی کتاب ہے؟,Kya tasveer mein kitaab hai?
218294,COCO_val2014_000000218294.jpg,Is there a person in the image?,yes,adversarial,person,کیا تصویر میں کوئی شخص ہے؟,Kya tasveer mein insaan hai?
218294,COCO_val2014_000000218294.jpg,Is there a tennis racket in the image?,yes,adversarial,tennis racket,کیا تصویر میں ٹینس ریکیٹ ہے؟,Kya tasveer mein tennis ka racket hai?
218294,COCO_val2014_000000218294.jpg,Is there a sports ball in the image?,yes,adversarial,sports ball,کیا تصویر میں کھیلوں کی گیند ہے؟,Kya tasveer mein khel ka gend hai?
218294,COCO_val2014_000000218294.jpg,Is there a car in the image?,no,adversarial,car,کیا تصویر میں کوئی کار ہے؟,Kya tasveer mein gaari hai?
218294,COCO_val2014_000000218294.jpg,Is there a chair in the image?,no,adversarial,chair,کیا تصویر میں کرسی ہے؟,Kya tasveer mein kursi hai?
218294,COCO_val2014_000000218294.jpg,Is there a book in the image?,no,adversarial,book,کیا تصویر میں کوئی کتاب ہے؟,Kya tasveer mein kitaab hai?
124210,COCO_val2014_000000124210.jpg,Is there a bench in the image?,yes,random,bench,کیا تصویر میں کوئی بینچ ہے؟,Kya tasveer mein bench hai?
124210,COCO_val2014_000000124210.jpg,Is there a backpack in the image?,yes,random,backpack,کیا تصویر میں کوئی بیگ ہے؟,Kya tasveer mein bag hai?
124210,COCO_val2014_000000124210.jpg,Is there a person in the image?,yes,random,person,کیا تصویر میں کوئی شخص ہے؟,Kya tasveer mein insaan hai?
124210,COCO_val2014_000000124210.jpg,Is there a carrot in the image?,no,random,carrot,کیا تصویر میں گاجر ہے؟,Kya tasveer mein gajar hai?
124210,COCO_val2014_000000124210.jpg,Is there a sports ball in the image?,no,random,sports ball,کیا تصویر میں کھیلوں کی گیند ہے؟,Kya tasveer mein khel ka gend hai?
124210,COCO_val2014_000000124210.jpg,Is there a airplane in the image?,no,random,airplane,کیا تصویر میں ہوائی جہاز ہے؟,Kya tasveer mein hawai jahaaz hai?
124210,COCO_val2014_000000124210.jpg,Is there a sink in the image?,yes,popular,sink,کیا تصویر میں کوئی سنک ہے؟,Kya tasveer mein sink hai?
124210,COCO_val2014_000000124210.jpg,Is there a person in the image?,yes,popular,person,کیا تصویر میں کوئی شخص ہے؟,Kya tasveer mein insaan hai?
124210,COCO_val2014_000000124210.jpg,Is there a suitcase in the image?,yes,popular,suitcase,کیا تصویر میں کوئی سوٹ کیس ہے؟,Kya tasveer mein suitcase hai?
124210,COCO_val2014_000000124210.jpg,Is there a car in the image?,no,popular,car,کیا تصویر میں کوئی کار ہے؟,Kya tasveer mein gaari hai?
124210,COCO_val2014_000000124210.jpg,Is there a chair in the image?,no,popular,chair,کیا تصویر میں کرسی ہے؟,Kya tasveer mein kursi hai?
124210,COCO_val2014_000000124210.jpg,Is there a book in the image?,no,popular,book,کیا تصویر میں کوئی کتاب ہے؟,Kya tasveer mein kitaab hai?
124210,COCO_val2014_000000124210.jpg,Is there a sink in the image?,yes,adversarial,sink,کیا تصویر میں کوئی سنک ہے؟,Kya tasveer mein sink hai?
124210,COCO_val2014_000000124210.jpg,Is there a bench in the image?,yes,adversarial,bench,کیا تصویر میں کوئی بینچ ہے؟,Kya tasveer mein bench hai?
124210,COCO_val2014_000000124210.jpg,Is there a person in the image?,yes,adversarial,person,کیا تصویر میں کوئی شخص ہے؟,Kya tasveer mein insaan hai?
124210,COCO_val2014_000000124210.jpg,Is there a car in the image?,no,adversarial,car,کیا تصویر میں کوئی کار ہے؟,Kya tasveer mein gaari hai?
124210,COCO_val2014_000000124210.jpg,Is there a chair in the image?,no,adversarial,chair,کیا تصویر میں کرسی ہے؟,Kya tasveer mein kursi hai?
124210,COCO_val2014_000000124210.jpg,Is there a book in the image?,no,adversarial,book,کیا تصویر میں کوئی کتاب ہے؟,Kya tasveer mein kitaab hai?
317565,COCO_val2014_000000317565.jpg,Is there a couch in the image?,yes,random,couch,کیا تصویر میں صوفہ ہے؟,Kya tasveer mein sofa hai?
317565,COCO_val2014_000000317565.jpg,Is there a tv in the image?,yes,random,tv,کیا تصویر میں ٹی وی ہے؟,Kya tasveer mein tv hai?
317565,COCO_val2014_000000317565.jpg,Is there a potted plant in the image?,yes,random,potted plant,کیا تصویر میں کوئی پودا ہے؟,Kya tasveer mein gamla hai?
317565,COCO_val2014_000000317565.jpg,Is there a horse in the image?,no,random,horse,کیا تصویر میں گھوڑا ہے؟,Kya tasveer mein ghora hai?
317565,COCO_val2014_000000317565.jpg,Is there a remote in the image?,no,random,remote,کیا تصویر میں کوئی ریموٹ ہے؟,Kya tasveer mein remote hai?
317565,COCO_val2014_000000317565.jpg,Is there a dining table in the image?,no,random,dining table,کیا تصویر میں کھانے کی میز ہے؟,Kya tasveer mein khane ki mez hai?
317565,COCO_val2014_000000317565.jpg,Is there a toilet in the image?,yes,popular,toilet,کیا تصویر میں بیت الخلا ہے؟,Kya tasveer mein toilet hai?
317565,COCO_val2014_000000317565.jpg,Is there a couch in the image?,yes,popular,couch,کیا تصویر میں صوفہ ہے؟,Kya tasveer mein sofa hai?
317565,COCO_val2014_000000317565.jpg,Is there a vase in the image?,yes,popular,vase,کیا تصویر میں گلدان ہے؟,Kya tasveer mein phool daani hai?
317565,COCO_val2014_000000317565.jpg,Is there a person in the image?,no,popular,person,کیا تصویر میں کوئی شخص ہے؟,Kya tasveer mein insaan hai?
317565,COCO_val2014_000000317565.jpg,Is there a car in the image?,no,popular,car,کیا تصویر میں کوئی کار ہے؟,Kya tasveer mein gaari hai?
317565,COCO_val2014_000000317565.jpg,Is there a book in the image?,no,popular,book,کیا تصویر میں کوئی کتاب ہے؟,Kya tasveer mein kitaab hai?
317565,COCO_val2014_000000317565.jpg,Is there a couch in the image?,yes,adversarial,couch,کیا تصویر میں صوفہ ہے؟,Kya tasveer mein sofa hai?
317565,COCO_val2014_000000317565.jpg,Is there a tv in the image?,yes,adversarial,tv,کیا تصویر میں ٹی وی ہے؟,Kya tasveer mein tv hai?
317565,COCO_val2014_000000317565.jpg,Is there a sink in the image?,yes,adversarial,sink,کیا تصویر میں کوئی سنک ہے؟,Kya tasveer mein sink hai?
317565,COCO_val2014_000000317565.jpg,Is there a person in the image?,no,adversarial,person,کیا تصویر میں کوئی شخص ہے؟,Kya tasveer mein insaan hai?
317565,COCO_val2014_000000317565.jpg,Is there a car in the image?,no,adversarial,car,کیا تصویر میں کوئی کار ہے؟,Kya tasveer mein gaari hai?
317565,COCO_val2014_000000317565.jpg,Is there a book in the image?,no,adversarial,book,کیا تصویر میں کوئی کتاب ہے؟,Kya tasveer mein kitaab hai?
279331,COCO_val2014_000000279331.jpg,Is there a backpack in the image?,yes,random,backpack,کیا تصویر میں کوئی بیگ ہے؟,Kya tasveer mein bag hai?
279331,COCO_val2014_000000279331.jpg,Is there a dog in the image?,yes,random,dog,کیا تصویر میں کتا ہے؟,Kya tasveer mein kutta hai?
279331,COCO_val2014_000000279331.jpg,Is there a tennis racket in the image?,yes,random,tennis racket,کیا تصویر میں ٹینس ریکیٹ ہے؟,Kya tasveer mein tennis ka racket hai?
279331,COCO_val2014_000000279331.jpg,Is there a cup in the image?,no,random,cup,کیا تصویر میں کپ ہے؟,Kya tasveer mein cup hai?
279331,COCO_val2014_000000279331.jpg,Is there a kite in the image?,no,random,kite,کیا تصویر میں پتنگ ہے؟,Kya tasveer mein patang hai?
279331,COCO_val2014_000000279331.jpg,Is there a knife in the image?,no,random,knife,کیا تصویر میں چاقو ہے؟,Kya tasveer mein churi hai?
279331,COCO_val2014_000000279331.jpg,Is there a tennis racket in the image?,yes,popular,tennis racket,کیا تصویر میں ٹینس ریکیٹ ہے؟,Kya tasveer mein tennis ka racket hai?
279331,COCO_val2014_000000279331.jpg,Is there a handbag in the image?,yes,popular,handbag,کیا تصویر میں ہینڈ بیگ ہے؟,Kya tasveer mein handbag hai?
279331,COCO_val2014_000000279331.jpg,Is there a dog in the image?,yes,popular,dog,کیا تصویر میں کتا ہے؟,Kya tasveer mein kutta hai?
279331,COCO_val2014_000000279331.jpg,Is there a person in the image?,no,popular,person,کیا تصویر میں کوئی شخص ہے؟,Kya tasveer mein insaan hai?
279331,COCO_val2014_000000279331.jpg,Is there a car in the image?,no,popular,car,کیا تصویر میں کوئی کار ہے؟,Kya tasveer mein gaari hai?
279331,COCO_val2014_000000279331.jpg,Is there a chair in the image?,no,popular,chair,کیا تصویر میں کرسی ہے؟,Kya tasveer mein kursi hai?
279331,COCO_val2014_000000279331.jpg,Is there a dog in the image?,yes,adversarial,dog,کیا تصویر میں کتا ہے؟,Kya tasveer mein kutta hai?
279331,COCO_val2014_000000279331.jpg,Is there a handbag in the image?,yes,adversarial,handbag,کیا تصویر میں ہینڈ بیگ ہے؟,Kya tasveer mein handbag hai?
279331,COCO_val2014_000000279331.jpg,Is there a tennis racket in the image?,yes,adversarial,tennis racket,کیا تصویر میں ٹینس ریکیٹ ہے؟,Kya tasveer mein tennis ka racket hai?
279331,COCO_val2014_000000279331.jpg,Is there a person in the image?,no,adversarial,person,کیا تصویر میں کوئی شخص ہے؟,Kya tasveer mein insaan hai?
279331,COCO_val2014_000000279331.jpg,Is there a car in the image?,no,adversarial,car,کیا تصویر میں کوئی کار ہے؟,Kya tasveer mein gaari hai?
279331,COCO_val2014_000000279331.jpg,Is there a chair in the image?,no,adversarial,chair,کیا تصویر میں کرسی ہے؟,Kya tasveer mein kursi hai?
287035,COCO_val2014_000000287035.jpg,Is there a tv in the image?,yes,random,tv,کیا تصویر میں ٹی وی ہے؟,Kya tasveer mein tv hai?
287035,COCO_val2014_000000287035.jpg,Is there a mouse in the image?,yes,random,mouse,کیا تصویر میں کوئی چوہا ہے؟,Kya tasveer mein mouse hai?
287035,COCO_val2014_000000287035.jpg,Is there a laptop in the image?,yes,random,laptop,کیا تصویر میں لیپ ٹاپ ہے؟,Kya tasveer mein laptop hai?
287035,COCO_val2014_000000287035.jpg,Is there a sink in the image?,no,random,sink,کیا تصویر میں کوئی سنک ہے؟,Kya tasveer mein sink hai?
287035,COCO_val2014_000000287035.jpg,Is there a toothbrush in the image?,no,random,toothbrush,کیا تصویر میں ٹوتھ برش ہے؟,Kya tasveer mein toothbrush hai?
287035,COCO_val2014_000000287035.jpg,Is there a skis in the image?,no,random,skis,کیا تصویر میں کوئی سکی ہے؟,Kya tasveer mein skis hai?
287035,COCO_val2014_000000287035.jpg,Is there a laptop in the image?,yes,popular,laptop,کیا تصویر میں لیپ ٹاپ ہے؟,Kya tasveer mein laptop hai?
287035,COCO_val2014_000000287035.jpg,Is there a keyboard in the image?,yes,popular,keyboard,کیا تصویر میں کی بورڈ ہے؟,Kya tasveer mein keyboard hai?
287035,COCO_val2014_000000287035.jpg,Is there a cell phone in the image?,yes,popular,cell phone,کیا تصویر میں سیل فون ہے؟,Kya tasveer mein mobile hai?
287035,COCO_val2014_000000287035.jpg,Is there a person in the image?,no,popular,person,کیا تصویر میں کوئی شخص ہے؟,Kya tasveer mein insaan hai?
287035,COCO_val2014_000000287035.jpg,Is there a car in the image?,no,popular,car,کیا تصویر میں کوئی کار ہے؟,Kya tasveer mein gaari hai?
287035,COCO_val2014_000000287035.jpg,Is there a book in the image?,no,popular,book,کیا تصویر میں کوئی کتاب ہے؟,Kya tasveer mein kitaab hai?
287035,COCO_val2014_000000287035.jpg,Is there a mouse in the image?,yes,adversarial,mouse,کیا تصویر میں کوئی چوہا ہے؟,Kya tasveer mein mouse hai?
287035,COCO_val2014_000000287035.jpg,Is there a tv in the image?,yes,adversarial,tv,کیا تصویر میں ٹی وی ہے؟,Kya tasveer mein tv hai?
287035,COCO_val2014_000000287035.jpg,Is there a cell phone in the image?,yes,adversarial,cell phone,کیا تصویر میں سیل فون ہے؟,Kya tasveer mein mobile hai?
287035,COCO_val2014_000000287035.jpg,Is there a person in the image?,no,adversarial,person,کیا تصویر میں کوئی شخص ہے؟,Kya tasveer mein insaan hai?
287035,COCO_val2014_000000287035.jpg,Is there a car in the image?,no,adversarial,car,کیا تصویر میں کوئی کار ہے؟,Kya tasveer mein gaari hai?
287035,COCO_val2014_000000287035.jpg,Is there a book in the image?,no,adversarial,book,کیا تصویر میں کوئی کتاب ہے؟,Kya tasveer mein kitaab hai?
505099,COCO_val2014_000000505099.jpg,Is there a backpack in the image?,yes,random,backpack,کیا تصویر میں کوئی بیگ ہے؟,Kya tasveer mein bag hai?
505099,COCO_val2014_000000505099.jpg,Is there a chair in the image?,yes,random,chair,کیا تصویر میں کرسی ہے؟,Kya tasveer mein kursi hai?
505099,COCO_val2014_000000505099.jpg,Is there a baseball glove in the image?,yes,random,baseball glove,کیا تصویر میں بیس بال کا دستانہ ہے؟,Kya tasveer mein baseball ka dastaana hai?
505099,COCO_val2014_000000505099.jpg,Is there a umbrella in the image?,no,random,umbrella,کیا تصویر میں چھتری ہے؟,Kya tasveer mein chhatri hai?
505099,COCO_val2014_000000505099.jpg,Is there a stop sign in the image?,no,random,stop sign,کیا تصویر میں سٹاپ کا نشان ہے؟,Kya tasveer mein stop sign hai?
505099,COCO_val2014_000000505099.jpg,Is there a book in the image?,no,random,book,کیا تصویر میں کوئی کتاب ہے؟,Kya tasveer mein kitaab hai?
505099,COCO_val2014_000000505099.jpg,Is there a baseball bat in the image?,yes,popular,baseball bat,کیا تصویر میں بیس بال کا بیٹ ہے؟,Kya tasveer mein baseball ka balla hai?
505099,COCO_val2014_000000505099.jpg,Is there a person in the image?,yes,popular,person,کیا تصویر میں کوئی شخص ہے؟,Kya tasveer mein insaan hai?
505099,COCO_val2014_000000505099.jpg,Is there a chair in the image?,yes,popular,chair,کیا تصویر میں کرسی ہے؟,Kya tasveer mein kursi hai?
505099,COCO_val2014_000000505099.jpg,Is there a car in the image?,no,popular,car,کیا تصویر میں کوئی کار ہے؟,Kya tasveer mein gaari hai?
505099,COCO_val2014_000000505099.jpg,Is there a book in the image?,no,popular,book,کیا تصویر میں کوئی کتاب ہے؟,Kya tasveer mein kitaab hai?
505099,COCO_val2014_000000505099.jpg,Is there a cup in the image?,no,popular,cup,کیا تصویر میں کپ ہے؟,Kya tasveer mein cup hai?
505099,COCO_val2014_000000505099.jpg,Is there a baseball glove in the image?,yes,adversarial,baseball glove,کیا تصویر میں بیس بال کا دستانہ ہے؟,Kya tasveer mein baseball ka dastaana hai?
505099,COCO_val2014_000000505099.jpg,Is there a bottle in the image?,yes,adversarial,bottle,کیا تصویر میں کوئی بوتل ہے؟,Kya tasveer mein botal hai?
505099,COCO_val2014_000000505099.jpg,Is there a person in the image?,yes,adversarial,person,کیا تصویر میں کوئی شخص ہے؟,Kya tasveer mein insaan hai?
505099,COCO_val2014_000000505099.jpg,Is there a car in the image?,no,adversarial,car,کیا تصویر میں کوئی کار ہے؟,Kya tasveer mein gaari hai?
505099,COCO_val2014_000000505099.jpg,Is there a book in the image?,no,adversarial,book,کیا تصویر میں کوئی کتاب ہے؟,Kya tasveer mein kitaab hai?
505099,COCO_val2014_000000505099.jpg,Is there a cup in the image?,no,adversarial,cup,کیا تصویر میں کپ ہے؟,Kya tasveer mein cup hai?
565395,COCO_val2014_000000565395.jpg,Is there a truck in the image?,yes,random,truck,کیا تصویر میں کوئی ٹرک ہے؟,Kya tasveer mein truck hai?
565395,COCO_val2014_000000565395.jpg,Is there a frisbee in the image?,yes,random,frisbee,کیا تصویر میں فریسبی ہے؟,Kya tasveer mein frisbee hai?
565395,COCO_val2014_000000565395.jpg,Is there a person in the image?,yes,random,person,کیا تصویر میں کوئی شخص ہے؟,Kya tasveer mein insaan hai?
565395,COCO_val2014_000000565395.jpg,Is there a baseball glove in the image?,no,random,baseball glove,کیا تصویر میں بیس بال کا دستانہ ہے؟,Kya tasveer mein baseball ka dastaana hai?
565395,COCO_val2014_000000565395.jpg,Is there a motorcycle in the image?,no,random,motorcycle,کیا تصویر میں کوئی موٹر سائیکل ہے؟,Kya tasveer mein motorcycle hai?
565395,COCO_val2014_000000565395.jpg,Is there a sandwich in the image?,no,random,sandwich,کیا تصویر میں کوئی سینڈوچ ہے؟,Kya tasveer mein sandwich hai?
565395,COCO_val2014_000000565395.jpg,Is there a person in the image?,yes,popular,person,کیا تصویر میں کوئی شخص ہے؟,Kya tasveer mein insaan hai?
565395,COCO_val2014_000000565395.jpg,Is there a frisbee in the image?,yes,popular,frisbee,کیا تصویر میں فریسبی ہے؟,Kya tasveer mein frisbee hai?
565395,COCO_val2014_000000565395.jpg,Is there a truck in the image?,yes,popular,truck,کیا تصویر میں کوئی ٹرک ہے؟,Kya tasveer mein truck hai?
565395,COCO_val2014_000000565395.jpg,Is there a car in the image?,no,popular,car,کیا تصویر میں کوئی کار ہے؟,Kya tasveer mein gaari hai?
565395,COCO_val2014_000000565395.jpg,Is there a chair in the image?,no,popular,chair,کیا تصویر میں کرسی ہے؟,Kya tasveer mein kursi hai?
565395,COCO_val2014_000000565395.jpg,Is there a book in the image?,no,popular,book,کیا تصویر میں کوئی کتاب ہے؟,Kya tasveer mein kitaab hai?
565395,COCO_val2014_000000565395.jpg,Is there a truck in the image?,yes,adversarial,truck,کیا تصویر میں کوئی ٹرک ہے؟,Kya tasveer mein truck hai?
565395,COCO_val2014_000000565395.jpg,Is there a person in the image?,yes,adversarial,person,کیا تصویر میں کوئی شخص ہے؟,Kya tasveer mein insaan hai?
565395,COCO_val2014_000000565395.jpg,Is there a frisbee in the image?,yes,adversarial,frisbee,کیا تصویر میں فریسبی ہے؟,Kya tasveer mein frisbee hai?
565395,COCO_val2014_000000565395.jpg,Is there a car in the image?,no,adversarial,car,کیا تصویر میں کوئی کار ہے؟,Kya tasveer mein gaari hai?
565395,COCO_val2014_000000565395.jpg,Is there a chair in the image?,no,adversarial,chair,کیا تصویر میں کرسی ہے؟,Kya tasveer mein kursi hai?
565395,COCO_val2014_000000565395.jpg,Is there a book in the image?,no,adversarial,book,کیا تصویر میں کوئی کتاب ہے؟,Kya tasveer mein kitaab hai?
17714,COCO_val2014_000000017714.jpg,Is there a pizza in the image?,yes,random,pizza,کیا تصویر میں پیزا ہے؟,Kya tasveer mein pizza hai?
17714,COCO_val2014_000000017714.jpg,Is there a dining table in the image?,yes,random,dining table,کیا تصویر میں کھانے کی میز ہے؟,Kya tasveer mein khane ki mez hai?
17714,COCO_val2014_000000017714.jpg,Is there a banana in the image?,yes,random,banana,کیا تصویر میں کیلا ہے؟,Kya tasveer mein kela hai?
17714,COCO_val2014_000000017714.jpg,Is there a scissors in the image?,no,random,scissors,کیا تصویر میں قینچی ہے؟,Kya tasveer mein qainchi hai?
17714,COCO_val2014_000000017714.jpg,Is there a sandwich in the image?,no,random,sandwich,کیا تصویر میں کوئی سینڈوچ ہے؟,Kya tasveer mein sandwich hai?
17714,COCO_val2014_000000017714.jpg,Is there a zebra in the image?,no,random,zebra,کیا تصویر میں زیبرا ہے؟,Kya tasveer mein zebra hai?
17714,COCO_val2014_000000017714.jpg,Is there a spoon in the image?,yes,popular,spoon,کیا تصویر میں چمچ ہے؟,Kya tasveer mein chamach hai?
17714,COCO_val2014_000000017714.jpg,Is there a fork in the image?,yes,popular,fork,کیا تصویر میں کانٹا ہے؟,Kya tasveer mein kaanta hai?
17714,COCO_val2014_000000017714.jpg,Is there a knife in the image?,yes,popular,knife,کیا تصویر میں چاقو ہے؟,Kya tasveer mein churi hai?
17714,COCO_val2014_000000017714.jpg,Is there a person in the image?,no,popular,person,کیا تصویر میں کوئی شخص ہے؟,Kya tasveer mein insaan hai?
17714,COCO_val2014_000000017714.jpg,Is there a car in the image?,no,popular,car,کیا تصویر میں کوئی کار ہے؟,Kya tasveer mein gaari hai?
17714,COCO_val2014_000000017714.jpg,Is there a chair in the image?,no,popular,chair,کیا تصویر میں کرسی ہے؟,Kya tasveer mein kursi hai?
17714,COCO_val2014_000000017714.jpg,Is there a fork in the image?,yes,adversarial,fork,کیا تصویر میں کانٹا ہے؟,Kya tasveer mein kaanta hai?
17714,COCO_val2014_000000017714.jpg,Is there a knife in the image?,yes,adversarial,knife,کیا تصویر میں چاقو ہے؟,Kya tasveer mein churi hai?
17714,COCO_val2014_000000017714.jpg,Is there a pizza in the image?,yes,adversarial,pizza,کیا تصویر میں پیزا ہے؟,Kya tasveer mein pizza hai?
17714,COCO_val2014_000000017714.jpg,Is there a person in the image?,no,adversarial,person,کیا تصویر میں کوئی شخص ہے؟,Kya tasveer mein insaan hai?
17714,COCO_val2014_000000017714.jpg,Is there a car in the image?,no,adversarial,car,کیا تصویر میں کوئی کار ہے؟,Kya tasveer mein gaari hai?
17714,COCO_val2014_000000017714.jpg,Is there a chair in the image?,no,adversarial,chair,کیا تصویر میں کرسی ہے؟,Kya tasveer mein kursi hai?
257036,COCO_val2014_000000257036.jpg,Is there a chair in the image?,yes,random,chair,کیا تصویر میں کرسی ہے؟,Kya tasveer mein kursi hai?
257036,COCO_val2014_000000257036.jpg,Is there a cat in the image?,yes,random,cat,کیا تصویر میں بلی ہے؟,Kya tasveer mein billi hai?
257036,COCO_val2014_000000257036.jpg,Is there a bicycle in the image?,yes,random,bicycle,کیا تصویر میں کوئی سائیکل ہے؟,Kya tasveer mein cycle hai?
257036,COCO_val2014_000000257036.jpg,Is there a bus in the image?,no,random,bus,کیا تصویر میں بس ہے؟,Kya tasveer mein bus hai?
257036,COCO_val2014_000000257036.jpg,Is there a wine glass in the image?,no,random,wine glass,کیا تصویر میں شراب کا گلاس ہے؟,Kya tasveer mein gilaas hai?
257036,COCO_val2014_000000257036.jpg,Is there a suitcase in the image?,no,random,suitcase,کیا تصویر میں کوئی سوٹ کیس ہے؟,Kya tasveer mein suitcase hai?
257036,COCO_val2014_000000257036.jpg,Is there a cat in the image?,yes,popular,cat,کیا تصویر میں بلی ہے؟,Kya tasveer mein billi hai?
257036,COCO_val2014_000000257036.jpg,Is there a bicycle in the image?,yes,popular,bicycle,کیا تصویر میں کوئی سائیکل ہے؟,Kya tasveer mein cycle hai?
257036,COCO_val2014_000000257036.jpg,Is there a backpack in the image?,yes,popular,backpack,کیا تصویر میں کوئی بیگ ہے؟,Kya tasveer mein bag hai?
257036,COCO_val2014_000000257036.jpg,Is there a person in the image?,no,popular,person,کیا تصویر میں کوئی شخص ہے؟,Kya tasveer mein insaan hai?
257036,COCO_val2014_000000257036.jpg,Is there a car in the image?,no,popular,car,کیا تصویر میں کوئی کار ہے؟,Kya tasveer mein gaari hai?
257036,COCO_val2014_000000257036.jpg,Is there a book in the image?,no,popular,book,کیا تصویر میں کوئی کتاب ہے؟,Kya tasveer mein kitaab hai?
257036,COCO_val2014_000000257036.jpg,Is there a backpack in the image?,yes,adversarial,backpack,کیا تصویر میں کوئی بیگ ہے؟,Kya tasveer mein bag hai?
257036,COCO_val2014_000000257036.jpg,Is there a chair in the image?,yes,adversarial,chair,کیا تصویر میں کرسی ہے؟,Kya tasveer mein kursi hai?
257036,COCO_val2014_000000257036.jpg,Is there a bicycle in the image?,yes,adversarial,bicycle,کیا تصویر میں کوئی سائیکل ہے؟,Kya tasveer mein cycle hai?
257036,COCO_val2014_000000257036.jpg,Is there a person in the image?,no,adversarial,person,کیا تصویر میں کوئی شخص ہے؟,Kya tasveer mein insaan hai?
257036,COCO_val2014_000000257036.jpg,Is there a car in the image?,no,adversarial,car,کیا تصویر میں کوئی کار ہے؟,Kya tasveer mein gaari hai?
257036,COCO_val2014_000000257036.jpg,Is there a book in the image?,no,adversarial,book,کیا تصویر میں کوئی کتاب ہے؟,Kya tasveer mein kitaab hai?
478736,COCO_val2014_000000478736.jpg,Is there a traffic light in the image?,yes,random,traffic light,کیا تصویر میں ٹریفک لائٹ ہے؟,Kya tasveer mein traffic signal hai?
478736,COCO_val2014_000000478736.jpg,Is there a car in the image?,yes,random,car,کیا تصویر میں کوئی کار ہے؟,Kya tasveer mein gaari hai?
478736,COCO_val2014_000000478736.jpg,Is there a stop sign in the image?,yes,random,stop sign,کیا تصویر میں سٹاپ کا نشان ہے؟,Kya tasveer mein stop sign hai?
478736,COCO_val2014_000000478736.jpg,Is there a bus in the image?,no,random,bus,کیا تصویر میں بس ہے؟,Kya tasveer mein bus hai?
478736,COCO_val2014_000000478736.jpg,Is there a tie in the image?,no,random,tie,کیا تصویر میں ٹائی ہے؟,Kya tasveer mein tie hai?
478736,COCO_val2014_000000478736.jpg,Is there a bottle in the image?,no,random,bottle,کیا تصویر میں کوئی بوتل ہے؟,Kya tasveer mein botal hai?
478736,COCO_val2014_000000478736.jpg,Is there a car in the image?,yes,popular,car,کیا تصویر میں کوئی کار ہے؟,Kya tasveer mein gaari hai?
478736,COCO_val2014_000000478736.jpg,Is there a stop sign in the image?,yes,popular,stop sign,کیا تصویر میں سٹاپ کا نشان ہے؟,Kya tasveer mein stop sign hai?
478736,COCO_val2014_000000478736.jpg,Is there a traffic light in the image?,yes,popular,traffic light,کیا تصویر میں ٹریفک لائٹ ہے؟,Kya tasveer mein traffic signal hai?
478736,COCO_val2014_000000478736.jpg,Is there a person in the image?,no,popular,person,کیا تصویر میں کوئی شخص ہے؟,Kya tasveer mein insaan hai?
478736,COCO_val2014_000000478736.jpg,Is there a chair in the image?,no,popular,chair,کیا تصویر میں کرسی ہے؟,Kya tasveer mein kursi hai?
478736,COCO_val2014_000000478736.jpg,Is there a book in the image?,no,popular,book,کیا تصویر میں کوئی کتاب ہے؟,Kya tasveer mein kitaab hai?
478736,COCO_val2014_000000478736.jpg,Is there a car in the image?,yes,adversarial,car,کیا تصویر میں کوئی کار ہے؟,Kya tasveer mein gaari hai?
478736,COCO_val2014_000000478736.jpg,Is there a stop sign in the image?,yes,adversarial,stop sign,کیا تصویر میں سٹاپ کا نشان ہے؟,Kya tasveer mein stop sign hai?
478736,COCO_val2014_000000478736.jpg,Is there a traffic light in the image?,yes,adversarial,traffic light,کیا تصویر میں ٹریفک لائٹ ہے؟,Kya tasveer mein traffic signal hai?
478736,COCO_val2014_000000478736.jpg,Is there a person in the image?,no,adversarial,person,کیا تصویر میں کوئی شخص ہے؟,Kya tasveer mein insaan hai?
478736,COCO_val2014_000000478736.jpg,Is there a chair in the image?,no,adversarial,chair,کیا تصویر میں کرسی ہے؟,Kya tasveer mein kursi hai?
478736,COCO_val2014_000000478736.jpg,Is there a book in the image?,no,adversarial,book,کیا تصویر میں کوئی کتاب ہے؟,Kya tasveer mein kitaab hai?
370013,COCO_val2014_000000370013.jpg,Is there a banana in the image?,yes,random,banana,کیا تصویر میں کیلا ہے؟,Kya tasveer mein kela hai?
370013,COCO_val2014_000000370013.jpg,Is there a knife in the image?,yes,random,knife,کیا تصویر میں چاقو ہے؟,Kya tasveer mein churi hai?
370013,COCO_val2014_000000370013.jpg,Is there a person in the image?,yes,random,person,کیا تصویر میں کوئی شخص ہے؟,Kya tasveer mein insaan hai?
370013,COCO_val2014_000000370013.jpg,Is there a hot dog in the image?,no,random,hot dog,کیا تصویر میں کوئی ہاٹ ڈاگ ہے؟,Kya tasveer mein hot dog hai?
370013,COCO_val2014_000000370013.jpg,Is there a bowl in the image?,no,random,bowl,کیا تصویر میں ایک پیالہ ہے؟,Kya tasveer mein bowl hai?
370013,COCO_val2014_000000370013.jpg,Is there a backpack in the image?,no,random,backpack,کیا تصویر میں کوئی بیگ ہے؟,Kya tasveer mein bag hai?
370013,COCO_val2014_000000370013.jpg,Is there a banana in the image?,yes,popular,banana,کیا تصویر میں کیلا ہے؟,Kya tasveer mein kela hai?
370013,COCO_val2014_000000370013.jpg,Is there a knife in the image?,yes,popular,knife,کیا تصویر میں چاقو ہے؟,Kya tasveer mein churi hai?
370013,COCO_val2014_000000370013.jpg,Is there a person in the image?,yes,popular,person,کیا تصویر میں کوئی شخص ہے؟,Kya tasveer mein insaan hai?
370013,COCO_val2014_000000370013.jpg,Is there a car in the image?,no,popular,car,کیا تصویر میں کوئی کار ہے؟,Kya tasveer mein gaari hai?
370013,COCO_val2014_000000370013.jpg,Is there a chair in the image?,no,popular,chair,کیا تصویر میں کرسی ہے؟,Kya tasveer mein kursi hai?
370013,COCO_val2014_000000370013.jpg,Is there a book in the image?,no,popular,book,کیا تصویر میں کوئی کتاب ہے؟,Kya tasveer mein kitaab hai?
370013,COCO_val2014_000000370013.jpg,Is there a knife in the image?,yes,adversarial,knife,کیا تصویر میں چاقو ہے؟,Kya tasveer mein churi hai?
370013,COCO_val2014_000000370013.jpg,Is there a banana in the image?,yes,adversarial,banana,کیا تصویر میں کیلا ہے؟,Kya tasveer mein kela hai?
370013,COCO_val2014_000000370013.jpg,Is there a person in the image?,yes,adversarial,person,کیا تصویر میں کوئی شخص ہے؟,Kya tasveer mein insaan hai?
370013,COCO_val2014_000000370013.jpg,Is there a car in the image?,no,adversarial,car,کیا تصویر میں کوئی کار ہے؟,Kya tasveer mein gaari hai?
370013,COCO_val2014_000000370013.jpg,Is there a chair in the image?,no,adversarial,chair,کیا تصویر میں کرسی ہے؟,Kya tasveer mein kursi hai?
370013,COCO_val2014_000000370013.jpg,Is there a book in the image?,no,adversarial,book,کیا تصویر میں کوئی کتاب ہے؟,Kya tasveer mein kitaab hai?
552273,COCO_val2014_000000552273.jpg,Is there a stop sign in the image?,yes,random,stop sign,کیا تصویر میں سٹاپ کا نشان ہے؟,Kya tasveer mein stop sign hai?
552273,COCO_val2014_000000552273.jpg,Is there a person in the image?,yes,random,person,کیا تصویر میں کوئی شخص ہے؟,Kya tasveer mein insaan hai?
552273,COCO_val2014_000000552273.jpg,Is there a horse in the image?,yes,random,horse,کیا تصویر میں گھوڑا ہے؟,Kya tasveer mein ghora hai?
552273,COCO_val2014_000000552273.jpg,Is there a suitcase in the image?,no,random,suitcase,کیا تصویر میں کوئی سوٹ کیس ہے؟,Kya tasveer mein suitcase hai?
552273,COCO_val2014_000000552273.jpg,Is there a clock in the image?,no,random,clock,کیا تصویر میں کوئی گھڑی ہے؟,Kya tasveer mein ghadi hai?
552273,COCO_val2014_000000552273.jpg,Is there a fork in the image?,no,random,fork,کیا تصویر میں کانٹا ہے؟,Kya tasveer mein kaanta hai?
552273,COCO_val2014_000000552273.jpg,Is there a backpack in the image?,yes,popular,backpack,کیا تصویر میں کوئی بیگ ہے؟,Kya tasveer mein bag hai?
552273,COCO_val2014_000000552273.jpg,Is there a person in the image?,yes,popular,person,کیا تصویر میں کوئی شخص ہے؟,Kya tasveer mein insaan hai?
552273,COCO_val2014_000000552273.jpg,Is there a stop sign in the image?,yes,popular,stop sign,کیا تصویر میں سٹاپ کا نشان ہے؟,Kya tasveer mein stop sign hai?
552273,COCO_val2014_000000552273.jpg,Is there a car in the image?,no,popular,car,کیا تصویر میں کوئی کار ہے؟,Kya tasveer mein gaari hai?
552273,COCO_val2014_000000552273.jpg,Is there a chair in the image?,no,popular,chair,کیا تصویر میں کرسی ہے؟,Kya tasveer mein kursi hai?
552273,COCO_val2014_000000552273.jpg,Is there a book in the image?,no,popular,book,کیا تصویر میں کوئی کتاب ہے؟,Kya tasveer mein kitaab hai?
552273,COCO_val2014_000000552273.jpg,Is there a backpack in the image?,yes,adversarial,backpack,کیا تصویر میں کوئی بیگ ہے؟,Kya tasveer mein bag hai?
552273,COCO_val2014_000000552273.jpg,Is there a handbag in the image?,yes,adversarial,handbag,کیا تصویر میں ہینڈ بیگ ہے؟,Kya tasveer mein handbag hai?
552273,COCO_val2014_000000552273.jpg,Is there a horse in the image?,yes,adversarial,horse,کیا تصویر میں گھوڑا ہے؟,Kya tasveer mein ghora hai?
552273,COCO_val2014_000000552273.jpg,Is there a car in the image?,no,adversarial,car,کیا تصویر میں کوئی کار ہے؟,Kya tasveer mein gaari hai?
552273,COCO_val2014_000000552273.jpg,Is there a chair in the image?,no,adversarial,chair,کیا تصویر میں کرسی ہے؟,Kya tasveer mein kursi hai?
552273,COCO_val2014_000000552273.jpg,Is there a book in the image?,no,adversarial,book,کیا تصویر میں کوئی کتاب ہے؟,Kya tasveer mein kitaab hai?
342377,COCO_val2014_000000342377.jpg,Is there a carrot in the image?,yes,random,carrot,کیا تصویر میں گاجر ہے؟,Kya tasveer mein gajar hai?
342377,COCO_val2014_000000342377.jpg,Is there a person in the image?,yes,random,person,کیا تصویر میں کوئی شخص ہے؟,Kya tasveer mein insaan hai?
342377,COCO_val2014_000000342377.jpg,Is there a refrigerator in the image?,yes,random,refrigerator,کیا تصویر میں ریفریجریٹر ہے؟,Kya tasveer mein fridge hai?
342377,COCO_val2014_000000342377.jpg,Is there a potted plant in the image?,no,random,potted plant,کیا تصویر میں کوئی پودا ہے؟,Kya tasveer mein gamla hai?
342377,COCO_val2014_000000342377.jpg,Is there a bowl in the image?,no,random,bowl,کیا تصویر میں ایک پیالہ ہے؟,Kya tasveer mein bowl hai?
342377,COCO_val2014_000000342377.jpg,Is there a bed in the image?,no,random,bed,کیا تصویر میں کوئی بستر ہے؟,Kya tasveer mein bistar hai?
342377,COCO_val2014_000000342377.jpg,Is there a refrigerator in the image?,yes,popular,refrigerator,کیا تصویر میں ریفریجریٹر ہے؟,Kya tasveer mein fridge hai?
342377,COCO_val2014_000000342377.jpg,Is there a carrot in the image?,yes,popular,carrot,کیا تصویر میں گاجر ہے؟,Kya tasveer mein gajar hai?
342377,COCO_val2014_000000342377.jpg,Is there a person in the image?,yes,popular,person,کیا تصویر میں کوئی شخص ہے؟,Kya tasveer mein insaan hai?
342377,COCO_val2014_000000342377.jpg,Is there a car in the image?,no,popular,car,کیا تصویر میں کوئی کار ہے؟,Kya tasveer mein gaari hai?
342377,COCO_val2014_000000342377.jpg,Is there a chair in the image?,no,popular,chair,کیا تصویر میں کرسی ہے؟,Kya tasveer mein kursi hai?
342377,COCO_val2014_000000342377.jpg,Is there a book in the image?,no,popular,book,کیا تصویر میں کوئی کتاب ہے؟,Kya tasveer mein kitaab hai?
342377,COCO_val2014_000000342377.jpg,Is there a carrot in the image?,yes,adversarial,carrot,کیا تصویر میں گاجر ہے؟,Kya tasveer mein gajar hai?
342377,COCO_val2014_000000342377.jpg,Is there a refrigerator in the image?,yes,adversarial,refrigerator,کیا تصویر میں ریفریجریٹر ہے؟,Kya tasveer mein fridge hai?
342377,COCO_val2014_000000342377.jpg,Is there a person in the image?,yes,adversarial,person,کیا تصویر میں کوئی شخص ہے؟,Kya tasveer mein insaan hai?
342377,COCO_val2014_000000342377.jpg,Is there a car in the image?,no,adversarial,car,کیا تصویر میں کوئی کار ہے؟,Kya tasveer mein gaari hai?
342377,COCO_val2014_000000342377.jpg,Is there a chair in the image?,no,adversarial,chair,کیا تصویر میں کرسی ہے؟,Kya tasveer mein kursi hai?
342377,COCO_val2014_000000342377.jpg,Is there a book in the image?,no,adversarial,book,کیا تصویر میں کوئی کتاب ہے؟,Kya tasveer mein kitaab hai?
101703,COCO_val2014_000000101703.jpg,Is there a bus in the image?,yes,random,bus,کیا تصویر میں بس ہے؟,Kya tasveer mein bus hai?
101703,COCO_val2014_000000101703.jpg,Is there a clock in the image?,yes,random,clock,کیا تصویر میں کوئی گھڑی ہے؟,Kya tasveer mein ghadi hai?
101703,COCO_val2014_000000101703.jpg,Is there a person in the image?,yes,random,person,کیا تصویر میں کوئی شخص ہے؟,Kya tasveer mein insaan hai?
101703,COCO_val2014_000000101703.jpg,Is there a cell phone in the image?,no,random,cell phone,کیا تصویر میں سیل فون ہے؟,Kya tasveer mein mobile hai?
101703,COCO_val2014_000000101703.jpg,Is there a zebra in the image?,no,random,zebra,کیا تصویر میں زیبرا ہے؟,Kya tasveer mein zebra hai?
101703,COCO_val2014_000000101703.jpg,Is there a airplane in the image?,no,random,airplane,کیا تصویر میں ہوائی جہاز ہے؟,Kya tasveer mein hawai jahaaz hai?
101703,COCO_val2014_000000101703.jpg,Is there a person in the image?,yes,popular,person,کیا تصویر میں کوئی شخص ہے؟,Kya tasveer mein insaan hai?
101703,COCO_val2014_000000101703.jpg,Is there a clock in the image?,yes,popular,clock,کیا تصویر میں کوئی گھڑی ہے؟,Kya tasveer mein ghadi hai?
101703,COCO_val2014_000000101703.jpg,Is there a bus in the image?,yes,popular,bus,کیا تصویر میں بس ہے؟,Kya tasveer mein bus hai?
101703,COCO_val2014_000000101703.jpg,Is there a car in the image?,no,popular,car,کیا تصویر میں کوئی کار ہے؟,Kya tasveer mein gaari hai?
101703,COCO_val2014_000000101703.jpg,Is there a chair in the image?,no,popular,chair,کیا تصویر میں کرسی ہے؟,Kya tasveer mein kursi hai?
101703,COCO_val2014_000000101703.jpg,Is there a book in the image?,no,popular,book,کیا تصویر میں کوئی کتاب ہے؟,Kya tasveer mein kitaab hai?
101703,COCO_val2014_000000101703.jpg,Is there a person in the image?,yes,adversarial,person,کیا تصویر میں کوئی شخص ہے؟,Kya tasveer mein insaan hai?
101703,COCO_val2014_000000101703.jpg,Is there a bus in the image?,yes,adversarial,bus,کیا تصویر میں بس ہے؟,Kya tasveer mein bus hai?
101703,COCO_val2014_000000101703.jpg,Is there a clock in the image?,yes,adversarial,clock,کیا تصویر میں کوئی گھڑی ہے؟,Kya tasveer mein ghadi hai?
101703,COCO_val2014_000000101703.jpg,Is there a car in the image?,no,adversarial,car,کیا تصویر میں کوئی کار ہے؟,Kya tasveer mein gaari hai?
101703,COCO_val2014_000000101703.jpg,Is there a chair in the image?,no,adversarial,chair,کیا تصویر میں کرسی ہے؟,Kya tasveer mein kursi hai?
101703,COCO_val2014_000000101703.jpg,Is there a book in the image?,no,adversarial,book,کیا تصویر میں کوئی کتاب ہے؟,Kya tasveer mein kitaab hai?
579081,COCO_val2014_000000579081.jpg,Is there a skis in the image?,yes,random,skis,کیا تصویر میں کوئی سکی ہے؟,Kya tasveer mein skis hai?
579081,COCO_val2014_000000579081.jpg,Is there a bench in the image?,yes,random,bench,کیا تصویر میں کوئی بینچ ہے؟,Kya tasveer mein bench hai?
579081,COCO_val2014_000000579081.jpg,Is there a person in the image?,yes,random,person,کیا تصویر میں کوئی شخص ہے؟,Kya tasveer mein insaan hai?
579081,COCO_val2014_000000579081.jpg,Is there a hot dog in the image?,no,random,hot dog,کیا تصویر میں کوئی ہاٹ ڈاگ ہے؟,Kya tasveer mein hot dog hai?
579081,COCO_val2014_000000579081.jpg,Is there a vase in the image?,no,random,vase,کیا تصویر میں گلدان ہے؟,Kya tasveer mein phool daani hai?
579081,COCO_val2014_000000579081.jpg,Is there a bus in the image?,no,random,bus,کیا تصویر میں بس ہے؟,Kya tasveer mein bus hai?
579081,COCO_val2014_000000579081.jpg,Is there a skis in the image?,yes,popular,skis,کیا تصویر میں کوئی سکی ہے؟,Kya tasveer mein skis hai?
579081,COCO_val2014_000000579081.jpg,Is there a person in the image?,yes,popular,person,کیا تصویر میں کوئی شخص ہے؟,Kya tasveer mein insaan hai?
579081,COCO_val2014_000000579081.jpg,Is there a bench in the image?,yes,popular,bench,کیا تصویر میں کوئی بینچ ہے؟,Kya tasveer mein bench hai?
579081,COCO_val2014_000000579081.jpg,Is there a car in the image?,no,popular,car,کیا تصویر میں کوئی کار ہے؟,Kya tasveer mein gaari hai?
579081,COCO_val2014_000000579081.jpg,Is there a chair in the image?,no,popular,chair,کیا تصویر میں کرسی ہے؟,Kya tasveer mein kursi hai?
579081,COCO_val2014_000000579081.jpg,Is there a book in the image?,no,popular,book,کیا تصویر میں کوئی کتاب ہے؟,Kya tasveer mein kitaab hai?
579081,COCO_val2014_000000579081.jpg,Is there a bench in the image?,yes,adversarial,bench,کیا تصویر میں کوئی بینچ ہے؟,Kya tasveer mein bench hai?
579081,COCO_val2014_000000579081.jpg,Is there a skis in the image?,yes,adversarial,skis,کیا تصویر میں کوئی سکی ہے؟,Kya tasveer mein skis hai?
579081,COCO_val2014_000000579081.jpg,Is there a person in the image?,yes,adversarial,person,کیا تصویر میں کوئی شخص ہے؟,Kya tasveer mein insaan hai?
579081,COCO_val2014_000000579081.jpg,Is there a car in the image?,no,adversarial,car,کیا تصویر میں کوئی کار ہے؟,Kya tasveer mein gaari hai?
579081,COCO_val2014_000000579081.jpg,Is there a chair in the image?,no,adversarial,chair,کیا تصویر میں کرسی ہے؟,Kya tasveer mein kursi hai?
579081,COCO_val2014_000000579081.jpg,Is there a book in the image?,no,adversarial,book,کیا تصویر میں کوئی کتاب ہے؟,Kya tasveer mein kitaab hai?
99428,COCO_val2014_000000099428.jpg,Is there a remote in the image?,yes,random,remote,کیا تصویر میں کوئی ریموٹ ہے؟,Kya tasveer mein remote hai?
99428,COCO_val2014_000000099428.jpg,Is there a laptop in the image?,yes,random,laptop,کیا تصویر میں لیپ ٹاپ ہے؟,Kya tasveer mein laptop hai?
99428,COCO_val2014_000000099428.jpg,Is there a cell phone in the image?,yes,random,cell phone,کیا تصویر میں سیل فون ہے؟,Kya tasveer mein mobile hai?
99428,COCO_val2014_000000099428.jpg,Is there a broccoli in the image?,no,random,broccoli,کیا تصویر میں بروکولی ہے؟,Kya tasveer mein broccoli hai?
99428,COCO_val2014_000000099428.jpg,Is there a wine glass in the image?,no,random,wine glass,کیا تصویر میں شراب کا گلاس ہے؟,Kya tasveer mein gilaas hai?
99428,COCO_val2014_000000099428.jpg,Is there a baseball glove in the image?,no,random,baseball glove,کیا تصویر میں بیس بال کا دستانہ ہے؟,Kya tasveer mein baseball ka dastaana hai?
99428,COCO_val2014_000000099428.jpg,Is there a remote in the image?,yes,popular,remote,کیا تصویر میں کوئی ریموٹ ہے؟,Kya tasveer mein remote hai?
99428,COCO_val2014_000000099428.jpg,Is there a laptop in the image?,yes,popular,laptop,کیا تصویر میں لیپ ٹاپ ہے؟,Kya tasveer mein laptop hai?
99428,COCO_val2014_000000099428.jpg,Is there a cell phone in the image?,yes,popular,cell phone,کیا تصویر میں سیل فون ہے؟,Kya tasveer mein mobile hai?
99428,COCO_val2014_000000099428.jpg,Is there a person in the image?,no,popular,person,کیا تصویر میں کوئی شخص ہے؟,Kya tasveer mein insaan hai?
99428,COCO_val2014_000000099428.jpg,Is there a car in the image?,no,popular,car,کیا تصویر میں کوئی کار ہے؟,Kya tasveer mein gaari hai?
99428,COCO_val2014_000000099428.jpg,Is there a chair in the image?,no,popular,chair,کیا تصویر میں کرسی ہے؟,Kya tasveer mein kursi hai?
99428,COCO_val2014_000000099428.jpg,Is there a laptop in the image?,yes,adversarial,laptop,کیا تصویر میں لیپ ٹاپ ہے؟,Kya tasveer mein laptop hai?
99428,COCO_val2014_000000099428.jpg,Is there a remote in the image?,yes,adversarial,remote,کیا تصویر میں کوئی ریموٹ ہے؟,Kya tasveer mein remote hai?
99428,COCO_val2014_000000099428.jpg,Is there a cell phone in the image?,yes,adversarial,cell phone,کیا تصویر میں سیل فون ہے؟,Kya tasveer mein mobile hai?
99428,COCO_val2014_000000099428.jpg,Is there a person in the image?,no,adversarial,person,کیا تصویر میں کوئی شخص ہے؟,Kya tasveer mein insaan hai?
99428,COCO_val2014_000000099428.jpg,Is there a car in the image?,no,adversarial,car,کیا تصویر میں کوئی کار ہے؟,Kya tasveer mein gaari hai?
99428,COCO_val2014_000000099428.jpg,Is there a chair in the image?,no,adversarial,chair,کیا تصویر میں کرسی ہے؟,Kya tasveer mein kursi hai?
215456,COCO_val2014_000000215456.jpg,Is there a stop sign in the image?,yes,random,stop sign,کیا تصویر میں سٹاپ کا نشان ہے؟,Kya tasveer mein stop sign hai?
215456,COCO_val2014_000000215456.jpg,Is there a bicycle in the image?,yes,random,bicycle,کیا تصویر میں کوئی سائیکل ہے؟,Kya tasveer mein cycle hai?
215456,COCO_val2014_000000215456.jpg,Is there a person in the image?,yes,random,person,کیا تصویر میں کوئی شخص ہے؟,Kya tasveer mein insaan hai?
215456,COCO_val2014_000000215456.jpg,Is there a surfboard in the image?,no,random,surfboard,کیا تصویر میں کوئی سرف بورڈ ہے؟,Kya tasveer mein surfboard hai?
215456,COCO_val2014_000000215456.jpg,Is there a toilet in the image?,no,random,toilet,کیا تصویر میں بیت الخلا ہے؟,Kya tasveer mein toilet hai?
215456,COCO_val2014_000000215456.jpg,Is there a snowboard in the image?,no,random,snowboard,کیا تصویر میں سنو بورڈ ہے؟,Kya tasveer mein snowboard hai?
215456,COCO_val2014_000000215456.jpg,Is there a bicycle in the image?,yes,popular,bicycle,کیا تصویر میں کوئی سائیکل ہے؟,Kya tasveer mein cycle hai?
215456,COCO_val2014_000000215456.jpg,Is there a stop sign in the image?,yes,popular,stop sign,کیا تصویر میں سٹاپ کا نشان ہے؟,Kya tasveer mein stop sign hai?
215456,COCO_val2014_000000215456.jpg,Is there a car in the image?,yes,popular,car,کیا تصویر میں کوئی کار ہے؟,Kya tasveer mein gaari hai?
215456,COCO_val2014_000000215456.jpg,Is there a chair in the image?,no,popular,chair,کیا تصویر میں کرسی ہے؟,Kya tasveer mein kursi hai?
215456,COCO_val2014_000000215456.jpg,Is there a book in the image?,no,popular,book,کیا تصویر میں کوئی کتاب ہے؟,Kya tasveer mein kitaab hai?
215456,COCO_val2014_000000215456.jpg,Is there a bottle in the image?,no,popular,bottle,کیا تصویر میں کوئی بوتل ہے؟,Kya tasveer mein botal hai?
215456,COCO_val2014_000000215456.jpg,Is there a car in the image?,yes,adversarial,car,کیا تصویر میں کوئی کار ہے؟,Kya tasveer mein gaari hai?
215456,COCO_val2014_000000215456.jpg,Is there a person in the image?,yes,adversarial,person,کیا تصویر میں کوئی شخص ہے؟,Kya tasveer mein insaan hai?
215456,COCO_val2014_000000215456.jpg,Is there a bicycle in the image?,yes,adversarial,bicycle,کیا تصویر میں کوئی سائیکل ہے؟,Kya tasveer mein cycle hai?
215456,COCO_val2014_000000215456.jpg,Is there a chair in the image?,no,adversarial,chair,کیا تصویر میں کرسی ہے؟,Kya tasveer mein kursi hai?
215456,COCO_val2014_000000215456.jpg,Is there a book in the image?,no,adversarial,book,کیا تصویر میں کوئی کتاب ہے؟,Kya tasveer mein kitaab hai?
215456,COCO_val2014_000000215456.jpg,Is there a bottle in the image?,no,adversarial,bottle,کیا تصویر میں کوئی بوتل ہے؟,Kya tasveer mein botal hai?
534787,COCO_val2014_000000534787.jpg,Is there a person in the image?,yes,random,person,کیا تصویر میں کوئی شخص ہے؟,Kya tasveer mein insaan hai?
534787,COCO_val2014_000000534787.jpg,Is there a remote in the image?,yes,random,remote,کیا تصویر میں کوئی ریموٹ ہے؟,Kya tasveer mein remote hai?
534787,COCO_val2014_000000534787.jpg,Is there a couch in the image?,yes,random,couch,کیا تصویر میں صوفہ ہے؟,Kya tasveer mein sofa hai?
534787,COCO_val2014_000000534787.jpg,Is there a potted plant in the image?,no,random,potted plant,کیا تصویر میں کوئی پودا ہے؟,Kya tasveer mein gamla hai?
534787,COCO_val2014_000000534787.jpg,Is there a parking meter in the image?,no,random,parking meter,کیا تصویر میں پارکنگ میٹر ہے؟,Kya tasveer mein parking meter hai?
534787,COCO_val2014_000000534787.jpg,Is there a cup in the image?,no,random,cup,کیا تصویر میں کپ ہے؟,Kya tasveer mein cup hai?
534787,COCO_val2014_000000534787.jpg,Is there a keyboard in the image?,yes,popular,keyboard,کیا تصویر میں کی بورڈ ہے؟,Kya tasveer mein keyboard hai?
534787,COCO_val2014_000000534787.jpg,Is there a couch in the image?,yes,popular,couch,کیا تصویر میں صوفہ ہے؟,Kya tasveer mein sofa hai?
534787,COCO_val2014_000000534787.jpg,Is there a person in the image?,yes,popular,person,کیا تصویر میں کوئی شخص ہے؟,Kya tasveer mein insaan hai?
534787,COCO_val2014_000000534787.jpg,Is there a car in the image?,no,popular,car,کیا تصویر میں کوئی کار ہے؟,Kya tasveer mein gaari hai?
534787,COCO_val2014_000000534787.jpg,Is there a chair in the image?,no,popular,chair,کیا تصویر میں کرسی ہے؟,Kya tasveer mein kursi hai?
534787,COCO_val2014_000000534787.jpg,Is there a book in the image?,no,popular,book,کیا تصویر میں کوئی کتاب ہے؟,Kya tasveer mein kitaab hai?
534787,COCO_val2014_000000534787.jpg,Is there a keyboard in the image?,yes,adversarial,keyboard,کیا تصویر میں کی بورڈ ہے؟,Kya tasveer mein keyboard hai?
534787,COCO_val2014_000000534787.jpg,Is there a remote in the image?,yes,adversarial,remote,کیا تصویر میں کوئی ریموٹ ہے؟,Kya tasveer mein remote hai?
534787,COCO_val2014_000000534787.jpg,Is there a person in the image?,yes,adversarial,person,کیا تصویر میں کوئی شخص ہے؟,Kya tasveer mein insaan hai?
534787,COCO_val2014_000000534787.jpg,Is there a car in the image?,no,adversarial,car,کیا تصویر میں کوئی کار ہے؟,Kya tasveer mein gaari hai?
534787,COCO_val2014_000000534787.jpg,Is there a chair in the image?,no,adversarial,chair,کیا تصویر میں کرسی ہے؟,Kya tasveer mein kursi hai?
534787,COCO_val2014_000000534787.jpg,Is there a book in the image?,no,adversarial,book,کیا تصویر میں کوئی کتاب ہے؟,Kya tasveer mein kitaab hai?
216861,COCO_val2014_000000216861.jpg,Is there a bicycle in the image?,yes,random,bicycle,کیا تصویر میں کوئی سائیکل ہے؟,Kya tasveer mein cycle hai?
216861,COCO_val2014_000000216861.jpg,Is there a person in the image?,yes,random,person,کیا تصویر میں کوئی شخص ہے؟,Kya tasveer mein insaan hai?
216861,COCO_val2014_000000216861.jpg,Is there a dog in the image?,yes,random,dog,کیا تصویر میں کتا ہے؟,Kya tasveer mein kutta hai?
216861,COCO_val2014_000000216861.jpg,Is there a microwave in the image?,no,random,microwave,کیا تصویر میں مائکروویو ہے؟,Kya tasveer mein microwave hai?
216861,COCO_val2014_000000216861.jpg,Is there a snowboard in the image?,no,random,snowboard,کیا تصویر میں سنو بورڈ ہے؟,Kya tasveer mein snowboard hai?
216861,COCO_val2014_000000216861.jpg,Is there a sheep in the image?,no,random,sheep,کیا تصویر میں بھیڑ ہے؟,Kya tasveer mein bhed hai?
216861,COCO_val2014_000000216861.jpg,Is there a person in the image?,yes,popular,person,کیا تصویر میں کوئی شخص ہے؟,Kya tasveer mein insaan hai?
216861,COCO_val2014_000000216861.jpg,Is there a bicycle in the image?,yes,popular,bicycle,کیا تصویر میں کوئی سائیکل ہے؟,Kya tasveer mein cycle hai?
216861,COCO_val2014_000000216861.jpg,Is there a dog in the image?,yes,popular,dog,کیا تصویر میں کتا ہے؟,Kya tasveer mein kutta hai?
216861,COCO_val2014_000000216861.jpg,Is there a car in the image?,no,popular,car,کیا تصویر میں کوئی کار ہے؟,Kya tasveer mein gaari hai?
216861,COCO_val2014_000000216861.jpg,Is there a chair in the image?,no,popular,chair,کیا تصویر میں کرسی ہے؟,Kya tasveer mein kursi hai?
216861,COCO_val2014_000000216861.jpg,Is there a book in the image?,no,popular,book,کیا تصویر میں کوئی کتاب ہے؟,Kya tasveer mein kitaab hai?
216861,COCO_val2014_000000216861.jpg,Is there a dog in the image?,yes,adversarial,dog,کیا تصویر میں کتا ہے؟,Kya tasveer mein kutta hai?
216861,COCO_val2014_000000216861.jpg,Is there a person in the image?,yes,adversarial,person,کیا تصویر میں کوئی شخص ہے؟,Kya tasveer mein insaan hai?
216861,COCO_val2014_000000216861.jpg,Is there a bicycle in the image?,yes,adversarial,bicycle,کیا تصویر میں کوئی سائیکل ہے؟,Kya tasveer mein cycle hai?
216861,COCO_val2014_000000216861.jpg,Is there a car in the image?,no,adversarial,car,کیا تصویر میں کوئی کار ہے؟,Kya tasveer mein gaari hai?
216861,COCO_val2014_000000216861.jpg,Is there a chair in the image?,no,adversarial,chair,کیا تصویر میں کرسی ہے؟,Kya tasveer mein kursi hai?
216861,COCO_val2014_000000216861.jpg,Is there a book in the image?,no,adversarial,book,کیا تصویر میں کوئی کتاب ہے؟,Kya tasveer mein kitaab hai?
208450,COCO_val2014_000000208450.jpg,Is there a horse in the image?,yes,random,horse,کیا تصویر میں گھوڑا ہے؟,Kya tasveer mein ghora hai?
208450,COCO_val2014_000000208450.jpg,Is there a car in the image?,yes,random,car,کیا تصویر میں کوئی کار ہے؟,Kya tasveer mein gaari hai?
208450,COCO_val2014_000000208450.jpg,Is there a person in the image?,yes,random,person,کیا تصویر میں کوئی شخص ہے؟,Kya tasveer mein insaan hai?
208450,COCO_val2014_000000208450.jpg,Is there a book in the image?,no,random,book,کیا تصویر میں کوئی کتاب ہے؟,Kya tasveer mein kitaab hai?
208450,COCO_val2014_000000208450.jpg,Is there a cow in the image?,no,random,cow,کیا تصویر میں گائے ہے؟,Kya tasveer mein gaay hai?
208450,COCO_val2014_000000208450.jpg,Is there a bench in the image?,no,random,bench,کیا تصویر میں کوئی بینچ ہے؟,Kya tasveer mein bench hai?
208450,COCO_val2014_000000208450.jpg,Is there a person in the image?,yes,popular,person,کیا تصویر میں کوئی شخص ہے؟,Kya tasveer mein insaan hai?
208450,COCO_val2014_000000208450.jpg,Is there a car in the image?,yes,popular,car,کیا تصویر میں کوئی کار ہے؟,Kya tasveer mein gaari hai?
208450,COCO_val2014_000000208450.jpg,Is there a horse in the image?,yes,popular,horse,کیا تصویر میں گھوڑا ہے؟,Kya tasveer mein ghora hai?
208450,COCO_val2014_000000208450.jpg,Is there a chair in the image?,no,popular,chair,کیا تصویر میں کرسی ہے؟,Kya tasveer mein kursi hai?
208450,COCO_val2014_000000208450.jpg,Is there a book in the image?,no,popular,book,کیا تصویر میں کوئی کتاب ہے؟,Kya tasveer mein kitaab hai?
208450,COCO_val2014_000000208450.jpg,Is there a bottle in the image?,no,popular,bottle,کیا تصویر میں کوئی بوتل ہے؟,Kya tasveer mein botal hai?
208450,COCO_val2014_000000208450.jpg,Is there a horse in the image?,yes,adversarial,horse,کیا تصویر میں گھوڑا ہے؟,Kya tasveer mein ghora hai?
208450,COCO_val2014_000000208450.jpg,Is there a car in the image?,yes,adversarial,car,کیا تصویر میں کوئی کار ہے؟,Kya tasveer mein gaari hai?
208450,COCO_val2014_000000208450.jpg,Is there a person in the image?,yes,adversarial,person,کیا تصویر میں کوئی شخص ہے؟,Kya tasveer mein insaan hai?
208450,COCO_val2014_000000208450.jpg,Is there a chair in the image?,no,adversarial,chair,کیا تصویر میں کرسی ہے؟,Kya tasveer mein kursi hai?
208450,COCO_val2014_000000208450.jpg,Is there a book in the image?,no,adversarial,book,کیا تصویر میں کوئی کتاب ہے؟,Kya tasveer mein kitaab hai?
208450,COCO_val2014_000000208450.jpg,Is there a bottle in the image?,no,adversarial,bottle,کیا تصویر میں کوئی بوتل ہے؟,Kya tasveer mein botal hai?
399573,COCO_val2014_000000399573.jpg,Is there a clock in the image?,yes,random,clock,کیا تصویر میں کوئی گھڑی ہے؟,Kya tasveer mein ghadi hai?
399573,COCO_val2014_000000399573.jpg,Is there a person in the image?,yes,random,person,کیا تصویر میں کوئی شخص ہے؟,Kya tasveer mein insaan hai?
399573,COCO_val2014_000000399573.jpg,Is there a bird in the image?,yes,random,bird,کیا تصویر میں کوئی پرندہ ہے؟,Kya tasveer mein chirya hai?
399573,COCO_val2014_000000399573.jpg,Is there a fork in the image?,no,random,fork,کیا تصویر میں کانٹا ہے؟,Kya tasveer mein kaanta hai?
399573,COCO_val2014_000000399573.jpg,Is there a fire hydrant in the image?,no,random,fire hydrant,کیا تصویر میں فائر ہائیڈرنٹ ہے؟,Kya tasveer mein fire hydrant hai?
399573,COCO_val2014_000000399573.jpg,Is there a bed in the image?,no,random,bed,کیا تصویر میں کوئی بستر ہے؟,Kya tasveer mein bistar hai?
399573,COCO_val2014_000000399573.jpg,Is there a clock in the image?,yes,popular,clock,کیا تصویر میں کوئی گھڑی ہے؟,Kya tasveer mein ghadi hai?
399573,COCO_val2014_000000399573.jpg,Is there a bird in the image?,yes,popular,bird,کیا تصویر میں کوئی پرندہ ہے؟,Kya tasveer mein chirya hai?
399573,COCO_val2014_000000399573.jpg,Is there a person in the image?,yes,popular,person,کیا تصویر میں کوئی شخص ہے؟,Kya tasveer mein insaan hai?
399573,COCO_val2014_000000399573.jpg,Is there a car in the image?,no,popular,car,کیا تصویر میں کوئی کار ہے؟,Kya tasveer mein gaari hai?
399573,COCO_val2014_000000399573.jpg,Is there a chair in the image?,no,popular,chair,کیا تصویر میں کرسی ہے؟,Kya tasveer mein kursi hai?
399573,COCO_val2014_000000399573.jpg,Is there a book in the image?,no,popular,book,کیا تصویر میں کوئی کتاب ہے؟,Kya tasveer mein kitaab hai?
399573,COCO_val2014_000000399573.jpg,Is there a bird in the image?,yes,adversarial,bird,کیا تصویر میں کوئی پرندہ ہے؟,Kya tasveer mein chirya hai?
399573,COCO_val2014_000000399573.jpg,Is there a person in the image?,yes,adversarial,person,کیا تصویر میں کوئی شخص ہے؟,Kya tasveer mein insaan hai?
399573,COCO_val2014_000000399573.jpg,Is there a clock in the image?,yes,adversarial,clock,کیا تصویر میں کوئی گھڑی ہے؟,Kya tasveer mein ghadi hai?
399573,COCO_val2014_000000399573.jpg,Is there a car in the image?,no,adversarial,car,کیا تصویر میں کوئی کار ہے؟,Kya tasveer mein gaari hai?
399573,COCO_val2014_000000399573.jpg,Is there a chair in the image?,no,adversarial,chair,کیا تصویر میں کرسی ہے؟,Kya tasveer mein kursi hai?
399573,COCO_val2014_000000399573.jpg,Is there a book in the image?,no,adversarial,book,کیا تصویر میں کوئی کتاب ہے؟,Kya tasveer mein kitaab hai?
493682,COCO_val2014_000000493682.jpg,Is there a fire hydrant in the image?,yes,random,fire hydrant,کیا تصویر میں فائر ہائیڈرنٹ ہے؟,Kya tasveer mein fire hydrant hai?
493682,COCO_val2014_000000493682.jpg,Is there a stop sign in the image?,yes,random,stop sign,کیا تصویر میں سٹاپ کا نشان ہے؟,Kya tasveer mein stop sign hai?
493682,COCO_val2014_000000493682.jpg,Is there a bench in the image?,yes,random,bench,کیا تصویر میں کوئی بینچ ہے؟,Kya tasveer mein bench hai?
493682,COCO_val2014_000000493682.jpg,Is there a oven in the image?,no,random,oven,کیا تصویر میں تندور ہے؟,Kya tasveer mein oven hai?
493682,COCO_val2014_000000493682.jpg,Is there a zebra in the image?,no,random,zebra,کیا تصویر میں زیبرا ہے؟,Kya tasveer mein zebra hai?
493682,COCO_val2014_000000493682.jpg,Is there a cup in the image?,no,random,cup,کیا تصویر میں کپ ہے؟,Kya tasveer mein cup hai?
493682,COCO_val2014_000000493682.jpg,Is there a stop sign in the image?,yes,popular,stop sign,کیا تصویر میں سٹاپ کا نشان ہے؟,Kya tasveer mein stop sign hai?
493682,COCO_val2014_000000493682.jpg,Is there a bench in the image?,yes,popular,bench,کیا تصویر میں کوئی بینچ ہے؟,Kya tasveer mein bench hai?
493682,COCO_val2014_000000493682.jpg,Is there a fire hydrant in the image?,yes,popular,fire hydrant,کیا تصویر میں فائر ہائیڈرنٹ ہے؟,Kya tasveer mein fire hydrant hai?
493682,COCO_val2014_000000493682.jpg,Is there a person in the image?,no,popular,person,کیا تصویر میں کوئی شخص ہے؟,Kya tasveer mein insaan hai?
493682,COCO_val2014_000000493682.jpg,Is there a car in the image?,no,popular,car,کیا تصویر میں کوئی کار ہے؟,Kya tasveer mein gaari hai?
493682,COCO_val2014_000000493682.jpg,Is there a chair in the image?,no,popular,chair,کیا تصویر میں کرسی ہے؟,Kya tasveer mein kursi hai?
493682,COCO_val2014_000000493682.jpg,Is there a bench in the image?,yes,adversarial,bench,کیا تصویر میں کوئی بینچ ہے؟,Kya tasveer mein bench hai?
493682,COCO_val2014_000000493682.jpg,Is there a stop sign in the image?,yes,adversarial,stop sign,کیا تصویر میں سٹاپ کا نشان ہے؟,Kya tasveer mein stop sign hai?
493682,COCO_val2014_000000493682.jpg,Is there a fire hydrant in the image?,yes,adversarial,fire hydrant,کیا تصویر میں فائر ہائیڈرنٹ ہے؟,Kya tasveer mein fire hydrant hai?
493682,COCO_val2014_000000493682.jpg,Is there a person in the image?,no,adversarial,person,کیا تصویر میں کوئی شخص ہے؟,Kya tasveer mein insaan hai?
493682,COCO_val2014_000000493682.jpg,Is there a car in the image?,no,adversarial,car,کیا تصویر میں کوئی کار ہے؟,Kya tasveer mein gaari hai?
493682,COCO_val2014_000000493682.jpg,Is there a chair in the image?,no,adversarial,chair,کیا تصویر میں کرسی ہے؟,Kya tasveer mein kursi hai?
85556,COCO_val2014_000000085556.jpg,Is there a chair in the image?,yes,random,chair,کیا تصویر میں کرسی ہے؟,Kya tasveer mein kursi hai?
85556,COCO_val2014_000000085556.jpg,Is there a knife in the image?,yes,random,knife,کیا تصویر میں چاقو ہے؟,Kya tasveer mein churi hai?
85556,COCO_val2014_000000085556.jpg,Is there a dining table in the image?,yes,random,dining table,کیا تصویر میں کھانے کی میز ہے؟,Kya tasveer mein khane ki mez hai?
85556,COCO_val2014_000000085556.jpg,Is there a sports ball in the image?,no,random,sports ball,کیا تصویر میں کھیلوں کی گیند ہے؟,Kya tasveer mein khel ka gend hai?
85556,COCO_val2014_000000085556.jpg,Is there a umbrella in the image?,no,random,umbrella,کیا تصویر میں چھتری ہے؟,Kya tasveer mein chhatri hai?
85556,COCO_val2014_000000085556.jpg,Is there a scissors in the image?,no,random,scissors,کیا تصویر میں قینچی ہے؟,Kya tasveer mein qainchi hai?
85556,COCO_val2014_000000085556.jpg,Is there a knife in the image?,yes,popular,knife,کیا تصویر میں چاقو ہے؟,Kya tasveer mein churi hai?
85556,COCO_val2014_000000085556.jpg,Is there a pizza in the image?,yes,popular,pizza,کیا تصویر میں پیزا ہے؟,Kya tasveer mein pizza hai?
85556,COCO_val2014_000000085556.jpg,Is there a fork in the image?,yes,popular,fork,کیا تصویر میں کانٹا ہے؟,Kya tasveer mein kaanta hai?
85556,COCO_val2014_000000085556.jpg,Is there a person in the image?,no,popular,person,کیا تصویر میں کوئی شخص ہے؟,Kya tasveer mein insaan hai?
85556,COCO_val2014_000000085556.jpg,Is there a car in the image?,no,popular,car,کیا تصویر میں کوئی کار ہے؟,Kya tasveer mein gaari hai?
85556,COCO_val2014_000000085556.jpg,Is there a book in the image?,no,popular,book,کیا تصویر میں کوئی کتاب ہے؟,Kya tasveer mein kitaab hai?
85556,COCO_val2014_000000085556.jpg,Is there a chair in the image?,yes,adversarial,chair,کیا تصویر میں کرسی ہے؟,Kya tasveer mein kursi hai?
85556,COCO_val2014_000000085556.jpg,Is there a fork in the image?,yes,adversarial,fork,کیا تصویر میں کانٹا ہے؟,Kya tasveer mein kaanta hai?
85556,COCO_val2014_000000085556.jpg,Is there a dining table in the image?,yes,adversarial,dining table,کیا تصویر میں کھانے کی میز ہے؟,Kya tasveer mein khane ki mez hai?
85556,COCO_val2014_000000085556.jpg,Is there a person in the image?,no,adversarial,person,کیا تصویر میں کوئی شخص ہے؟,Kya tasveer mein insaan hai?
85556,COCO_val2014_000000085556.jpg,Is there a car in the image?,no,adversarial,car,کیا تصویر میں کوئی کار ہے؟,Kya tasveer mein gaari hai?
85556,COCO_val2014_000000085556.jpg,Is there a book in the image?,no,adversarial,book,کیا تصویر میں کوئی کتاب ہے؟,Kya tasveer mein kitaab hai?
550055,COCO_val2014_000000550055.jpg,Is there a truck in the image?,yes,random,truck,کیا تصویر میں کوئی ٹرک ہے؟,Kya tasveer mein truck hai?
550055,COCO_val2014_000000550055.jpg,Is there a airplane in the image?,yes,random,airplane,کیا تصویر میں ہوائی جہاز ہے؟,Kya tasveer mein hawai jahaaz hai?
550055,COCO_val2014_000000550055.jpg,Is there a person in the image?,yes,random,person,کیا تصویر میں کوئی شخص ہے؟,Kya tasveer mein insaan hai?
550055,COCO_val2014_000000550055.jpg,Is there a toothbrush in the image?,no,random,toothbrush,کیا تصویر میں ٹوتھ برش ہے؟,Kya tasveer mein toothbrush hai?
550055,COCO_val2014_000000550055.jpg,Is there a backpack in the image?,no,random,backpack,کیا تصویر میں کوئی بیگ ہے؟,Kya tasveer mein bag hai?
550055,COCO_val2014_000000550055.jpg,Is there a handbag in the image?,no,random,handbag,کیا تصویر میں ہینڈ بیگ ہے؟,Kya tasveer mein handbag hai?
550055,COCO_val2014_000000550055.jpg,Is there a truck in the image?,yes,popular,truck,کیا تصویر میں کوئی ٹرک ہے؟,Kya tasveer mein truck hai?
550055,COCO_val2014_000000550055.jpg,Is there a person in the image?,yes,popular,person,کیا تصویر میں کوئی شخص ہے؟,Kya tasveer mein insaan hai?
550055,COCO_val2014_000000550055.jpg,Is there a bus in the image?,yes,popular,bus,کیا تصویر میں بس ہے؟,Kya tasveer mein bus hai?
550055,COCO_val2014_000000550055.jpg,Is there a chair in the image?,no,popular,chair,کیا تصویر میں کرسی ہے؟,Kya tasveer mein kursi hai?
550055,COCO_val2014_000000550055.jpg,Is there a book in the image?,no,popular,book,کیا تصویر میں کوئی کتاب ہے؟,Kya tasveer mein kitaab hai?
550055,COCO_val2014_000000550055.jpg,Is there a bottle in the image?,no,popular,bottle,کیا تصویر میں کوئی بوتل ہے؟,Kya tasveer mein botal hai?
550055,COCO_val2014_000000550055.jpg,Is there a car in the image?,yes,adversarial,car,کیا تصویر میں کوئی کار ہے؟,Kya tasveer mein gaari hai?
550055,COCO_val2014_000000550055.jpg,Is there a truck in the image?,yes,adversarial,truck,کیا تصویر میں کوئی ٹرک ہے؟,Kya tasveer mein truck hai?
550055,COCO_val2014_000000550055.jpg,Is there a bus in the image?,yes,adversarial,bus,کیا تصویر میں بس ہے؟,Kya tasveer mein bus hai?
550055,COCO_val2014_000000550055.jpg,Is there a chair in the image?,no,adversarial,chair,کیا تصویر میں کرسی ہے؟,Kya tasveer mein kursi hai?
550055,COCO_val2014_000000550055.jpg,Is there a book in the image?,no,adversarial,book,کیا تصویر میں کوئی کتاب ہے؟,Kya tasveer mein kitaab hai?
550055,COCO_val2014_000000550055.jpg,Is there a bottle in the image?,no,adversarial,bottle,کیا تصویر میں کوئی بوتل ہے؟,Kya tasveer mein botal hai?
97946,COCO_val2014_000000097946.jpg,Is there a person in the image?,yes,random,person,کیا تصویر میں کوئی شخص ہے؟,Kya tasveer mein insaan hai?
97946,COCO_val2014_000000097946.jpg,Is there a bench in the image?,yes,random,bench,کیا تصویر میں کوئی بینچ ہے؟,Kya tasveer mein bench hai?
97946,COCO_val2014_000000097946.jpg,Is there a skateboard in the image?,yes,random,skateboard,کیا تصویر میں اسکیٹ بورڈ ہے؟,Kya tasveer mein skateboard hai?
97946,COCO_val2014_000000097946.jpg,Is there a scissors in the image?,no,random,scissors,کیا تصویر میں قینچی ہے؟,Kya tasveer mein qainchi hai?
97946,COCO_val2014_000000097946.jpg,Is there a chair in the image?,no,random,chair,کیا تصویر میں کرسی ہے؟,Kya tasveer mein kursi hai?
97946,COCO_val2014_000000097946.jpg,Is there a airplane in the image?,no,random,airplane,کیا تصویر میں ہوائی جہاز ہے؟,Kya tasveer mein hawai jahaaz hai?
97946,COCO_val2014_000000097946.jpg,Is there a bench in the image?,yes,popular,bench,کیا تصویر میں کوئی بینچ ہے؟,Kya tasveer mein bench hai?
97946,COCO_val2014_000000097946.jpg,Is there a skateboard in the image?,yes,popular,skateboard,کیا تصویر میں اسکیٹ بورڈ ہے؟,Kya tasveer mein skateboard hai?
97946,COCO_val2014_000000097946.jpg,Is there a person in the image?,yes,popular,person,کیا تصویر میں کوئی شخص ہے؟,Kya tasveer mein insaan hai?
97946,COCO_val2014_000000097946.jpg,Is there a car in the image?,no,popular,car,کیا تصویر میں کوئی کار ہے؟,Kya tasveer mein gaari hai?
97946,COCO_val2014_000000097946.jpg,Is there a chair in the image?,no,popular,chair,کیا تصویر میں کرسی ہے؟,Kya tasveer mein kursi hai?
97946,COCO_val2014_000000097946.jpg,Is there a book in the image?,no,popular,book,کیا تصویر میں کوئی کتاب ہے؟,Kya tasveer mein kitaab hai?
97946,COCO_val2014_000000097946.jpg,Is there a bench in the image?,yes,adversarial,bench,کیا تصویر میں کوئی بینچ ہے؟,Kya tasveer mein bench hai?
97946,COCO_val2014_000000097946.jpg,Is there a person in the image?,yes,adversarial,person,کیا تصویر میں کوئی شخص ہے؟,Kya tasveer mein insaan hai?
97946,COCO_val2014_000000097946.jpg,Is there a skateboard in the image?,yes,adversarial,skateboard,کیا تصویر میں اسکیٹ بورڈ ہے؟,Kya tasveer mein skateboard hai?
97946,COCO_val2014_000000097946.jpg,Is there a car in the image?,no,adversarial,car,کیا تصویر میں کوئی کار ہے؟,Kya tasveer mein gaari hai?
97946,COCO_val2014_000000097946.jpg,Is there a chair in the image?,no,adversarial,chair,کیا تصویر میں کرسی ہے؟,Kya tasveer mein kursi hai?
97946,COCO_val2014_000000097946.jpg,Is there a book in the image?,no,adversarial,book,کیا تصویر میں کوئی کتاب ہے؟,Kya tasveer mein kitaab hai?
470699,COCO_val2014_000000470699.jpg,Is there a dog in the image?,yes,random,dog,کیا تصویر میں کتا ہے؟,Kya tasveer mein kutta hai?
470699,COCO_val2014_000000470699.jpg,Is there a surfboard in the image?,yes,random,surfboard,کیا تصویر میں کوئی سرف بورڈ ہے؟,Kya tasveer mein surfboard hai?
470699,COCO_val2014_000000470699.jpg,Is there a person in the image?,yes,random,person,کیا تصویر میں کوئی شخص ہے؟,Kya tasveer mein insaan hai?
470699,COCO_val2014_000000470699.jpg,Is there a boat in the image?,no,random,boat,کیا تصویر میں کوئی کشتی ہے؟,Kya tasveer mein kashti hai?
470699,COCO_val2014_000000470699.jpg,Is there a zebra in the image?,no,random,zebra,کیا تصویر میں زیبرا ہے؟,Kya tasveer mein zebra hai?
470699,COCO_val2014_000000470699.jpg,Is there a bed in the image?,no,random,bed,کیا تصویر میں کوئی بستر ہے؟,Kya tasveer mein bistar hai?
470699,COCO_val2014_000000470699.jpg,Is there a dog in the image?,yes,popular,dog,کیا تصویر میں کتا ہے؟,Kya tasveer mein kutta hai?
470699,COCO_val2014_000000470699.jpg,Is there a surfboard in the image?,yes,popular,surfboard,کیا تصویر میں کوئی سرف بورڈ ہے؟,Kya tasveer mein surfboard hai?
470699,COCO_val2014_000000470699.jpg,Is there a person in the image?,yes,popular,person,کیا تصویر میں کوئی شخص ہے؟,Kya tasveer mein insaan hai?
470699,COCO_val2014_000000470699.jpg,Is there a car in the image?,no,popular,car,کیا تصویر میں کوئی کار ہے؟,Kya tasveer mein gaari hai?
470699,COCO_val2014_000000470699.jpg,Is there a chair in the image?,no,popular,chair,کیا تصویر میں کرسی ہے؟,Kya tasveer mein kursi hai?
470699,COCO_val2014_000000470699.jpg,Is there a book in the image?,no,popular,book,کیا تصویر میں کوئی کتاب ہے؟,Kya tasveer mein kitaab hai?
470699,COCO_val2014_000000470699.jpg,Is there a person in the image?,yes,adversarial,person,کیا تصویر میں کوئی شخص ہے؟,Kya tasveer mein insaan hai?
470699,COCO_val2014_000000470699.jpg,Is there a dog in the image?,yes,adversarial,dog,کیا تصویر میں کتا ہے؟,Kya tasveer mein kutta hai?
470699,COCO_val2014_000000470699.jpg,Is there a surfboard in the image?,yes,adversarial,surfboard,کیا تصویر میں کوئی سرف بورڈ ہے؟,Kya tasveer mein surfboard hai?
470699,COCO_val2014_000000470699.jpg,Is there a car in the image?,no,adversarial,car,کیا تصویر میں کوئی کار ہے؟,Kya tasveer mein gaari hai?
470699,COCO_val2014_000000470699.jpg,Is there a chair in the image?,no,adversarial,chair,کیا تصویر میں کرسی ہے؟,Kya tasveer mein kursi hai?
470699,COCO_val2014_000000470699.jpg,Is there a book in the image?,no,adversarial,book,کیا تصویر میں کوئی کتاب ہے؟,Kya tasveer mein kitaab hai?
239625,COCO_val2014_000000239625.jpg,Is there a pizza in the image?,yes,random,pizza,کیا تصویر میں پیزا ہے؟,Kya tasveer mein pizza hai?
239625,COCO_val2014_000000239625.jpg,Is there a fork in the image?,yes,random,fork,کیا تصویر میں کانٹا ہے؟,Kya tasveer mein kaanta hai?
239625,COCO_val2014_000000239625.jpg,Is there a knife in the image?,yes,random,knife,کیا تصویر میں چاقو ہے؟,Kya tasveer mein churi hai?
239625,COCO_val2014_000000239625.jpg,Is there a apple in the image?,no,random,apple,کیا تصویر میں ایک سیب ہے؟,Kya tasveer mein seb hai?
239625,COCO_val2014_000000239625.jpg,Is there a cake in the image?,no,random,cake,کیا تصویر میں کیک ہے؟,Kya tasveer mein cake hai?
239625,COCO_val2014_000000239625.jpg,Is there a horse in the image?,no,random,horse,کیا تصویر میں گھوڑا ہے؟,Kya tasveer mein ghora hai?
239625,COCO_val2014_000000239625.jpg,Is there a pizza in the image?,yes,popular,pizza,کیا تصویر میں پیزا ہے؟,Kya tasveer mein pizza hai?
239625,COCO_val2014_000000239625.jpg,Is there a dining table in the image?,yes,popular,dining table,کیا تصویر میں کھانے کی میز ہے؟,Kya tasveer mein khane ki mez hai?
239625,COCO_val2014_000000239625.jpg,Is there a person in the image?,yes,popular,person,کیا تصویر میں کوئی شخص ہے؟,Kya tasveer mein insaan hai?
239625,COCO_val2014_000000239625.jpg,Is there a car in the image?,no,popular,car,کیا تصویر میں کوئی کار ہے؟,Kya tasveer mein gaari hai?
239625,COCO_val2014_000000239625.jpg,Is there a chair in the image?,no,popular,chair,کیا تصویر میں کرسی ہے؟,Kya tasveer mein kursi hai?
239625,COCO_val2014_000000239625.jpg,Is there a book in the image?,no,popular,book,کیا تصویر میں کوئی کتاب ہے؟,Kya tasveer mein kitaab hai?
239625,COCO_val2014_000000239625.jpg,Is there a person in the image?,yes,adversarial,person,کیا تصویر میں کوئی شخص ہے؟,Kya tasveer mein insaan hai?
239625,COCO_val2014_000000239625.jpg,Is there a knife in the image?,yes,adversarial,knife,کیا تصویر میں چاقو ہے؟,Kya tasveer mein churi hai?
239625,COCO_val2014_000000239625.jpg,Is there a dining table in the image?,yes,adversarial,dining table,کیا تصویر میں کھانے کی میز ہے؟,Kya tasveer mein khane ki mez hai?
239625,COCO_val2014_000000239625.jpg,Is there a car in the image?,no,adversarial,car,کیا تصویر میں کوئی کار ہے؟,Kya tasveer mein gaari hai?
239625,COCO_val2014_000000239625.jpg,Is there a chair in the image?,no,adversarial,chair,کیا تصویر میں کرسی ہے؟,Kya tasveer mein kursi hai?
239625,COCO_val2014_000000239625.jpg,Is there a book in the image?,no,adversarial,book,کیا تصویر میں کوئی کتاب ہے؟,Kya tasveer mein kitaab hai?
39811,COCO_val2014_000000039811.jpg,Is there a bus in the image?,yes,random,bus,کیا تصویر میں بس ہے؟,Kya tasveer mein bus hai?
39811,COCO_val2014_000000039811.jpg,Is there a tie in the image?,yes,random,tie,کیا تصویر میں ٹائی ہے؟,Kya tasveer mein tie hai?
39811,COCO_val2014_000000039811.jpg,Is there a car in the image?,yes,random,car,کیا تصویر میں کوئی کار ہے؟,Kya tasveer mein gaari hai?
39811,COCO_val2014_000000039811.jpg,Is there a bear in the image?,no,random,bear,کیا تصویر میں ریچھ ہے؟,Kya tasveer mein bhalu hai?
39811,COCO_val2014_000000039811.jpg,Is there a cat in the image?,no,random,cat,کیا تصویر میں بلی ہے؟,Kya tasveer mein billi hai?
39811,COCO_val2014_000000039811.jpg,Is there a traffic light in the image?,no,random,traffic light,کیا تصویر میں ٹریفک لائٹ ہے؟,Kya tasveer mein traffic signal hai?
39811,COCO_val2014_000000039811.jpg,Is there a bus in the image?,yes,popular,bus,کیا تصویر میں بس ہے؟,Kya tasveer mein bus hai?
39811,COCO_val2014_000000039811.jpg,Is there a tie in the image?,yes,popular,tie,کیا تصویر میں ٹائی ہے؟,Kya tasveer mein tie hai?
39811,COCO_val2014_000000039811.jpg,Is there a handbag in the image?,yes,popular,handbag,کیا تصویر میں ہینڈ بیگ ہے؟,Kya tasveer mein handbag hai?
39811,COCO_val2014_000000039811.jpg,Is there a chair in the image?,no,popular,chair,کیا تصویر میں کرسی ہے؟,Kya tasveer mein kursi hai?
39811,COCO_val2014_000000039811.jpg,Is there a book in the image?,no,popular,book,کیا تصویر میں کوئی کتاب ہے؟,Kya tasveer mein kitaab hai?
39811,COCO_val2014_000000039811.jpg,Is there a bottle in the image?,no,popular,bottle,کیا تصویر میں کوئی بوتل ہے؟,Kya tasveer mein botal hai?
39811,COCO_val2014_000000039811.jpg,Is there a tie in the image?,yes,adversarial,tie,کیا تصویر میں ٹائی ہے؟,Kya tasveer mein tie hai?
39811,COCO_val2014_000000039811.jpg,Is there a person in the image?,yes,adversarial,person,کیا تصویر میں کوئی شخص ہے؟,Kya tasveer mein insaan hai?
39811,COCO_val2014_000000039811.jpg,Is there a car in the image?,yes,adversarial,car,کیا تصویر میں کوئی کار ہے؟,Kya tasveer mein gaari hai?
39811,COCO_val2014_000000039811.jpg,Is there a chair in the image?,no,adversarial,chair,کیا تصویر میں کرسی ہے؟,Kya tasveer mein kursi hai?
39811,COCO_val2014_000000039811.jpg,Is there a book in the image?,no,adversarial,book,کیا تصویر میں کوئی کتاب ہے؟,Kya tasveer mein kitaab hai?
39811,COCO_val2014_000000039811.jpg,Is there a bottle in the image?,no,adversarial,bottle,کیا تصویر میں کوئی بوتل ہے؟,Kya tasveer mein botal hai?
306127,COCO_val2014_000000306127.jpg,Is there a chair in the image?,yes,random,chair,کیا تصویر میں کرسی ہے؟,Kya tasveer mein kursi hai?
306127,COCO_val2014_000000306127.jpg,Is there a laptop in the image?,yes,random,laptop,کیا تصویر میں لیپ ٹاپ ہے؟,Kya tasveer mein laptop hai?
306127,COCO_val2014_000000306127.jpg,Is there a tv in the image?,yes,random,tv,کیا تصویر میں ٹی وی ہے؟,Kya tasveer mein tv hai?
306127,COCO_val2014_000000306127.jpg,Is there a umbrella in the image?,no,random,umbrella,کیا تصویر میں چھتری ہے؟,Kya tasveer mein chhatri hai?
306127,COCO_val2014_000000306127.jpg,Is there a bear in the image?,no,random,bear,کیا تصویر میں ریچھ ہے؟,Kya tasveer mein bhalu hai?
306127,COCO_val2014_000000306127.jpg,Is there a cell phone in the image?,no,random,cell phone,کیا تصویر میں سیل فون ہے؟,Kya tasveer mein mobile hai?
306127,COCO_val2014_000000306127.jpg,Is there a laptop in the image?,yes,popular,laptop,کیا تصویر میں لیپ ٹاپ ہے؟,Kya tasveer mein laptop hai?
306127,COCO_val2014_000000306127.jpg,Is there a tv in the image?,yes,popular,tv,کیا تصویر میں ٹی وی ہے؟,Kya tasveer mein tv hai?
306127,COCO_val2014_000000306127.jpg,Is there a chair in the image?,yes,popular,chair,کیا تصویر میں کرسی ہے؟,Kya tasveer mein kursi hai?
306127,COCO_val2014_000000306127.jpg,Is there a car in the image?,no,popular,car,کیا تصویر میں کوئی کار ہے؟,Kya tasveer mein gaari hai?
306127,COCO_val2014_000000306127.jpg,Is there a book in the image?,no,popular,book,کیا تصویر میں کوئی کتاب ہے؟,Kya tasveer mein kitaab hai?
306127,COCO_val2014_000000306127.jpg,Is there a bottle in the image?,no,popular,bottle,کیا تصویر میں کوئی بوتل ہے؟,Kya tasveer mein botal hai?
306127,COCO_val2014_000000306127.jpg,Is there a laptop in the image?,yes,adversarial,laptop,کیا تصویر میں لیپ ٹاپ ہے؟,Kya tasveer mein laptop hai?
306127,COCO_val2014_000000306127.jpg,Is there a person in the image?,yes,adversarial,person,کیا تصویر میں کوئی شخص ہے؟,Kya tasveer mein insaan hai?
306127,COCO_val2014_000000306127.jpg,Is there a chair in the image?,yes,adversarial,chair,کیا تصویر میں کرسی ہے؟,Kya tasveer mein kursi hai?
306127,COCO_val2014_000000306127.jpg,Is there a car in the image?,no,adversarial,car,کیا تصویر میں کوئی کار ہے؟,Kya tasveer mein gaari hai?
306127,COCO_val2014_000000306127.jpg,Is there a book in the image?,no,adversarial,book,کیا تصویر میں کوئی کتاب ہے؟,Kya tasveer mein kitaab hai?
306127,COCO_val2014_000000306127.jpg,Is there a bottle in the image?,no,adversarial,bottle,کیا تصویر میں کوئی بوتل ہے؟,Kya tasveer mein botal hai?
200267,COCO_val2014_000000200267.jpg,Is there a tennis racket in the image?,yes,random,tennis racket,کیا تصویر میں ٹینس ریکیٹ ہے؟,Kya tasveer mein tennis ka racket hai?
200267,COCO_val2014_000000200267.jpg,Is there a sports ball in the image?,yes,random,sports ball,کیا تصویر میں کھیلوں کی گیند ہے؟,Kya tasveer mein khel ka gend hai?
200267,COCO_val2014_000000200267.jpg,Is there a person in the image?,yes,random,person,کیا تصویر میں کوئی شخص ہے؟,Kya tasveer mein insaan hai?
200267,COCO_val2014_000000200267.jpg,Is there a suitcase in the image?,no,random,suitcase,کیا تصویر میں کوئی سوٹ کیس ہے؟,Kya tasveer mein suitcase hai?
200267,COCO_val2014_000000200267.jpg,Is there a teddy bear in the image?,no,random,teddy bear,کیا تصویر میں کوئی ٹیڈی بیر ہے؟,Kya tasveer mein teddy bear hai?
200267,COCO_val2014_000000200267.jpg,Is there a sandwich in the image?,no,random,sandwich,کیا تصویر میں کوئی سینڈوچ ہے؟,Kya tasveer mein sandwich hai?
200267,COCO_val2014_000000200267.jpg,Is there a person in the image?,yes,popular,person,کیا تصویر میں کوئی شخص ہے؟,Kya tasveer mein insaan hai?
200267,COCO_val2014_000000200267.jpg,Is there a sports ball in the image?,yes,popular,sports ball,کیا تصویر میں کھیلوں کی گیند ہے؟,Kya tasveer mein khel ka gend hai?
200267,COCO_val2014_000000200267.jpg,Is there a tennis racket in the image?,yes,popular,tennis racket,کیا تصویر میں ٹینس ریکیٹ ہے؟,Kya tasveer mein tennis ka racket hai?
200267,COCO_val2014_000000200267.jpg,Is there a car in the image?,no,popular,car,کیا تصویر میں کوئی کار ہے؟,Kya tasveer mein gaari hai?
200267,COCO_val2014_000000200267.jpg,Is there a chair in the image?,no,popular,chair,کیا تصویر میں کرسی ہے؟,Kya tasveer mein kursi hai?
200267,COCO_val2014_000000200267.jpg,Is there a book in the image?,no,popular,book,کیا تصویر میں کوئی کتاب ہے؟,Kya tasveer mein kitaab hai?
200267,COCO_val2014_000000200267.jpg,Is there a tennis racket in the image?,yes,adversarial,tennis racket,کیا تصویر میں ٹینس ریکیٹ ہے؟,Kya tasveer mein tennis ka racket hai?
200267,COCO_val2014_000000200267.jpg,Is there a sports ball in the image?,yes,adversarial,sports ball,کیا تصویر میں کھیلوں کی گیند ہے؟,Kya tasveer mein khel ka gend hai?
200267,COCO_val2014_000000200267.jpg,Is there a person in the image?,yes,adversarial,person,کیا تصویر میں کوئی شخص ہے؟,Kya tasveer mein insaan hai?
200267,COCO_val2014_000000200267.jpg,Is there a car in the image?,no,adversarial,car,کیا تصویر میں کوئی کار ہے؟,Kya tasveer mein gaari hai?
200267,COCO_val2014_000000200267.jpg,Is there a chair in the image?,no,adversarial,chair,کیا تصویر میں کرسی ہے؟,Kya tasveer mein kursi hai?
200267,COCO_val2014_000000200267.jpg,Is there a book in the image?,no,adversarial,book,کیا تصویر میں کوئی کتاب ہے؟,Kya tasveer mein kitaab hai?
158497,COCO_val2014_000000158497.jpg,Is there a bowl in the image?,yes,random,bowl,کیا تصویر میں ایک پیالہ ہے؟,Kya tasveer mein bowl hai?
158497,COCO_val2014_000000158497.jpg,Is there a refrigerator in the image?,yes,random,refrigerator,کیا تصویر میں ریفریجریٹر ہے؟,Kya tasveer mein fridge hai?
158497,COCO_val2014_000000158497.jpg,Is there a spoon in the image?,yes,random,spoon,کیا تصویر میں چمچ ہے؟,Kya tasveer mein chamach hai?
158497,COCO_val2014_000000158497.jpg,Is there a bench in the image?,no,random,bench,کیا تصویر میں کوئی بینچ ہے؟,Kya tasveer mein bench hai?
158497,COCO_val2014_000000158497.jpg,Is there a tv in the image?,no,random,tv,کیا تصویر میں ٹی وی ہے؟,Kya tasveer mein tv hai?
158497,COCO_val2014_000000158497.jpg,Is there a sheep in the image?,no,random,sheep,کیا تصویر میں بھیڑ ہے؟,Kya tasveer mein bhed hai?
158497,COCO_val2014_000000158497.jpg,Is there a cup in the image?,yes,popular,cup,کیا تصویر میں کپ ہے؟,Kya tasveer mein cup hai?
158497,COCO_val2014_000000158497.jpg,Is there a dog in the image?,yes,popular,dog,کیا تصویر میں کتا ہے؟,Kya tasveer mein kutta hai?
158497,COCO_val2014_000000158497.jpg,Is there a spoon in the image?,yes,popular,spoon,کیا تصویر میں چمچ ہے؟,Kya tasveer mein chamach hai?
158497,COCO_val2014_000000158497.jpg,Is there a person in the image?,no,popular,person,کیا تصویر میں کوئی شخص ہے؟,Kya tasveer mein insaan hai?
158497,COCO_val2014_000000158497.jpg,Is there a car in the image?,no,popular,car,کیا تصویر میں کوئی کار ہے؟,Kya tasveer mein gaari hai?
158497,COCO_val2014_000000158497.jpg,Is there a chair in the image?,no,popular,chair,کیا تصویر میں کرسی ہے؟,Kya tasveer mein kursi hai?
158497,COCO_val2014_000000158497.jpg,Is there a spoon in the image?,yes,adversarial,spoon,کیا تصویر میں چمچ ہے؟,Kya tasveer mein chamach hai?
158497,COCO_val2014_000000158497.jpg,Is there a dog in the image?,yes,adversarial,dog,کیا تصویر میں کتا ہے؟,Kya tasveer mein kutta hai?
158497,COCO_val2014_000000158497.jpg,Is there a refrigerator in the image?,yes,adversarial,refrigerator,کیا تصویر میں ریفریجریٹر ہے؟,Kya tasveer mein fridge hai?
158497,COCO_val2014_000000158497.jpg,Is there a person in the image?,no,adversarial,person,کیا تصویر میں کوئی شخص ہے؟,Kya tasveer mein insaan hai?
158497,COCO_val2014_000000158497.jpg,Is there a car in the image?,no,adversarial,car,کیا تصویر میں کوئی کار ہے؟,Kya tasveer mein gaari hai?
158497,COCO_val2014_000000158497.jpg,Is there a chair in the image?,no,adversarial,chair,کیا تصویر میں کرسی ہے؟,Kya tasveer mein kursi hai?
439982,COCO_val2014_000000439982.jpg,Is there a person in the image?,yes,random,person,کیا تصویر میں کوئی شخص ہے؟,Kya tasveer mein insaan hai?
439982,COCO_val2014_000000439982.jpg,Is there a dining table in the image?,yes,random,dining table,کیا تصویر میں کھانے کی میز ہے؟,Kya tasveer mein khane ki mez hai?
439982,COCO_val2014_000000439982.jpg,Is there a carrot in the image?,yes,random,carrot,کیا تصویر میں گاجر ہے؟,Kya tasveer mein gajar hai?
439982,COCO_val2014_000000439982.jpg,Is there a orange in the image?,no,random,orange,کیا تصویر میں نارنجی ہے؟,Kya tasveer mein santara hai?
439982,COCO_val2014_000000439982.jpg,Is there a scissors in the image?,no,random,scissors,کیا تصویر میں قینچی ہے؟,Kya tasveer mein qainchi hai?
439982,COCO_val2014_000000439982.jpg,Is there a surfboard in the image?,no,random,surfboard,کیا تصویر میں کوئی سرف بورڈ ہے؟,Kya tasveer mein surfboard hai?
439982,COCO_val2014_000000439982.jpg,Is there a dining table in the image?,yes,popular,dining table,کیا تصویر میں کھانے کی میز ہے؟,Kya tasveer mein khane ki mez hai?
439982,COCO_val2014_000000439982.jpg,Is there a person in the image?,yes,popular,person,کیا تصویر میں کوئی شخص ہے؟,Kya tasveer mein insaan hai?
439982,COCO_val2014_000000439982.jpg,Is there a cup in the image?,yes,popular,cup,کیا تصویر میں کپ ہے؟,Kya tasveer mein cup hai?
439982,COCO_val2014_000000439982.jpg,Is there a car in the image?,no,popular,car,کیا تصویر میں کوئی کار ہے؟,Kya tasveer mein gaari hai?
439982,COCO_val2014_000000439982.jpg,Is there a chair in the image?,no,popular,chair,کیا تصویر میں کرسی ہے؟,Kya tasveer mein kursi hai?
439982,COCO_val2014_000000439982.jpg,Is there a book in the image?,no,popular,book,کیا تصویر میں کوئی کتاب ہے؟,Kya tasveer mein kitaab hai?
439982,COCO_val2014_000000439982.jpg,Is there a cup in the image?,yes,adversarial,cup,کیا تصویر میں کپ ہے؟,Kya tasveer mein cup hai?
439982,COCO_val2014_000000439982.jpg,Is there a broccoli in the image?,yes,adversarial,broccoli,کیا تصویر میں بروکولی ہے؟,Kya tasveer mein broccoli hai?
439982,COCO_val2014_000000439982.jpg,Is there a dining table in the image?,yes,adversarial,dining table,کیا تصویر میں کھانے کی میز ہے؟,Kya tasveer mein khane ki mez hai?
439982,COCO_val2014_000000439982.jpg,Is there a car in the image?,no,adversarial,car,کیا تصویر میں کوئی کار ہے؟,Kya tasveer mein gaari hai?
439982,COCO_val2014_000000439982.jpg,Is there a chair in the image?,no,adversarial,chair,کیا تصویر میں کرسی ہے؟,Kya tasveer mein kursi hai?
439982,COCO_val2014_000000439982.jpg,Is there a book in the image?,no,adversarial,book,کیا تصویر میں کوئی کتاب ہے؟,Kya tasveer mein kitaab hai?
75234,COCO_val2014_000000075234.jpg,Is there a person in the image?,yes,random,person,کیا تصویر میں کوئی شخص ہے؟,Kya tasveer mein insaan hai?
75234,COCO_val2014_000000075234.jpg,Is there a sports ball in the image?,yes,random,sports ball,کیا تصویر میں کھیلوں کی گیند ہے؟,Kya tasveer mein khel ka gend hai?
75234,COCO_val2014_000000075234.jpg,Is there a tennis racket in the image?,yes,random,tennis racket,کیا تصویر میں ٹینس ریکیٹ ہے؟,Kya tasveer mein tennis ka racket hai?
75234,COCO_val2014_000000075234.jpg,Is there a broccoli in the image?,no,random,broccoli,کیا تصویر میں بروکولی ہے؟,Kya tasveer mein broccoli hai?
75234,COCO_val2014_000000075234.jpg,Is there a banana in the image?,no,random,banana,کیا تصویر میں کیلا ہے؟,Kya tasveer mein kela hai?
75234,COCO_val2014_000000075234.jpg,Is there a clock in the image?,no,random,clock,کیا تصویر میں کوئی گھڑی ہے؟,Kya tasveer mein ghadi hai?
75234,COCO_val2014_000000075234.jpg,Is there a tennis racket in the image?,yes,popular,tennis racket,کیا تصویر میں ٹینس ریکیٹ ہے؟,Kya tasveer mein tennis ka racket hai?
75234,COCO_val2014_000000075234.jpg,Is there a person in the image?,yes,popular,person,کیا تصویر میں کوئی شخص ہے؟,Kya tasveer mein insaan hai?
75234,COCO_val2014_000000075234.jpg,Is there a sports ball in the image?,yes,popular,sports ball,کیا تصویر میں کھیلوں کی گیند ہے؟,Kya tasveer mein khel ka gend hai?
75234,COCO_val2014_000000075234.jpg,Is there a car in the image?,no,popular,car,کیا تصویر میں کوئی کار ہے؟,Kya tasveer mein gaari hai?
75234,COCO_val2014_000000075234.jpg,Is there a chair in the image?,no,popular,chair,کیا تصویر میں کرسی ہے؟,Kya tasveer mein kursi hai?
75234,COCO_val2014_000000075234.jpg,Is there a book in the image?,no,popular,book,کیا تصویر میں کوئی کتاب ہے؟,Kya tasveer mein kitaab hai?
75234,COCO_val2014_000000075234.jpg,Is there a sports ball in the image?,yes,adversarial,sports ball,کیا تصویر میں کھیلوں کی گیند ہے؟,Kya tasveer mein khel ka gend hai?
75234,COCO_val2014_000000075234.jpg,Is there a tennis racket in the image?,yes,adversarial,tennis racket,کیا تصویر میں ٹینس ریکیٹ ہے؟,Kya tasveer mein tennis ka racket hai?
75234,COCO_val2014_000000075234.jpg,Is there a person in the image?,yes,adversarial,person,کیا تصویر میں کوئی شخص ہے؟,Kya tasveer mein insaan hai?
75234,COCO_val2014_000000075234.jpg,Is there a car in the image?,no,adversarial,car,کیا تصویر میں کوئی کار ہے؟,Kya tasveer mein gaari hai?
75234,COCO_val2014_000000075234.jpg,Is there a chair in the image?,no,adversarial,chair,کیا تصویر میں کرسی ہے؟,Kya tasveer mein kursi hai?
75234,COCO_val2014_000000075234.jpg,Is there a book in the image?,no,adversarial,book,کیا تصویر میں کوئی کتاب ہے؟,Kya tasveer mein kitaab hai?
386424,COCO_val2014_000000386424.jpg,Is there a dining table in the image?,yes,random,dining table,کیا تصویر میں کھانے کی میز ہے؟,Kya tasveer mein khane ki mez hai?
386424,COCO_val2014_000000386424.jpg,Is there a wine glass in the image?,yes,random,wine glass,کیا تصویر میں شراب کا گلاس ہے؟,Kya tasveer mein gilaas hai?
386424,COCO_val2014_000000386424.jpg,Is there a person in the image?,yes,random,person,کیا تصویر میں کوئی شخص ہے؟,Kya tasveer mein insaan hai?
386424,COCO_val2014_000000386424.jpg,Is there a bowl in the image?,no,random,bowl,کیا تصویر میں ایک پیالہ ہے؟,Kya tasveer mein bowl hai?
386424,COCO_val2014_000000386424.jpg,Is there a remote in the image?,no,random,remote,کیا تصویر میں کوئی ریموٹ ہے؟,Kya tasveer mein remote hai?
386424,COCO_val2014_000000386424.jpg,Is there a sink in the image?,no,random,sink,کیا تصویر میں کوئی سنک ہے؟,Kya tasveer mein sink hai?
386424,COCO_val2014_000000386424.jpg,Is there a bottle in the image?,yes,popular,bottle,کیا تصویر میں کوئی بوتل ہے؟,Kya tasveer mein botal hai?
386424,COCO_val2014_000000386424.jpg,Is there a person in the image?,yes,popular,person,کیا تصویر میں کوئی شخص ہے؟,Kya tasveer mein insaan hai?
386424,COCO_val2014_000000386424.jpg,Is there a vase in the image?,yes,popular,vase,کیا تصویر میں گلدان ہے؟,Kya tasveer mein phool daani hai?
386424,COCO_val2014_000000386424.jpg,Is there a car in the image?,no,popular,car,کیا تصویر میں کوئی کار ہے؟,Kya tasveer mein gaari hai?
386424,COCO_val2014_000000386424.jpg,Is there a book in the image?,no,popular,book,کیا تصویر میں کوئی کتاب ہے؟,Kya tasveer mein kitaab hai?
386424,COCO_val2014_000000386424.jpg,Is there a cup in the image?,no,popular,cup,کیا تصویر میں کپ ہے؟,Kya tasveer mein cup hai?
386424,COCO_val2014_000000386424.jpg,Is there a vase in the image?,yes,adversarial,vase,کیا تصویر میں گلدان ہے؟,Kya tasveer mein phool daani hai?
386424,COCO_val2014_000000386424.jpg,Is there a person in the image?,yes,adversarial,person,کیا تصویر میں کوئی شخص ہے؟,Kya tasveer mein insaan hai?
386424,COCO_val2014_000000386424.jpg,Is there a clock in the image?,yes,adversarial,clock,کیا تصویر میں کوئی گھڑی ہے؟,Kya tasveer mein ghadi hai?
386424,COCO_val2014_000000386424.jpg,Is there a car in the image?,no,adversarial,car,کیا تصویر میں کوئی کار ہے؟,Kya tasveer mein gaari hai?
386424,COCO_val2014_000000386424.jpg,Is there a book in the image?,no,adversarial,book,کیا تصویر میں کوئی کتاب ہے؟,Kya tasveer mein kitaab hai?
386424,COCO_val2014_000000386424.jpg,Is there a cup in the image?,no,adversarial,cup,کیا تصویر میں کپ ہے؟,Kya tasveer mein cup hai?
371139,COCO_val2014_000000371139.jpg,Is there a suitcase in the image?,yes,random,suitcase,کیا تصویر میں کوئی سوٹ کیس ہے؟,Kya tasveer mein suitcase hai?
371139,COCO_val2014_000000371139.jpg,Is there a backpack in the image?,yes,random,backpack,کیا تصویر میں کوئی بیگ ہے؟,Kya tasveer mein bag hai?
371139,COCO_val2014_000000371139.jpg,Is there a bus in the image?,yes,random,bus,کیا تصویر میں بس ہے؟,Kya tasveer mein bus hai?
371139,COCO_val2014_000000371139.jpg,Is there a banana in the image?,no,random,banana,کیا تصویر میں کیلا ہے؟,Kya tasveer mein kela hai?
371139,COCO_val2014_000000371139.jpg,Is there a carrot in the image?,no,random,carrot,کیا تصویر میں گاجر ہے؟,Kya tasveer mein gajar hai?
371139,COCO_val2014_000000371139.jpg,Is there a refrigerator in the image?,no,random,refrigerator,کیا تصویر میں ریفریجریٹر ہے؟,Kya tasveer mein fridge hai?
371139,COCO_val2014_000000371139.jpg,Is there a handbag in the image?,yes,popular,handbag,کیا تصویر میں ہینڈ بیگ ہے؟,Kya tasveer mein handbag hai?
371139,COCO_val2014_000000371139.jpg,Is there a suitcase in the image?,yes,popular,suitcase,کیا تصویر میں کوئی سوٹ کیس ہے؟,Kya tasveer mein suitcase hai?
371139,COCO_val2014_000000371139.jpg,Is there a truck in the image?,yes,popular,truck,کیا تصویر میں کوئی ٹرک ہے؟,Kya tasveer mein truck hai?
371139,COCO_val2014_000000371139.jpg,Is there a car in the image?,no,popular,car,کیا تصویر میں کوئی کار ہے؟,Kya tasveer mein gaari hai?
371139,COCO_val2014_000000371139.jpg,Is there a chair in the image?,no,popular,chair,کیا تصویر میں کرسی ہے؟,Kya tasveer mein kursi hai?
371139,COCO_val2014_000000371139.jpg,Is there a book in the image?,no,popular,book,کیا تصویر میں کوئی کتاب ہے؟,Kya tasveer mein kitaab hai?
371139,COCO_val2014_000000371139.jpg,Is there a truck in the image?,yes,adversarial,truck,کیا تصویر میں کوئی ٹرک ہے؟,Kya tasveer mein truck hai?
371139,COCO_val2014_000000371139.jpg,Is there a bus in the image?,yes,adversarial,bus,کیا تصویر میں بس ہے؟,Kya tasveer mein bus hai?
371139,COCO_val2014_000000371139.jpg,Is there a person in the image?,yes,adversarial,person,کیا تصویر میں کوئی شخص ہے؟,Kya tasveer mein insaan hai?
371139,COCO_val2014_000000371139.jpg,Is there a car in the image?,no,adversarial,car,کیا تصویر میں کوئی کار ہے؟,Kya tasveer mein gaari hai?
371139,COCO_val2014_000000371139.jpg,Is there a chair in the image?,no,adversarial,chair,کیا تصویر میں کرسی ہے؟,Kya tasveer mein kursi hai?
371139,COCO_val2014_000000371139.jpg,Is there a book in the image?,no,adversarial,book,کیا تصویر میں کوئی کتاب ہے؟,Kya tasveer mein kitaab hai?
511852,COCO_val2014_000000511852.jpg,Is there a backpack in the image?,yes,random,backpack,کیا تصویر میں کوئی بیگ ہے؟,Kya tasveer mein bag hai?
511852,COCO_val2014_000000511852.jpg,Is there a skis in the image?,yes,random,skis,کیا تصویر میں کوئی سکی ہے؟,Kya tasveer mein skis hai?
511852,COCO_val2014_000000511852.jpg,Is there a person in the image?,yes,random,person,کیا تصویر میں کوئی شخص ہے؟,Kya tasveer mein insaan hai?
511852,COCO_val2014_000000511852.jpg,Is there a chair in the image?,no,random,chair,کیا تصویر میں کرسی ہے؟,Kya tasveer mein kursi hai?
511852,COCO_val2014_000000511852.jpg,Is there a teddy bear in the image?,no,random,teddy bear,کیا تصویر میں کوئی ٹیڈی بیر ہے؟,Kya tasveer mein teddy bear hai?
511852,COCO_val2014_000000511852.jpg,Is there a fork in the image?,no,random,fork,کیا تصویر میں کانٹا ہے؟,Kya tasveer mein kaanta hai?
511852,COCO_val2014_000000511852.jpg,Is there a skis in the image?,yes,popular,skis,کیا تصویر میں کوئی سکی ہے؟,Kya tasveer mein skis hai?
511852,COCO_val2014_000000511852.jpg,Is there a person in the image?,yes,popular,person,کیا تصویر میں کوئی شخص ہے؟,Kya tasveer mein insaan hai?
511852,COCO_val2014_000000511852.jpg,Is there a backpack in the image?,yes,popular,backpack,کیا تصویر میں کوئی بیگ ہے؟,Kya tasveer mein bag hai?
511852,COCO_val2014_000000511852.jpg,Is there a car in the image?,no,popular,car,کیا تصویر میں کوئی کار ہے؟,Kya tasveer mein gaari hai?
511852,COCO_val2014_000000511852.jpg,Is there a chair in the image?,no,popular,chair,کیا تصویر میں کرسی ہے؟,Kya tasveer mein kursi hai?
511852,COCO_val2014_000000511852.jpg,Is there a book in the image?,no,popular,book,کیا تصویر میں کوئی کتاب ہے؟,Kya tasveer mein kitaab hai?
511852,COCO_val2014_000000511852.jpg,Is there a backpack in the image?,yes,adversarial,backpack,کیا تصویر میں کوئی بیگ ہے؟,Kya tasveer mein bag hai?
511852,COCO_val2014_000000511852.jpg,Is there a person in the image?,yes,adversarial,person,کیا تصویر میں کوئی شخص ہے؟,Kya tasveer mein insaan hai?
511852,COCO_val2014_000000511852.jpg,Is there a skis in the image?,yes,adversarial,skis,کیا تصویر میں کوئی سکی ہے؟,Kya tasveer mein skis hai?
511852,COCO_val2014_000000511852.jpg,Is there a car in the image?,no,adversarial,car,کیا تصویر میں کوئی کار ہے؟,Kya tasveer mein gaari hai?
511852,COCO_val2014_000000511852.jpg,Is there a chair in the image?,no,adversarial,chair,کیا تصویر میں کرسی ہے؟,Kya tasveer mein kursi hai?
511852,COCO_val2014_000000511852.jpg,Is there a book in the image?,no,adversarial,book,کیا تصویر میں کوئی کتاب ہے؟,Kya tasveer mein kitaab hai?
493941,COCO_val2014_000000493941.jpg,Is there a bowl in the image?,yes,random,bowl,کیا تصویر میں ایک پیالہ ہے؟,Kya tasveer mein bowl hai?
493941,COCO_val2014_000000493941.jpg,Is there a dining table in the image?,yes,random,dining table,کیا تصویر میں کھانے کی میز ہے؟,Kya tasveer mein khane ki mez hai?
493941,COCO_val2014_000000493941.jpg,Is there a broccoli in the image?,yes,random,broccoli,کیا تصویر میں بروکولی ہے؟,Kya tasveer mein broccoli hai?
493941,COCO_val2014_000000493941.jpg,Is there a sheep in the image?,no,random,sheep,کیا تصویر میں بھیڑ ہے؟,Kya tasveer mein bhed hai?
493941,COCO_val2014_000000493941.jpg,Is there a snowboard in the image?,no,random,snowboard,کیا تصویر میں سنو بورڈ ہے؟,Kya tasveer mein snowboard hai?
493941,COCO_val2014_000000493941.jpg,Is there a airplane in the image?,no,random,airplane,کیا تصویر میں ہوائی جہاز ہے؟,Kya tasveer mein hawai jahaaz hai?
493941,COCO_val2014_000000493941.jpg,Is there a dining table in the image?,yes,popular,dining table,کیا تصویر میں کھانے کی میز ہے؟,Kya tasveer mein khane ki mez hai?
493941,COCO_val2014_000000493941.jpg,Is there a bowl in the image?,yes,popular,bowl,کیا تصویر میں ایک پیالہ ہے؟,Kya tasveer mein bowl hai?
493941,COCO_val2014_000000493941.jpg,Is there a banana in the image?,yes,popular,banana,کیا تصویر میں کیلا ہے؟,Kya tasveer mein kela hai?
493941,COCO_val2014_000000493941.jpg,Is there a person in the image?,no,popular,person,کیا تصویر میں کوئی شخص ہے؟,Kya tasveer mein insaan hai?
493941,COCO_val2014_000000493941.jpg,Is there a car in the image?,no,popular,car,کیا تصویر میں کوئی کار ہے؟,Kya tasveer mein gaari hai?
493941,COCO_val2014_000000493941.jpg,Is there a chair in the image?,no,popular,chair,کیا تصویر میں کرسی ہے؟,Kya tasveer mein kursi hai?
493941,COCO_val2014_000000493941.jpg,Is there a bowl in the image?,yes,adversarial,bowl,کیا تصویر میں ایک پیالہ ہے؟,Kya tasveer mein bowl hai?
493941,COCO_val2014_000000493941.jpg,Is there a broccoli in the image?,yes,adversarial,broccoli,کیا تصویر میں بروکولی ہے؟,Kya tasveer mein broccoli hai?
493941,COCO_val2014_000000493941.jpg,Is there a banana in the image?,yes,adversarial,banana,کیا تصویر میں کیلا ہے؟,Kya tasveer mein kela hai?
493941,COCO_val2014_000000493941.jpg,Is there a person in the image?,no,adversarial,person,کیا تصویر میں کوئی شخص ہے؟,Kya tasveer mein insaan hai?
493941,COCO_val2014_000000493941.jpg,Is there a car in the image?,no,adversarial,car,کیا تصویر میں کوئی کار ہے؟,Kya tasveer mein gaari hai?
493941,COCO_val2014_000000493941.jpg,Is there a chair in the image?,no,adversarial,chair,کیا تصویر میں کرسی ہے؟,Kya tasveer mein kursi hai?
8021,COCO_val2014_000000008021.jpg,Is there a tie in the image?,yes,random,tie,کیا تصویر میں ٹائی ہے؟,Kya tasveer mein tie hai?
8021,COCO_val2014_000000008021.jpg,Is there a person in the image?,yes,random,person,کیا تصویر میں کوئی شخص ہے؟,Kya tasveer mein insaan hai?
8021,COCO_val2014_000000008021.jpg,Is there a bottle in the image?,yes,random,bottle,کیا تصویر میں کوئی بوتل ہے؟,Kya tasveer mein botal hai?
8021,COCO_val2014_000000008021.jpg,Is there a cake in the image?,no,random,cake,کیا تصویر میں کیک ہے؟,Kya tasveer mein cake hai?
8021,COCO_val2014_000000008021.jpg,Is there a cell phone in the image?,no,random,cell phone,کیا تصویر میں سیل فون ہے؟,Kya tasveer mein mobile hai?
8021,COCO_val2014_000000008021.jpg,Is there a laptop in the image?,no,random,laptop,کیا تصویر میں لیپ ٹاپ ہے؟,Kya tasveer mein laptop hai?
8021,COCO_val2014_000000008021.jpg,Is there a bottle in the image?,yes,popular,bottle,کیا تصویر میں کوئی بوتل ہے؟,Kya tasveer mein botal hai?
8021,COCO_val2014_000000008021.jpg,Is there a tie in the image?,yes,popular,tie,کیا تصویر میں ٹائی ہے؟,Kya tasveer mein tie hai?
8021,COCO_val2014_000000008021.jpg,Is there a person in the image?,yes,popular,person,کیا تصویر میں کوئی شخص ہے؟,Kya tasveer mein insaan hai?
8021,COCO_val2014_000000008021.jpg,Is there a car in the image?,no,popular,car,کیا تصویر میں کوئی کار ہے؟,Kya tasveer mein gaari hai?
8021,COCO_val2014_000000008021.jpg,Is there a chair in the image?,no,popular,chair,کیا تصویر میں کرسی ہے؟,Kya tasveer mein kursi hai?
8021,COCO_val2014_000000008021.jpg,Is there a book in the image?,no,popular,book,کیا تصویر میں کوئی کتاب ہے؟,Kya tasveer mein kitaab hai?
8021,COCO_val2014_000000008021.jpg,Is there a bottle in the image?,yes,adversarial,bottle,کیا تصویر میں کوئی بوتل ہے؟,Kya tasveer mein botal hai?
8021,COCO_val2014_000000008021.jpg,Is there a tie in the image?,yes,adversarial,tie,کیا تصویر میں ٹائی ہے؟,Kya tasveer mein tie hai?
8021,COCO_val2014_000000008021.jpg,Is there a person in the image?,yes,adversarial,person,کیا تصویر میں کوئی شخص ہے؟,Kya tasveer mein insaan hai?
8021,COCO_val2014_000000008021.jpg,Is there a car in the image?,no,adversarial,car,کیا تصویر میں کوئی کار ہے؟,Kya tasveer mein gaari hai?
8021,COCO_val2014_000000008021.jpg,Is there a chair in the image?,no,adversarial,chair,کیا تصویر میں کرسی ہے؟,Kya tasveer mein kursi hai?
8021,COCO_val2014_000000008021.jpg,Is there a book in the image?,no,adversarial,book,کیا تصویر میں کوئی کتاب ہے؟,Kya tasveer mein kitaab hai?
319579,COCO_val2014_000000319579.jpg,Is there a chair in the image?,yes,random,chair,کیا تصویر میں کرسی ہے؟,Kya tasveer mein kursi hai?
319579,COCO_val2014_000000319579.jpg,Is there a laptop in the image?,yes,random,laptop,کیا تصویر میں لیپ ٹاپ ہے؟,Kya tasveer mein laptop hai?
319579,COCO_val2014_000000319579.jpg,Is there a person in the image?,yes,random,person,کیا تصویر میں کوئی شخص ہے؟,Kya tasveer mein insaan hai?
319579,COCO_val2014_000000319579.jpg,Is there a giraffe in the image?,no,random,giraffe,کیا تصویر میں زرافہ ہے؟,Kya tasveer mein zaraafa hai?
319579,COCO_val2014_000000319579.jpg,Is there a toilet in the image?,no,random,toilet,کیا تصویر میں بیت الخلا ہے؟,Kya tasveer mein toilet hai?
319579,COCO_val2014_000000319579.jpg,Is there a refrigerator in the image?,no,random,refrigerator,کیا تصویر میں ریفریجریٹر ہے؟,Kya tasveer mein fridge hai?
319579,COCO_val2014_000000319579.jpg,Is there a backpack in the image?,yes,popular,backpack,کیا تصویر میں کوئی بیگ ہے؟,Kya tasveer mein bag hai?
319579,COCO_val2014_000000319579.jpg,Is there a laptop in the image?,yes,popular,laptop,کیا تصویر میں لیپ ٹاپ ہے؟,Kya tasveer mein laptop hai?
319579,COCO_val2014_000000319579.jpg,Is there a chair in the image?,yes,popular,chair,کیا تصویر میں کرسی ہے؟,Kya tasveer mein kursi hai?
319579,COCO_val2014_000000319579.jpg,Is there a car in the image?,no,popular,car,کیا تصویر میں کوئی کار ہے؟,Kya tasveer mein gaari hai?
319579,COCO_val2014_000000319579.jpg,Is there a bottle in the image?,no,popular,bottle,کیا تصویر میں کوئی بوتل ہے؟,Kya tasveer mein botal hai?
319579,COCO_val2014_000000319579.jpg,Is there a cup in the image?,no,popular,cup,کیا تصویر میں کپ ہے؟,Kya tasveer mein cup hai?
319579,COCO_val2014_000000319579.jpg,Is there a backpack in the image?,yes,adversarial,backpack,کیا تصویر میں کوئی بیگ ہے؟,Kya tasveer mein bag hai?
319579,COCO_val2014_000000319579.jpg,Is there a chair in the image?,yes,adversarial,chair,کیا تصویر میں کرسی ہے؟,Kya tasveer mein kursi hai?
319579,COCO_val2014_000000319579.jpg,Is there a book in the image?,yes,adversarial,book,کیا تصویر میں کوئی کتاب ہے؟,Kya tasveer mein kitaab hai?
319579,COCO_val2014_000000319579.jpg,Is there a car in the image?,no,adversarial,car,کیا تصویر میں کوئی کار ہے؟,Kya tasveer mein gaari hai?
319579,COCO_val2014_000000319579.jpg,Is there a bottle in the image?,no,adversarial,bottle,کیا تصویر میں کوئی بوتل ہے؟,Kya tasveer mein botal hai?
319579,COCO_val2014_000000319579.jpg,Is there a cup in the image?,no,adversarial,cup,کیا تصویر میں کپ ہے؟,Kya tasveer mein cup hai?
119641,COCO_val2014_000000119641.jpg,Is there a tie in the image?,yes,random,tie,کیا تصویر میں ٹائی ہے؟,Kya tasveer mein tie hai?
119641,COCO_val2014_000000119641.jpg,Is there a elephant in the image?,yes,random,elephant,کیا تصویر میں ہاتھی ہے؟,Kya tasveer mein haathi hai?
119641,COCO_val2014_000000119641.jpg,Is there a person in the image?,yes,random,person,کیا تصویر میں کوئی شخص ہے؟,Kya tasveer mein insaan hai?
119641,COCO_val2014_000000119641.jpg,Is there a snowboard in the image?,no,random,snowboard,کیا تصویر میں سنو بورڈ ہے؟,Kya tasveer mein snowboard hai?
119641,COCO_val2014_000000119641.jpg,Is there a cup in the image?,no,random,cup,کیا تصویر میں کپ ہے؟,Kya tasveer mein cup hai?
119641,COCO_val2014_000000119641.jpg,Is there a bottle in the image?,no,random,bottle,کیا تصویر میں کوئی بوتل ہے؟,Kya tasveer mein botal hai?
119641,COCO_val2014_000000119641.jpg,Is there a person in the image?,yes,popular,person,کیا تصویر میں کوئی شخص ہے؟,Kya tasveer mein insaan hai?
119641,COCO_val2014_000000119641.jpg,Is there a tie in the image?,yes,popular,tie,کیا تصویر میں ٹائی ہے؟,Kya tasveer mein tie hai?
119641,COCO_val2014_000000119641.jpg,Is there a elephant in the image?,yes,popular,elephant,کیا تصویر میں ہاتھی ہے؟,Kya tasveer mein haathi hai?
119641,COCO_val2014_000000119641.jpg,Is there a car in the image?,no,popular,car,کیا تصویر میں کوئی کار ہے؟,Kya tasveer mein gaari hai?
119641,COCO_val2014_000000119641.jpg,Is there a chair in the image?,no,popular,chair,کیا تصویر میں کرسی ہے؟,Kya tasveer mein kursi hai?
119641,COCO_val2014_000000119641.jpg,Is there a book in the image?,no,popular,book,کیا تصویر میں کوئی کتاب ہے؟,Kya tasveer mein kitaab hai?
119641,COCO_val2014_000000119641.jpg,Is there a elephant in the image?,yes,adversarial,elephant,کیا تصویر میں ہاتھی ہے؟,Kya tasveer mein haathi hai?
119641,COCO_val2014_000000119641.jpg,Is there a person in the image?,yes,adversarial,person,کیا تصویر میں کوئی شخص ہے؟,Kya tasveer mein insaan hai?
119641,COCO_val2014_000000119641.jpg,Is there a tie in the image?,yes,adversarial,tie,کیا تصویر میں ٹائی ہے؟,Kya tasveer mein tie hai?
119641,COCO_val2014_000000119641.jpg,Is there a car in the image?,no,adversarial,car,کیا تصویر میں کوئی کار ہے؟,Kya tasveer mein gaari hai?
119641,COCO_val2014_000000119641.jpg,Is there a chair in the image?,no,adversarial,chair,کیا تصویر میں کرسی ہے؟,Kya tasveer mein kursi hai?
119641,COCO_val2014_000000119641.jpg,Is there a book in the image?,no,adversarial,book,کیا تصویر میں کوئی کتاب ہے؟,Kya tasveer mein kitaab hai?
463898,COCO_val2014_000000463898.jpg,Is there a bird in the image?,yes,random,bird,کیا تصویر میں کوئی پرندہ ہے؟,Kya tasveer mein chirya hai?
463898,COCO_val2014_000000463898.jpg,Is there a person in the image?,yes,random,person,کیا تصویر میں کوئی شخص ہے؟,Kya tasveer mein insaan hai?
463898,COCO_val2014_000000463898.jpg,Is there a refrigerator in the image?,yes,random,refrigerator,کیا تصویر میں ریفریجریٹر ہے؟,Kya tasveer mein fridge hai?
463898,COCO_val2014_000000463898.jpg,Is there a horse in the image?,no,random,horse,کیا تصویر میں گھوڑا ہے؟,Kya tasveer mein ghora hai?
463898,COCO_val2014_000000463898.jpg,Is there a scissors in the image?,no,random,scissors,کیا تصویر میں قینچی ہے؟,Kya tasveer mein qainchi hai?
463898,COCO_val2014_000000463898.jpg,Is there a sink in the image?,no,random,sink,کیا تصویر میں کوئی سنک ہے؟,Kya tasveer mein sink hai?
463898,COCO_val2014_000000463898.jpg,Is there a person in the image?,yes,popular,person,کیا تصویر میں کوئی شخص ہے؟,Kya tasveer mein insaan hai?
463898,COCO_val2014_000000463898.jpg,Is there a bird in the image?,yes,popular,bird,کیا تصویر میں کوئی پرندہ ہے؟,Kya tasveer mein chirya hai?
463898,COCO_val2014_000000463898.jpg,Is there a refrigerator in the image?,yes,popular,refrigerator,کیا تصویر میں ریفریجریٹر ہے؟,Kya tasveer mein fridge hai?
463898,COCO_val2014_000000463898.jpg,Is there a car in the image?,no,popular,car,کیا تصویر میں کوئی کار ہے؟,Kya tasveer mein gaari hai?
463898,COCO_val2014_000000463898.jpg,Is there a chair in the image?,no,popular,chair,کیا تصویر میں کرسی ہے؟,Kya tasveer mein kursi hai?
463898,COCO_val2014_000000463898.jpg,Is there a book in the image?,no,popular,book,کیا تصویر میں کوئی کتاب ہے؟,Kya tasveer mein kitaab hai?
463898,COCO_val2014_000000463898.jpg,Is there a refrigerator in the image?,yes,adversarial,refrigerator,کیا تصویر میں ریفریجریٹر ہے؟,Kya tasveer mein fridge hai?
463898,COCO_val2014_000000463898.jpg,Is there a person in the image?,yes,adversarial,person,کیا تصویر میں کوئی شخص ہے؟,Kya tasveer mein insaan hai?
463898,COCO_val2014_000000463898.jpg,Is there a bird in the image?,yes,adversarial,bird,کیا تصویر میں کوئی پرندہ ہے؟,Kya tasveer mein chirya hai?
463898,COCO_val2014_000000463898.jpg,Is there a car in the image?,no,adversarial,car,کیا تصویر میں کوئی کار ہے؟,Kya tasveer mein gaari hai?
463898,COCO_val2014_000000463898.jpg,Is there a chair in the image?,no,adversarial,chair,کیا تصویر میں کرسی ہے؟,Kya tasveer mein kursi hai?
463898,COCO_val2014_000000463898.jpg,Is there a book in the image?,no,adversarial,book,کیا تصویر میں کوئی کتاب ہے؟,Kya tasveer mein kitaab hai?
255279,COCO_val2014_000000255279.jpg,Is there a potted plant in the image?,yes,random,potted plant,کیا تصویر میں کوئی پودا ہے؟,Kya tasveer mein gamla hai?
255279,COCO_val2014_000000255279.jpg,Is there a motorcycle in the image?,yes,random,motorcycle,کیا تصویر میں کوئی موٹر سائیکل ہے؟,Kya tasveer mein motorcycle hai?
255279,COCO_val2014_000000255279.jpg,Is there a car in the image?,yes,random,car,کیا تصویر میں کوئی کار ہے؟,Kya tasveer mein gaari hai?
255279,COCO_val2014_000000255279.jpg,Is there a apple in the image?,no,random,apple,کیا تصویر میں ایک سیب ہے؟,Kya tasveer mein seb hai?
255279,COCO_val2014_000000255279.jpg,Is there a dining table in the image?,no,random,dining table,کیا تصویر میں کھانے کی میز ہے؟,Kya tasveer mein khane ki mez hai?
255279,COCO_val2014_000000255279.jpg,Is there a baseball glove in the image?,no,random,baseball glove,کیا تصویر میں بیس بال کا دستانہ ہے؟,Kya tasveer mein baseball ka dastaana hai?
255279,COCO_val2014_000000255279.jpg,Is there a motorcycle in the image?,yes,popular,motorcycle,کیا تصویر میں کوئی موٹر سائیکل ہے؟,Kya tasveer mein motorcycle hai?
255279,COCO_val2014_000000255279.jpg,Is there a car in the image?,yes,popular,car,کیا تصویر میں کوئی کار ہے؟,Kya tasveer mein gaari hai?
255279,COCO_val2014_000000255279.jpg,Is there a potted plant in the image?,yes,popular,potted plant,کیا تصویر میں کوئی پودا ہے؟,Kya tasveer mein gamla hai?
255279,COCO_val2014_000000255279.jpg,Is there a person in the image?,no,popular,person,کیا تصویر میں کوئی شخص ہے؟,Kya tasveer mein insaan hai?
255279,COCO_val2014_000000255279.jpg,Is there a chair in the image?,no,popular,chair,کیا تصویر میں کرسی ہے؟,Kya tasveer mein kursi hai?
255279,COCO_val2014_000000255279.jpg,Is there a book in the image?,no,popular,book,کیا تصویر میں کوئی کتاب ہے؟,Kya tasveer mein kitaab hai?
255279,COCO_val2014_000000255279.jpg,Is there a potted plant in the image?,yes,adversarial,potted plant,کیا تصویر میں کوئی پودا ہے؟,Kya tasveer mein gamla hai?
255279,COCO_val2014_000000255279.jpg,Is there a motorcycle in the image?,yes,adversarial,motorcycle,کیا تصویر میں کوئی موٹر سائیکل ہے؟,Kya tasveer mein motorcycle hai?
255279,COCO_val2014_000000255279.jpg,Is there a backpack in the image?,yes,adversarial,backpack,کیا تصویر میں کوئی بیگ ہے؟,Kya tasveer mein bag hai?
255279,COCO_val2014_000000255279.jpg,Is there a person in the image?,no,adversarial,person,کیا تصویر میں کوئی شخص ہے؟,Kya tasveer mein insaan hai?
255279,COCO_val2014_000000255279.jpg,Is there a chair in the image?,no,adversarial,chair,کیا تصویر میں کرسی ہے؟,Kya tasveer mein kursi hai?
255279,COCO_val2014_000000255279.jpg,Is there a book in the image?,no,adversarial,book,کیا تصویر میں کوئی کتاب ہے؟,Kya tasveer mein kitaab hai?
113139,COCO_val2014_000000113139.jpg,Is there a cup in the image?,yes,random,cup,کیا تصویر میں کپ ہے؟,Kya tasveer mein cup hai?
113139,COCO_val2014_000000113139.jpg,Is there a dining table in the image?,yes,random,dining table,کیا تصویر میں کھانے کی میز ہے؟,Kya tasveer mein khane ki mez hai?
113139,COCO_val2014_000000113139.jpg,Is there a bottle in the image?,yes,random,bottle,کیا تصویر میں کوئی بوتل ہے؟,Kya tasveer mein botal hai?
113139,COCO_val2014_000000113139.jpg,Is there a skis in the image?,no,random,skis,کیا تصویر میں کوئی سکی ہے؟,Kya tasveer mein skis hai?
113139,COCO_val2014_000000113139.jpg,Is there a snowboard in the image?,no,random,snowboard,کیا تصویر میں سنو بورڈ ہے؟,Kya tasveer mein snowboard hai?
113139,COCO_val2014_000000113139.jpg,Is there a train in the image?,no,random,train,کیا تصویر میں ٹرین ہے؟,Kya tasveer mein train hai?
113139,COCO_val2014_000000113139.jpg,Is there a wine glass in the image?,yes,popular,wine glass,کیا تصویر میں شراب کا گلاس ہے؟,Kya tasveer mein gilaas hai?
113139,COCO_val2014_000000113139.jpg,Is there a cup in the image?,yes,popular,cup,کیا تصویر میں کپ ہے؟,Kya tasveer mein cup hai?
113139,COCO_val2014_000000113139.jpg,Is there a bottle in the image?,yes,popular,bottle,کیا تصویر میں کوئی بوتل ہے؟,Kya tasveer mein botal hai?
113139,COCO_val2014_000000113139.jpg,Is there a person in the image?,no,popular,person,کیا تصویر میں کوئی شخص ہے؟,Kya tasveer mein insaan hai?
113139,COCO_val2014_000000113139.jpg,Is there a car in the image?,no,popular,car,کیا تصویر میں کوئی کار ہے؟,Kya tasveer mein gaari hai?
113139,COCO_val2014_000000113139.jpg,Is there a book in the image?,no,popular,book,کیا تصویر میں کوئی کتاب ہے؟,Kya tasveer mein kitaab hai?
113139,COCO_val2014_000000113139.jpg,Is there a cup in the image?,yes,adversarial,cup,کیا تصویر میں کپ ہے؟,Kya tasveer mein cup hai?
113139,COCO_val2014_000000113139.jpg,Is there a dining table in the image?,yes,adversarial,dining table,کیا تصویر میں کھانے کی میز ہے؟,Kya tasveer mein khane ki mez hai?
113139,COCO_val2014_000000113139.jpg,Is there a chair in the image?,yes,adversarial,chair,کیا تصویر میں کرسی ہے؟,Kya tasveer mein kursi hai?
113139,COCO_val2014_000000113139.jpg,Is there a person in the image?,no,adversarial,person,کیا تصویر میں کوئی شخص ہے؟,Kya tasveer mein insaan hai?
113139,COCO_val2014_000000113139.jpg,Is there a car in the image?,no,adversarial,car,کیا تصویر میں کوئی کار ہے؟,Kya tasveer mein gaari hai?
113139,COCO_val2014_000000113139.jpg,Is there a book in the image?,no,adversarial,book,کیا تصویر میں کوئی کتاب ہے؟,Kya tasveer mein kitaab hai?
367872,COCO_val2014_000000367872.jpg,Is there a baseball glove in the image?,yes,random,baseball glove,کیا تصویر میں بیس بال کا دستانہ ہے؟,Kya tasveer mein baseball ka dastaana hai?
367872,COCO_val2014_000000367872.jpg,Is there a baseball bat in the image?,yes,random,baseball bat,کیا تصویر میں بیس بال کا بیٹ ہے؟,Kya tasveer mein baseball ka balla hai?
367872,COCO_val2014_000000367872.jpg,Is there a sports ball in the image?,yes,random,sports ball,کیا تصویر میں کھیلوں کی گیند ہے؟,Kya tasveer mein khel ka gend hai?
367872,COCO_val2014_000000367872.jpg,Is there a remote in the image?,no,random,remote,کیا تصویر میں کوئی ریموٹ ہے؟,Kya tasveer mein remote hai?
367872,COCO_val2014_000000367872.jpg,Is there a bench in the image?,no,random,bench,کیا تصویر میں کوئی بینچ ہے؟,Kya tasveer mein bench hai?
367872,COCO_val2014_000000367872.jpg,Is there a sheep in the image?,no,random,sheep,کیا تصویر میں بھیڑ ہے؟,Kya tasveer mein bhed hai?
367872,COCO_val2014_000000367872.jpg,Is there a umbrella in the image?,yes,popular,umbrella,کیا تصویر میں چھتری ہے؟,Kya tasveer mein chhatri hai?
367872,COCO_val2014_000000367872.jpg,Is there a person in the image?,yes,popular,person,کیا تصویر میں کوئی شخص ہے؟,Kya tasveer mein insaan hai?
367872,COCO_val2014_000000367872.jpg,Is there a baseball glove in the image?,yes,popular,baseball glove,کیا تصویر میں بیس بال کا دستانہ ہے؟,Kya tasveer mein baseball ka dastaana hai?
367872,COCO_val2014_000000367872.jpg,Is there a car in the image?,no,popular,car,کیا تصویر میں کوئی کار ہے؟,Kya tasveer mein gaari hai?
367872,COCO_val2014_000000367872.jpg,Is there a chair in the image?,no,popular,chair,کیا تصویر میں کرسی ہے؟,Kya tasveer mein kursi hai?
367872,COCO_val2014_000000367872.jpg,Is there a book in the image?,no,popular,book,کیا تصویر میں کوئی کتاب ہے؟,Kya tasveer mein kitaab hai?
367872,COCO_val2014_000000367872.jpg,Is there a baseball glove in the image?,yes,adversarial,baseball glove,کیا تصویر میں بیس بال کا دستانہ ہے؟,Kya tasveer mein baseball ka dastaana hai?
367872,COCO_val2014_000000367872.jpg,Is there a sports ball in the image?,yes,adversarial,sports ball,کیا تصویر میں کھیلوں کی گیند ہے؟,Kya tasveer mein khel ka gend hai?
367872,COCO_val2014_000000367872.jpg,Is there a baseball bat in the image?,yes,adversarial,baseball bat,کیا تصویر میں بیس بال کا بیٹ ہے؟,Kya tasveer mein baseball ka balla hai?
367872,COCO_val2014_000000367872.jpg,Is there a car in the image?,no,adversarial,car,کیا تصویر میں کوئی کار ہے؟,Kya tasveer mein gaari hai?
367872,COCO_val2014_000000367872.jpg,Is there a chair in the image?,no,adversarial,chair,کیا تصویر میں کرسی ہے؟,Kya tasveer mein kursi hai?
367872,COCO_val2014_000000367872.jpg,Is there a book in the image?,no,adversarial,book,کیا تصویر میں کوئی کتاب ہے؟,Kya tasveer mein kitaab hai?
44279,COCO_val2014_000000044279.jpg,Is there a knife in the image?,yes,random,knife,کیا تصویر میں چاقو ہے؟,Kya tasveer mein churi hai?
44279,COCO_val2014_000000044279.jpg,Is there a bowl in the image?,yes,random,bowl,کیا تصویر میں ایک پیالہ ہے؟,Kya tasveer mein bowl hai?
44279,COCO_val2014_000000044279.jpg,Is there a person in the image?,yes,random,person,کیا تصویر میں کوئی شخص ہے؟,Kya tasveer mein insaan hai?
44279,COCO_val2014_000000044279.jpg,Is there a surfboard in the image?,no,random,surfboard,کیا تصویر میں کوئی سرف بورڈ ہے؟,Kya tasveer mein surfboard hai?
44279,COCO_val2014_000000044279.jpg,Is there a boat in the image?,no,random,boat,کیا تصویر میں کوئی کشتی ہے؟,Kya tasveer mein kashti hai?
44279,COCO_val2014_000000044279.jpg,Is there a parking meter in the image?,no,random,parking meter,کیا تصویر میں پارکنگ میٹر ہے؟,Kya tasveer mein parking meter hai?
44279,COCO_val2014_000000044279.jpg,Is there a knife in the image?,yes,popular,knife,کیا تصویر میں چاقو ہے؟,Kya tasveer mein churi hai?
44279,COCO_val2014_000000044279.jpg,Is there a person in the image?,yes,popular,person,کیا تصویر میں کوئی شخص ہے؟,Kya tasveer mein insaan hai?
44279,COCO_val2014_000000044279.jpg,Is there a oven in the image?,yes,popular,oven,کیا تصویر میں تندور ہے؟,Kya tasveer mein oven hai?
44279,COCO_val2014_000000044279.jpg,Is there a car in the image?,no,popular,car,کیا تصویر میں کوئی کار ہے؟,Kya tasveer mein gaari hai?
44279,COCO_val2014_000000044279.jpg,Is there a chair in the image?,no,popular,chair,کیا تصویر میں کرسی ہے؟,Kya tasveer mein kursi hai?
44279,COCO_val2014_000000044279.jpg,Is there a book in the image?,no,popular,book,کیا تصویر میں کوئی کتاب ہے؟,Kya tasveer mein kitaab hai?
44279,COCO_val2014_000000044279.jpg,Is there a knife in the image?,yes,adversarial,knife,کیا تصویر میں چاقو ہے؟,Kya tasveer mein churi hai?
44279,COCO_val2014_000000044279.jpg,Is there a bowl in the image?,yes,adversarial,bowl,کیا تصویر میں ایک پیالہ ہے؟,Kya tasveer mein bowl hai?
44279,COCO_val2014_000000044279.jpg,Is there a oven in the image?,yes,adversarial,oven,کیا تصویر میں تندور ہے؟,Kya tasveer mein oven hai?
44279,COCO_val2014_000000044279.jpg,Is there a car in the image?,no,adversarial,car,کیا تصویر میں کوئی کار ہے؟,Kya tasveer mein gaari hai?
44279,COCO_val2014_000000044279.jpg,Is there a chair in the image?,no,adversarial,chair,کیا تصویر میں کرسی ہے؟,Kya tasveer mein kursi hai?
44279,COCO_val2014_000000044279.jpg,Is there a book in the image?,no,adversarial,book,کیا تصویر میں کوئی کتاب ہے؟,Kya tasveer mein kitaab hai?
157789,COCO_val2014_000000157789.jpg,Is there a pizza in the image?,yes,random,pizza,کیا تصویر میں پیزا ہے؟,Kya tasveer mein pizza hai?
157789,COCO_val2014_000000157789.jpg,Is there a fork in the image?,yes,random,fork,کیا تصویر میں کانٹا ہے؟,Kya tasveer mein kaanta hai?
157789,COCO_val2014_000000157789.jpg,Is there a knife in the image?,yes,random,knife,کیا تصویر میں چاقو ہے؟,Kya tasveer mein churi hai?
157789,COCO_val2014_000000157789.jpg,Is there a giraffe in the image?,no,random,giraffe,کیا تصویر میں زرافہ ہے؟,Kya tasveer mein zaraafa hai?
157789,COCO_val2014_000000157789.jpg,Is there a surfboard in the image?,no,random,surfboard,کیا تصویر میں کوئی سرف بورڈ ہے؟,Kya tasveer mein surfboard hai?
157789,COCO_val2014_000000157789.jpg,Is there a airplane in the image?,no,random,airplane,کیا تصویر میں ہوائی جہاز ہے؟,Kya tasveer mein hawai jahaaz hai?
157789,COCO_val2014_000000157789.jpg,Is there a pizza in the image?,yes,popular,pizza,کیا تصویر میں پیزا ہے؟,Kya tasveer mein pizza hai?
157789,COCO_val2014_000000157789.jpg,Is there a fork in the image?,yes,popular,fork,کیا تصویر میں کانٹا ہے؟,Kya tasveer mein kaanta hai?
157789,COCO_val2014_000000157789.jpg,Is there a knife in the image?,yes,popular,knife,کیا تصویر میں چاقو ہے؟,Kya tasveer mein churi hai?
157789,COCO_val2014_000000157789.jpg,Is there a person in the image?,no,popular,person,کیا تصویر میں کوئی شخص ہے؟,Kya tasveer mein insaan hai?
157789,COCO_val2014_000000157789.jpg,Is there a car in the image?,no,popular,car,کیا تصویر میں کوئی کار ہے؟,Kya tasveer mein gaari hai?
157789,COCO_val2014_000000157789.jpg,Is there a chair in the image?,no,popular,chair,کیا تصویر میں کرسی ہے؟,Kya tasveer mein kursi hai?
157789,COCO_val2014_000000157789.jpg,Is there a fork in the image?,yes,adversarial,fork,کیا تصویر میں کانٹا ہے؟,Kya tasveer mein kaanta hai?
157789,COCO_val2014_000000157789.jpg,Is there a knife in the image?,yes,adversarial,knife,کیا تصویر میں چاقو ہے؟,Kya tasveer mein churi hai?
157789,COCO_val2014_000000157789.jpg,Is there a pizza in the image?,yes,adversarial,pizza,کیا تصویر میں پیزا ہے؟,Kya tasveer mein pizza hai?
157789,COCO_val2014_000000157789.jpg,Is there a person in the image?,no,adversarial,person,کیا تصویر میں کوئی شخص ہے؟,Kya tasveer mein insaan hai?
157789,COCO_val2014_000000157789.jpg,Is there a car in the image?,no,adversarial,car,کیا تصویر میں کوئی کار ہے؟,Kya tasveer mein gaari hai?
157789,COCO_val2014_000000157789.jpg,Is there a chair in the image?,no,adversarial,chair,کیا تصویر میں کرسی ہے؟,Kya tasveer mein kursi hai?
382625,COCO_val2014_000000382625.jpg,Is there a fork in the image?,yes,random,fork,کیا تصویر میں کانٹا ہے؟,Kya tasveer mein kaanta hai?
382625,COCO_val2014_000000382625.jpg,Is there a tie in the image?,yes,random,tie,کیا تصویر میں ٹائی ہے؟,Kya tasveer mein tie hai?
382625,COCO_val2014_000000382625.jpg,Is there a knife in the image?,yes,random,knife,کیا تصویر میں چاقو ہے؟,Kya tasveer mein churi hai?
382625,COCO_val2014_000000382625.jpg,Is there a sheep in the image?,no,random,sheep,کیا تصویر میں بھیڑ ہے؟,Kya tasveer mein bhed hai?
382625,COCO_val2014_000000382625.jpg,Is there a toaster in the image?,no,random,toaster,کیا تصویر میں ٹوسٹر ہے؟,Kya tasveer mein toaster hai?
382625,COCO_val2014_000000382625.jpg,Is there a remote in the image?,no,random,remote,کیا تصویر میں کوئی ریموٹ ہے؟,Kya tasveer mein remote hai?
382625,COCO_val2014_000000382625.jpg,Is there a cake in the image?,yes,popular,cake,کیا تصویر میں کیک ہے؟,Kya tasveer mein cake hai?
382625,COCO_val2014_000000382625.jpg,Is there a person in the image?,yes,popular,person,کیا تصویر میں کوئی شخص ہے؟,Kya tasveer mein insaan hai?
382625,COCO_val2014_000000382625.jpg,Is there a dining table in the image?,yes,popular,dining table,کیا تصویر میں کھانے کی میز ہے؟,Kya tasveer mein khane ki mez hai?
382625,COCO_val2014_000000382625.jpg,Is there a car in the image?,no,popular,car,کیا تصویر میں کوئی کار ہے؟,Kya tasveer mein gaari hai?
382625,COCO_val2014_000000382625.jpg,Is there a chair in the image?,no,popular,chair,کیا تصویر میں کرسی ہے؟,Kya tasveer mein kursi hai?
382625,COCO_val2014_000000382625.jpg,Is there a book in the image?,no,popular,book,کیا تصویر میں کوئی کتاب ہے؟,Kya tasveer mein kitaab hai?
382625,COCO_val2014_000000382625.jpg,Is there a cake in the image?,yes,adversarial,cake,کیا تصویر میں کیک ہے؟,Kya tasveer mein cake hai?
382625,COCO_val2014_000000382625.jpg,Is there a person in the image?,yes,adversarial,person,کیا تصویر میں کوئی شخص ہے؟,Kya tasveer mein insaan hai?
382625,COCO_val2014_000000382625.jpg,Is there a knife in the image?,yes,adversarial,knife,کیا تصویر میں چاقو ہے؟,Kya tasveer mein churi hai?
382625,COCO_val2014_000000382625.jpg,Is there a car in the image?,no,adversarial,car,کیا تصویر میں کوئی کار ہے؟,Kya tasveer mein gaari hai?
382625,COCO_val2014_000000382625.jpg,Is there a chair in the image?,no,adversarial,chair,کیا تصویر میں کرسی ہے؟,Kya tasveer mein kursi hai?
382625,COCO_val2014_000000382625.jpg,Is there a book in the image?,no,adversarial,book,کیا تصویر میں کوئی کتاب ہے؟,Kya tasveer mein kitaab hai?
150265,COCO_val2014_000000150265.jpg,Is there a handbag in the image?,yes,random,handbag,کیا تصویر میں ہینڈ بیگ ہے؟,Kya tasveer mein handbag hai?
150265,COCO_val2014_000000150265.jpg,Is there a fire hydrant in the image?,yes,random,fire hydrant,کیا تصویر میں فائر ہائیڈرنٹ ہے؟,Kya tasveer mein fire hydrant hai?
150265,COCO_val2014_000000150265.jpg,Is there a person in the image?,yes,random,person,کیا تصویر میں کوئی شخص ہے؟,Kya tasveer mein insaan hai?
150265,COCO_val2014_000000150265.jpg,Is there a car in the image?,no,random,car,کیا تصویر میں کوئی کار ہے؟,Kya tasveer mein gaari hai?
150265,COCO_val2014_000000150265.jpg,Is there a banana in the image?,no,random,banana,کیا تصویر میں کیلا ہے؟,Kya tasveer mein kela hai?
150265,COCO_val2014_000000150265.jpg,Is there a wine glass in the image?,no,random,wine glass,کیا تصویر میں شراب کا گلاس ہے؟,Kya tasveer mein gilaas hai?
150265,COCO_val2014_000000150265.jpg,Is there a handbag in the image?,yes,popular,handbag,کیا تصویر میں ہینڈ بیگ ہے؟,Kya tasveer mein handbag hai?
150265,COCO_val2014_000000150265.jpg,Is there a person in the image?,yes,popular,person,کیا تصویر میں کوئی شخص ہے؟,Kya tasveer mein insaan hai?
150265,COCO_val2014_000000150265.jpg,Is there a fire hydrant in the image?,yes,popular,fire hydrant,کیا تصویر میں فائر ہائیڈرنٹ ہے؟,Kya tasveer mein fire hydrant hai?
150265,COCO_val2014_000000150265.jpg,Is there a car in the image?,no,popular,car,کیا تصویر میں کوئی کار ہے؟,Kya tasveer mein gaari hai?
150265,COCO_val2014_000000150265.jpg,Is there a chair in the image?,no,popular,chair,کیا تصویر میں کرسی ہے؟,Kya tasveer mein kursi hai?
150265,COCO_val2014_000000150265.jpg,Is there a book in the image?,no,popular,book,کیا تصویر میں کوئی کتاب ہے؟,Kya tasveer mein kitaab hai?
150265,COCO_val2014_000000150265.jpg,Is there a handbag in the image?,yes,adversarial,handbag,کیا تصویر میں ہینڈ بیگ ہے؟,Kya tasveer mein handbag hai?
150265,COCO_val2014_000000150265.jpg,Is there a fire hydrant in the image?,yes,adversarial,fire hydrant,کیا تصویر میں فائر ہائیڈرنٹ ہے؟,Kya tasveer mein fire hydrant hai?
150265,COCO_val2014_000000150265.jpg,Is there a person in the image?,yes,adversarial,person,کیا تصویر میں کوئی شخص ہے؟,Kya tasveer mein insaan hai?
150265,COCO_val2014_000000150265.jpg,Is there a car in the image?,no,adversarial,car,کیا تصویر میں کوئی کار ہے؟,Kya tasveer mein gaari hai?
150265,COCO_val2014_000000150265.jpg,Is there a chair in the image?,no,adversarial,chair,کیا تصویر میں کرسی ہے؟,Kya tasveer mein kursi hai?
150265,COCO_val2014_000000150265.jpg,Is there a book in the image?,no,adversarial,book,کیا تصویر میں کوئی کتاب ہے؟,Kya tasveer mein kitaab hai?
471789,COCO_val2014_000000471789.jpg,Is there a dog in the image?,yes,random,dog,کیا تصویر میں کتا ہے؟,Kya tasveer mein kutta hai?
471789,COCO_val2014_000000471789.jpg,Is there a person in the image?,yes,random,person,کیا تصویر میں کوئی شخص ہے؟,Kya tasveer mein insaan hai?
471789,COCO_val2014_000000471789.jpg,Is there a frisbee in the image?,yes,random,frisbee,کیا تصویر میں فریسبی ہے؟,Kya tasveer mein frisbee hai?
471789,COCO_val2014_000000471789.jpg,Is there a bench in the image?,no,random,bench,کیا تصویر میں کوئی بینچ ہے؟,Kya tasveer mein bench hai?
471789,COCO_val2014_000000471789.jpg,Is there a umbrella in the image?,no,random,umbrella,کیا تصویر میں چھتری ہے؟,Kya tasveer mein chhatri hai?
471789,COCO_val2014_000000471789.jpg,Is there a cow in the image?,no,random,cow,کیا تصویر میں گائے ہے؟,Kya tasveer mein gaay hai?
471789,COCO_val2014_000000471789.jpg,Is there a kite in the image?,yes,popular,kite,کیا تصویر میں پتنگ ہے؟,Kya tasveer mein patang hai?
471789,COCO_val2014_000000471789.jpg,Is there a frisbee in the image?,yes,popular,frisbee,کیا تصویر میں فریسبی ہے؟,Kya tasveer mein frisbee hai?
471789,COCO_val2014_000000471789.jpg,Is there a person in the image?,yes,popular,person,کیا تصویر میں کوئی شخص ہے؟,Kya tasveer mein insaan hai?
471789,COCO_val2014_000000471789.jpg,Is there a car in the image?,no,popular,car,کیا تصویر میں کوئی کار ہے؟,Kya tasveer mein gaari hai?
471789,COCO_val2014_000000471789.jpg,Is there a chair in the image?,no,popular,chair,کیا تصویر میں کرسی ہے؟,Kya tasveer mein kursi hai?
471789,COCO_val2014_000000471789.jpg,Is there a book in the image?,no,popular,book,کیا تصویر میں کوئی کتاب ہے؟,Kya tasveer mein kitaab hai?
471789,COCO_val2014_000000471789.jpg,Is there a person in the image?,yes,adversarial,person,کیا تصویر میں کوئی شخص ہے؟,Kya tasveer mein insaan hai?
471789,COCO_val2014_000000471789.jpg,Is there a frisbee in the image?,yes,adversarial,frisbee,کیا تصویر میں فریسبی ہے؟,Kya tasveer mein frisbee hai?
471789,COCO_val2014_000000471789.jpg,Is there a dog in the image?,yes,adversarial,dog,کیا تصویر میں کتا ہے؟,Kya tasveer mein kutta hai?
471789,COCO_val2014_000000471789.jpg,Is there a car in the image?,no,adversarial,car,کیا تصویر میں کوئی کار ہے؟,Kya tasveer mein gaari hai?
471789,COCO_val2014_000000471789.jpg,Is there a chair in the image?,no,adversarial,chair,کیا تصویر میں کرسی ہے؟,Kya tasveer mein kursi hai?
471789,COCO_val2014_000000471789.jpg,Is there a book in the image?,no,adversarial,book,کیا تصویر میں کوئی کتاب ہے؟,Kya tasveer mein kitaab hai?
383087,COCO_val2014_000000383087.jpg,Is there a cake in the image?,yes,random,cake,کیا تصویر میں کیک ہے؟,Kya tasveer mein cake hai?
383087,COCO_val2014_000000383087.jpg,Is there a bowl in the image?,yes,random,bowl,کیا تصویر میں ایک پیالہ ہے؟,Kya tasveer mein bowl hai?
383087,COCO_val2014_000000383087.jpg,Is there a person in the image?,yes,random,person,کیا تصویر میں کوئی شخص ہے؟,Kya tasveer mein insaan hai?
383087,COCO_val2014_000000383087.jpg,Is there a banana in the image?,no,random,banana,کیا تصویر میں کیلا ہے؟,Kya tasveer mein kela hai?
383087,COCO_val2014_000000383087.jpg,Is there a bottle in the image?,no,random,bottle,کیا تصویر میں کوئی بوتل ہے؟,Kya tasveer mein botal hai?
383087,COCO_val2014_000000383087.jpg,Is there a car in the image?,no,random,car,کیا تصویر میں کوئی کار ہے؟,Kya tasveer mein gaari hai?
383087,COCO_val2014_000000383087.jpg,Is there a knife in the image?,yes,popular,knife,کیا تصویر میں چاقو ہے؟,Kya tasveer mein churi hai?
383087,COCO_val2014_000000383087.jpg,Is there a cup in the image?,yes,popular,cup,کیا تصویر میں کپ ہے؟,Kya tasveer mein cup hai?
383087,COCO_val2014_000000383087.jpg,Is there a person in the image?,yes,popular,person,کیا تصویر میں کوئی شخص ہے؟,Kya tasveer mein insaan hai?
383087,COCO_val2014_000000383087.jpg,Is there a car in the image?,no,popular,car,کیا تصویر میں کوئی کار ہے؟,Kya tasveer mein gaari hai?
383087,COCO_val2014_000000383087.jpg,Is there a book in the image?,no,popular,book,کیا تصویر میں کوئی کتاب ہے؟,Kya tasveer mein kitaab hai?
383087,COCO_val2014_000000383087.jpg,Is there a bottle in the image?,no,popular,bottle,کیا تصویر میں کوئی بوتل ہے؟,Kya tasveer mein botal hai?
383087,COCO_val2014_000000383087.jpg,Is there a cake in the image?,yes,adversarial,cake,کیا تصویر میں کیک ہے؟,Kya tasveer mein cake hai?
383087,COCO_val2014_000000383087.jpg,Is there a dining table in the image?,yes,adversarial,dining table,کیا تصویر میں کھانے کی میز ہے؟,Kya tasveer mein khane ki mez hai?
383087,COCO_val2014_000000383087.jpg,Is there a cup in the image?,yes,adversarial,cup,کیا تصویر میں کپ ہے؟,Kya tasveer mein cup hai?
383087,COCO_val2014_000000383087.jpg,Is there a car in the image?,no,adversarial,car,کیا تصویر میں کوئی کار ہے؟,Kya tasveer mein gaari hai?
383087,COCO_val2014_000000383087.jpg,Is there a book in the image?,no,adversarial,book,کیا تصویر میں کوئی کتاب ہے؟,Kya tasveer mein kitaab hai?
383087,COCO_val2014_000000383087.jpg,Is there a bottle in the image?,no,adversarial,bottle,کیا تصویر میں کوئی بوتل ہے؟,Kya tasveer mein botal hai?
224554,COCO_val2014_000000224554.jpg,Is there a car in the image?,yes,random,car,کیا تصویر میں کوئی کار ہے؟,Kya tasveer mein gaari hai?
224554,COCO_val2014_000000224554.jpg,Is there a train in the image?,yes,random,train,کیا تصویر میں ٹرین ہے؟,Kya tasveer mein train hai?
224554,COCO_val2014_000000224554.jpg,Is there a traffic light in the image?,yes,random,traffic light,کیا تصویر میں ٹریفک لائٹ ہے؟,Kya tasveer mein traffic signal hai?
224554,COCO_val2014_000000224554.jpg,Is there a giraffe in the image?,no,random,giraffe,کیا تصویر میں زرافہ ہے؟,Kya tasveer mein zaraafa hai?
224554,COCO_val2014_000000224554.jpg,Is there a donut in the image?,no,random,donut,کیا تصویر میں ڈونٹ ہے؟,Kya tasveer mein donut hai?
224554,COCO_val2014_000000224554.jpg,Is there a cell phone in the image?,no,random,cell phone,کیا تصویر میں سیل فون ہے؟,Kya tasveer mein mobile hai?
224554,COCO_val2014_000000224554.jpg,Is there a traffic light in the image?,yes,popular,traffic light,کیا تصویر میں ٹریفک لائٹ ہے؟,Kya tasveer mein traffic signal hai?
224554,COCO_val2014_000000224554.jpg,Is there a train in the image?,yes,popular,train,کیا تصویر میں ٹرین ہے؟,Kya tasveer mein train hai?
224554,COCO_val2014_000000224554.jpg,Is there a car in the image?,yes,popular,car,کیا تصویر میں کوئی کار ہے؟,Kya tasveer mein gaari hai?
224554,COCO_val2014_000000224554.jpg,Is there a person in the image?,no,popular,person,کیا تصویر میں کوئی شخص ہے؟,Kya tasveer mein insaan hai?
224554,COCO_val2014_000000224554.jpg,Is there a chair in the image?,no,popular,chair,کیا تصویر میں کرسی ہے؟,Kya tasveer mein kursi hai?
224554,COCO_val2014_000000224554.jpg,Is there a book in the image?,no,popular,book,کیا تصویر میں کوئی کتاب ہے؟,Kya tasveer mein kitaab hai?
224554,COCO_val2014_000000224554.jpg,Is there a traffic light in the image?,yes,adversarial,traffic light,کیا تصویر میں ٹریفک لائٹ ہے؟,Kya tasveer mein traffic signal hai?
224554,COCO_val2014_000000224554.jpg,Is there a train in the image?,yes,adversarial,train,کیا تصویر میں ٹرین ہے؟,Kya tasveer mein train hai?
224554,COCO_val2014_000000224554.jpg,Is there a car in the image?,yes,adversarial,car,کیا تصویر میں کوئی کار ہے؟,Kya tasveer mein gaari hai?
224554,COCO_val2014_000000224554.jpg,Is there a person in the image?,no,adversarial,person,کیا تصویر میں کوئی شخص ہے؟,Kya tasveer mein insaan hai?
224554,COCO_val2014_000000224554.jpg,Is there a chair in the image?,no,adversarial,chair,کیا تصویر میں کرسی ہے؟,Kya tasveer mein kursi hai?
224554,COCO_val2014_000000224554.jpg,Is there a book in the image?,no,adversarial,book,کیا تصویر میں کوئی کتاب ہے؟,Kya tasveer mein kitaab hai?
313718,COCO_val2014_000000313718.jpg,Is there a car in the image?,yes,random,car,کیا تصویر میں کوئی کار ہے؟,Kya tasveer mein gaari hai?
313718,COCO_val2014_000000313718.jpg,Is there a person in the image?,yes,random,person,کیا تصویر میں کوئی شخص ہے؟,Kya tasveer mein insaan hai?
313718,COCO_val2014_000000313718.jpg,Is there a horse in the image?,yes,random,horse,کیا تصویر میں گھوڑا ہے؟,Kya tasveer mein ghora hai?
313718,COCO_val2014_000000313718.jpg,Is there a remote in the image?,no,random,remote,کیا تصویر میں کوئی ریموٹ ہے؟,Kya tasveer mein remote hai?
313718,COCO_val2014_000000313718.jpg,Is there a giraffe in the image?,no,random,giraffe,کیا تصویر میں زرافہ ہے؟,Kya tasveer mein zaraafa hai?
313718,COCO_val2014_000000313718.jpg,Is there a tv in the image?,no,random,tv,کیا تصویر میں ٹی وی ہے؟,Kya tasveer mein tv hai?
313718,COCO_val2014_000000313718.jpg,Is there a horse in the image?,yes,popular,horse,کیا تصویر میں گھوڑا ہے؟,Kya tasveer mein ghora hai?
313718,COCO_val2014_000000313718.jpg,Is there a car in the image?,yes,popular,car,کیا تصویر میں کوئی کار ہے؟,Kya tasveer mein gaari hai?
313718,COCO_val2014_000000313718.jpg,Is there a bus in the image?,yes,popular,bus,کیا تصویر میں بس ہے؟,Kya tasveer mein bus hai?
313718,COCO_val2014_000000313718.jpg,Is there a chair in the image?,no,popular,chair,کیا تصویر میں کرسی ہے؟,Kya tasveer mein kursi hai?
313718,COCO_val2014_000000313718.jpg,Is there a book in the image?,no,popular,book,کیا تصویر میں کوئی کتاب ہے؟,Kya tasveer mein kitaab hai?
313718,COCO_val2014_000000313718.jpg,Is there a bottle in the image?,no,popular,bottle,کیا تصویر میں کوئی بوتل ہے؟,Kya tasveer mein botal hai?
313718,COCO_val2014_000000313718.jpg,Is there a car in the image?,yes,adversarial,car,کیا تصویر میں کوئی کار ہے؟,Kya tasveer mein gaari hai?
313718,COCO_val2014_000000313718.jpg,Is there a person in the image?,yes,adversarial,person,کیا تصویر میں کوئی شخص ہے؟,Kya tasveer mein insaan hai?
313718,COCO_val2014_000000313718.jpg,Is there a horse in the image?,yes,adversarial,horse,کیا تصویر میں گھوڑا ہے؟,Kya tasveer mein ghora hai?
313718,COCO_val2014_000000313718.jpg,Is there a chair in the image?,no,adversarial,chair,کیا تصویر میں کرسی ہے؟,Kya tasveer mein kursi hai?
313718,COCO_val2014_000000313718.jpg,Is there a book in the image?,no,adversarial,book,کیا تصویر میں کوئی کتاب ہے؟,Kya tasveer mein kitaab hai?
313718,COCO_val2014_000000313718.jpg,Is there a bottle in the image?,no,adversarial,bottle,کیا تصویر میں کوئی بوتل ہے؟,Kya tasveer mein botal hai?
445574,COCO_val2014_000000445574.jpg,Is there a sports ball in the image?,yes,random,sports ball,کیا تصویر میں کھیلوں کی گیند ہے؟,Kya tasveer mein khel ka gend hai?
445574,COCO_val2014_000000445574.jpg,Is there a baseball glove in the image?,yes,random,baseball glove,کیا تصویر میں بیس بال کا دستانہ ہے؟,Kya tasveer mein baseball ka dastaana hai?
445574,COCO_val2014_000000445574.jpg,Is there a baseball bat in the image?,yes,random,baseball bat,کیا تصویر میں بیس بال کا بیٹ ہے؟,Kya tasveer mein baseball ka balla hai?
445574,COCO_val2014_000000445574.jpg,Is there a carrot in the image?,no,random,carrot,کیا تصویر میں گاجر ہے؟,Kya tasveer mein gajar hai?
445574,COCO_val2014_000000445574.jpg,Is there a fire hydrant in the image?,no,random,fire hydrant,کیا تصویر میں فائر ہائیڈرنٹ ہے؟,Kya tasveer mein fire hydrant hai?
445574,COCO_val2014_000000445574.jpg,Is there a teddy bear in the image?,no,random,teddy bear,کیا تصویر میں کوئی ٹیڈی بیر ہے؟,Kya tasveer mein teddy bear hai?
445574,COCO_val2014_000000445574.jpg,Is there a person in the image?,yes,popular,person,کیا تصویر میں کوئی شخص ہے؟,Kya tasveer mein insaan hai?
445574,COCO_val2014_000000445574.jpg,Is there a sports ball in the image?,yes,popular,sports ball,کیا تصویر میں کھیلوں کی گیند ہے؟,Kya tasveer mein khel ka gend hai?
445574,COCO_val2014_000000445574.jpg,Is there a baseball bat in the image?,yes,popular,baseball bat,کیا تصویر میں بیس بال کا بیٹ ہے؟,Kya tasveer mein baseball ka balla hai?
445574,COCO_val2014_000000445574.jpg,Is there a car in the image?,no,popular,car,کیا تصویر میں کوئی کار ہے؟,Kya tasveer mein gaari hai?
445574,COCO_val2014_000000445574.jpg,Is there a chair in the image?,no,popular,chair,کیا تصویر میں کرسی ہے؟,Kya tasveer mein kursi hai?
445574,COCO_val2014_000000445574.jpg,Is there a book in the image?,no,popular,book,کیا تصویر میں کوئی کتاب ہے؟,Kya tasveer mein kitaab hai?
445574,COCO_val2014_000000445574.jpg,Is there a sports ball in the image?,yes,adversarial,sports ball,کیا تصویر میں کھیلوں کی گیند ہے؟,Kya tasveer mein khel ka gend hai?
445574,COCO_val2014_000000445574.jpg,Is there a bench in the image?,yes,adversarial,bench,کیا تصویر میں کوئی بینچ ہے؟,Kya tasveer mein bench hai?
445574,COCO_val2014_000000445574.jpg,Is there a baseball bat in the image?,yes,adversarial,baseball bat,کیا تصویر میں بیس بال کا بیٹ ہے؟,Kya tasveer mein baseball ka balla hai?
445574,COCO_val2014_000000445574.jpg,Is there a car in the image?,no,adversarial,car,کیا تصویر میں کوئی کار ہے؟,Kya tasveer mein gaari hai?
445574,COCO_val2014_000000445574.jpg,Is there a chair in the image?,no,adversarial,chair,کیا تصویر میں کرسی ہے؟,Kya tasveer mein kursi hai?
445574,COCO_val2014_000000445574.jpg,Is there a book in the image?,no,adversarial,book,کیا تصویر میں کوئی کتاب ہے؟,Kya tasveer mein kitaab hai?
501898,COCO_val2014_000000501898.jpg,Is there a bottle in the image?,yes,random,bottle,کیا تصویر میں کوئی بوتل ہے؟,Kya tasveer mein botal hai?
501898,COCO_val2014_000000501898.jpg,Is there a person in the image?,yes,random,person,کیا تصویر میں کوئی شخص ہے؟,Kya tasveer mein insaan hai?
501898,COCO_val2014_000000501898.jpg,Is there a tennis racket in the image?,yes,random,tennis racket,کیا تصویر میں ٹینس ریکیٹ ہے؟,Kya tasveer mein tennis ka racket hai?
501898,COCO_val2014_000000501898.jpg,Is there a banana in the image?,no,random,banana,کیا تصویر میں کیلا ہے؟,Kya tasveer mein kela hai?
501898,COCO_val2014_000000501898.jpg,Is there a sink in the image?,no,random,sink,کیا تصویر میں کوئی سنک ہے؟,Kya tasveer mein sink hai?
501898,COCO_val2014_000000501898.jpg,Is there a toilet in the image?,no,random,toilet,کیا تصویر میں بیت الخلا ہے؟,Kya tasveer mein toilet hai?
501898,COCO_val2014_000000501898.jpg,Is there a tennis racket in the image?,yes,popular,tennis racket,کیا تصویر میں ٹینس ریکیٹ ہے؟,Kya tasveer mein tennis ka racket hai?
501898,COCO_val2014_000000501898.jpg,Is there a person in the image?,yes,popular,person,کیا تصویر میں کوئی شخص ہے؟,Kya tasveer mein insaan hai?
501898,COCO_val2014_000000501898.jpg,Is there a bench in the image?,yes,popular,bench,کیا تصویر میں کوئی بینچ ہے؟,Kya tasveer mein bench hai?
501898,COCO_val2014_000000501898.jpg,Is there a car in the image?,no,popular,car,کیا تصویر میں کوئی کار ہے؟,Kya tasveer mein gaari hai?
501898,COCO_val2014_000000501898.jpg,Is there a chair in the image?,no,popular,chair,کیا تصویر میں کرسی ہے؟,Kya tasveer mein kursi hai?
501898,COCO_val2014_000000501898.jpg,Is there a book in the image?,no,popular,book,کیا تصویر میں کوئی کتاب ہے؟,Kya tasveer mein kitaab hai?
501898,COCO_val2014_000000501898.jpg,Is there a bottle in the image?,yes,adversarial,bottle,کیا تصویر میں کوئی بوتل ہے؟,Kya tasveer mein botal hai?
501898,COCO_val2014_000000501898.jpg,Is there a sports ball in the image?,yes,adversarial,sports ball,کیا تصویر میں کھیلوں کی گیند ہے؟,Kya tasveer mein khel ka gend hai?
501898,COCO_val2014_000000501898.jpg,Is there a tennis racket in the image?,yes,adversarial,tennis racket,کیا تصویر میں ٹینس ریکیٹ ہے؟,Kya tasveer mein tennis ka racket hai?
501898,COCO_val2014_000000501898.jpg,Is there a car in the image?,no,adversarial,car,کیا تصویر میں کوئی کار ہے؟,Kya tasveer mein gaari hai?
501898,COCO_val2014_000000501898.jpg,Is there a chair in the image?,no,adversarial,chair,کیا تصویر میں کرسی ہے؟,Kya tasveer mein kursi hai?
501898,COCO_val2014_000000501898.jpg,Is there a book in the image?,no,adversarial,book,کیا تصویر میں کوئی کتاب ہے؟,Kya tasveer mein kitaab hai?
342165,COCO_val2014_000000342165.jpg,Is there a horse in the image?,yes,random,horse,کیا تصویر میں گھوڑا ہے؟,Kya tasveer mein ghora hai?
342165,COCO_val2014_000000342165.jpg,Is there a cow in the image?,yes,random,cow,کیا تصویر میں گائے ہے؟,Kya tasveer mein gaay hai?
342165,COCO_val2014_000000342165.jpg,Is there a person in the image?,yes,random,person,کیا تصویر میں کوئی شخص ہے؟,Kya tasveer mein insaan hai?
342165,COCO_val2014_000000342165.jpg,Is there a toilet in the image?,no,random,toilet,کیا تصویر میں بیت الخلا ہے؟,Kya tasveer mein toilet hai?
342165,COCO_val2014_000000342165.jpg,Is there a sheep in the image?,no,random,sheep,کیا تصویر میں بھیڑ ہے؟,Kya tasveer mein bhed hai?
342165,COCO_val2014_000000342165.jpg,Is there a microwave in the image?,no,random,microwave,کیا تصویر میں مائکروویو ہے؟,Kya tasveer mein microwave hai?
342165,COCO_val2014_000000342165.jpg,Is there a cow in the image?,yes,popular,cow,کیا تصویر میں گائے ہے؟,Kya tasveer mein gaay hai?
342165,COCO_val2014_000000342165.jpg,Is there a horse in the image?,yes,popular,horse,کیا تصویر میں گھوڑا ہے؟,Kya tasveer mein ghora hai?
342165,COCO_val2014_000000342165.jpg,Is there a person in the image?,yes,popular,person,کیا تصویر میں کوئی شخص ہے؟,Kya tasveer mein insaan hai?
342165,COCO_val2014_000000342165.jpg,Is there a car in the image?,no,popular,car,کیا تصویر میں کوئی کار ہے؟,Kya tasveer mein gaari hai?
342165,COCO_val2014_000000342165.jpg,Is there a chair in the image?,no,popular,chair,کیا تصویر میں کرسی ہے؟,Kya tasveer mein kursi hai?
342165,COCO_val2014_000000342165.jpg,Is there a book in the image?,no,popular,book,کیا تصویر میں کوئی کتاب ہے؟,Kya tasveer mein kitaab hai?
342165,COCO_val2014_000000342165.jpg,Is there a horse in the image?,yes,adversarial,horse,کیا تصویر میں گھوڑا ہے؟,Kya tasveer mein ghora hai?
342165,COCO_val2014_000000342165.jpg,Is there a cow in the image?,yes,adversarial,cow,کیا تصویر میں گائے ہے؟,Kya tasveer mein gaay hai?
342165,COCO_val2014_000000342165.jpg,Is there a person in the image?,yes,adversarial,person,کیا تصویر میں کوئی شخص ہے؟,Kya tasveer mein insaan hai?
342165,COCO_val2014_000000342165.jpg,Is there a car in the image?,no,adversarial,car,کیا تصویر میں کوئی کار ہے؟,Kya tasveer mein gaari hai?
342165,COCO_val2014_000000342165.jpg,Is there a chair in the image?,no,adversarial,chair,کیا تصویر میں کرسی ہے؟,Kya tasveer mein kursi hai?
342165,COCO_val2014_000000342165.jpg,Is there a book in the image?,no,adversarial,book,کیا تصویر میں کوئی کتاب ہے؟,Kya tasveer mein kitaab hai?
300403,COCO_val2014_000000300403.jpg,Is there a dining table in the image?,yes,random,dining table,کیا تصویر میں کھانے کی میز ہے؟,Kya tasveer mein khane ki mez hai?
300403,COCO_val2014_000000300403.jpg,Is there a fork in the image?,yes,random,fork,کیا تصویر میں کانٹا ہے؟,Kya tasveer mein kaanta hai?
300403,COCO_val2014_000000300403.jpg,Is there a person in the image?,yes,random,person,کیا تصویر میں کوئی شخص ہے؟,Kya tasveer mein insaan hai?
300403,COCO_val2014_000000300403.jpg,Is there a bicycle in the image?,no,random,bicycle,کیا تصویر میں کوئی سائیکل ہے؟,Kya tasveer mein cycle hai?
300403,COCO_val2014_000000300403.jpg,Is there a suitcase in the image?,no,random,suitcase,کیا تصویر میں کوئی سوٹ کیس ہے؟,Kya tasveer mein suitcase hai?
300403,COCO_val2014_000000300403.jpg,Is there a fire hydrant in the image?,no,random,fire hydrant,کیا تصویر میں فائر ہائیڈرنٹ ہے؟,Kya tasveer mein fire hydrant hai?
300403,COCO_val2014_000000300403.jpg,Is there a dining table in the image?,yes,popular,dining table,کیا تصویر میں کھانے کی میز ہے؟,Kya tasveer mein khane ki mez hai?
300403,COCO_val2014_000000300403.jpg,Is there a fork in the image?,yes,popular,fork,کیا تصویر میں کانٹا ہے؟,Kya tasveer mein kaanta hai?
300403,COCO_val2014_000000300403.jpg,Is there a person in the image?,yes,popular,person,کیا تصویر میں کوئی شخص ہے؟,Kya tasveer mein insaan hai?
300403,COCO_val2014_000000300403.jpg,Is there a car in the image?,no,popular,car,کیا تصویر میں کوئی کار ہے؟,Kya tasveer mein gaari hai?
300403,COCO_val2014_000000300403.jpg,Is there a chair in the image?,no,popular,chair,کیا تصویر میں کرسی ہے؟,Kya tasveer mein kursi hai?
300403,COCO_val2014_000000300403.jpg,Is there a book in the image?,no,popular,book,کیا تصویر میں کوئی کتاب ہے؟,Kya tasveer mein kitaab hai?
300403,COCO_val2014_000000300403.jpg,Is there a wine glass in the image?,yes,adversarial,wine glass,کیا تصویر میں شراب کا گلاس ہے؟,Kya tasveer mein gilaas hai?
300403,COCO_val2014_000000300403.jpg,Is there a dining table in the image?,yes,adversarial,dining table,کیا تصویر میں کھانے کی میز ہے؟,Kya tasveer mein khane ki mez hai?
300403,COCO_val2014_000000300403.jpg,Is there a bottle in the image?,yes,adversarial,bottle,کیا تصویر میں کوئی بوتل ہے؟,Kya tasveer mein botal hai?
300403,COCO_val2014_000000300403.jpg,Is there a car in the image?,no,adversarial,car,کیا تصویر میں کوئی کار ہے؟,Kya tasveer mein gaari hai?
300403,COCO_val2014_000000300403.jpg,Is there a chair in the image?,no,adversarial,chair,کیا تصویر میں کرسی ہے؟,Kya tasveer mein kursi hai?
300403,COCO_val2014_000000300403.jpg,Is there a book in the image?,no,adversarial,book,کیا تصویر میں کوئی کتاب ہے؟,Kya tasveer mein kitaab hai?
442761,COCO_val2014_000000442761.jpg,Is there a frisbee in the image?,yes,random,frisbee,کیا تصویر میں فریسبی ہے؟,Kya tasveer mein frisbee hai?
442761,COCO_val2014_000000442761.jpg,Is there a person in the image?,yes,random,person,کیا تصویر میں کوئی شخص ہے؟,Kya tasveer mein insaan hai?
442761,COCO_val2014_000000442761.jpg,Is there a dog in the image?,yes,random,dog,کیا تصویر میں کتا ہے؟,Kya tasveer mein kutta hai?
442761,COCO_val2014_000000442761.jpg,Is there a cake in the image?,no,random,cake,کیا تصویر میں کیک ہے؟,Kya tasveer mein cake hai?
442761,COCO_val2014_000000442761.jpg,Is there a umbrella in the image?,no,random,umbrella,کیا تصویر میں چھتری ہے؟,Kya tasveer mein chhatri hai?
442761,COCO_val2014_000000442761.jpg,Is there a cow in the image?,no,random,cow,کیا تصویر میں گائے ہے؟,Kya tasveer mein gaay hai?
442761,COCO_val2014_000000442761.jpg,Is there a dog in the image?,yes,popular,dog,کیا تصویر میں کتا ہے؟,Kya tasveer mein kutta hai?
442761,COCO_val2014_000000442761.jpg,Is there a frisbee in the image?,yes,popular,frisbee,کیا تصویر میں فریسبی ہے؟,Kya tasveer mein frisbee hai?
442761,COCO_val2014_000000442761.jpg,Is there a person in the image?,yes,popular,person,کیا تصویر میں کوئی شخص ہے؟,Kya tasveer mein insaan hai?
442761,COCO_val2014_000000442761.jpg,Is there a car in the image?,no,popular,car,کیا تصویر میں کوئی کار ہے؟,Kya tasveer mein gaari hai?
442761,COCO_val2014_000000442761.jpg,Is there a chair in the image?,no,popular,chair,کیا تصویر میں کرسی ہے؟,Kya tasveer mein kursi hai?
442761,COCO_val2014_000000442761.jpg,Is there a book in the image?,no,popular,book,کیا تصویر میں کوئی کتاب ہے؟,Kya tasveer mein kitaab hai?
442761,COCO_val2014_000000442761.jpg,Is there a frisbee in the image?,yes,adversarial,frisbee,کیا تصویر میں فریسبی ہے؟,Kya tasveer mein frisbee hai?
442761,COCO_val2014_000000442761.jpg,Is there a dog in the image?,yes,adversarial,dog,کیا تصویر میں کتا ہے؟,Kya tasveer mein kutta hai?
442761,COCO_val2014_000000442761.jpg,Is there a person in the image?,yes,adversarial,person,کیا تصویر میں کوئی شخص ہے؟,Kya tasveer mein insaan hai?
442761,COCO_val2014_000000442761.jpg,Is there a car in the image?,no,adversarial,car,کیا تصویر میں کوئی کار ہے؟,Kya tasveer mein gaari hai?
442761,COCO_val2014_000000442761.jpg,Is there a chair in the image?,no,adversarial,chair,کیا تصویر میں کرسی ہے؟,Kya tasveer mein kursi hai?
442761,COCO_val2014_000000442761.jpg,Is there a book in the image?,no,adversarial,book,کیا تصویر میں کوئی کتاب ہے؟,Kya tasveer mein kitaab hai?
200627,COCO_val2014_000000200627.jpg,Is there a broccoli in the image?,yes,random,broccoli,کیا تصویر میں بروکولی ہے؟,Kya tasveer mein broccoli hai?
200627,COCO_val2014_000000200627.jpg,Is there a book in the image?,yes,random,book,کیا تصویر میں کوئی کتاب ہے؟,Kya tasveer mein kitaab hai?
200627,COCO_val2014_000000200627.jpg,Is there a cup in the image?,yes,random,cup,کیا تصویر میں کپ ہے؟,Kya tasveer mein cup hai?
200627,COCO_val2014_000000200627.jpg,Is there a bowl in the image?,no,random,bowl,کیا تصویر میں ایک پیالہ ہے؟,Kya tasveer mein bowl hai?
200627,COCO_val2014_000000200627.jpg,Is there a cat in the image?,no,random,cat,کیا تصویر میں بلی ہے؟,Kya tasveer mein billi hai?
200627,COCO_val2014_000000200627.jpg,Is there a zebra in the image?,no,random,zebra,کیا تصویر میں زیبرا ہے؟,Kya tasveer mein zebra hai?
200627,COCO_val2014_000000200627.jpg,Is there a cup in the image?,yes,popular,cup,کیا تصویر میں کپ ہے؟,Kya tasveer mein cup hai?
200627,COCO_val2014_000000200627.jpg,Is there a broccoli in the image?,yes,popular,broccoli,کیا تصویر میں بروکولی ہے؟,Kya tasveer mein broccoli hai?
200627,COCO_val2014_000000200627.jpg,Is there a book in the image?,yes,popular,book,کیا تصویر میں کوئی کتاب ہے؟,Kya tasveer mein kitaab hai?
200627,COCO_val2014_000000200627.jpg,Is there a person in the image?,no,popular,person,کیا تصویر میں کوئی شخص ہے؟,Kya tasveer mein insaan hai?
200627,COCO_val2014_000000200627.jpg,Is there a car in the image?,no,popular,car,کیا تصویر میں کوئی کار ہے؟,Kya tasveer mein gaari hai?
200627,COCO_val2014_000000200627.jpg,Is there a chair in the image?,no,popular,chair,کیا تصویر میں کرسی ہے؟,Kya tasveer mein kursi hai?
200627,COCO_val2014_000000200627.jpg,Is there a cup in the image?,yes,adversarial,cup,کیا تصویر میں کپ ہے؟,Kya tasveer mein cup hai?
200627,COCO_val2014_000000200627.jpg,Is there a book in the image?,yes,adversarial,book,کیا تصویر میں کوئی کتاب ہے؟,Kya tasveer mein kitaab hai?
200627,COCO_val2014_000000200627.jpg,Is there a broccoli in the image?,yes,adversarial,broccoli,کیا تصویر میں بروکولی ہے؟,Kya tasveer mein broccoli hai?
200627,COCO_val2014_000000200627.jpg,Is there a person in the image?,no,adversarial,person,کیا تصویر میں کوئی شخص ہے؟,Kya tasveer mein insaan hai?
200627,COCO_val2014_000000200627.jpg,Is there a car in the image?,no,adversarial,car,کیا تصویر میں کوئی کار ہے؟,Kya tasveer mein gaari hai?
200627,COCO_val2014_000000200627.jpg,Is there a chair in the image?,no,adversarial,chair,کیا تصویر میں کرسی ہے؟,Kya tasveer mein kursi hai?
395644,COCO_val2014_000000395644.jpg,Is there a clock in the image?,yes,random,clock,کیا تصویر میں کوئی گھڑی ہے؟,Kya tasveer mein ghadi hai?
395644,COCO_val2014_000000395644.jpg,Is there a cat in the image?,yes,random,cat,کیا تصویر میں بلی ہے؟,Kya tasveer mein billi hai?
395644,COCO_val2014_000000395644.jpg,Is there a book in the image?,yes,random,book,کیا تصویر میں کوئی کتاب ہے؟,Kya tasveer mein kitaab hai?
395644,COCO_val2014_000000395644.jpg,Is there a sink in the image?,no,random,sink,کیا تصویر میں کوئی سنک ہے؟,Kya tasveer mein sink hai?
395644,COCO_val2014_000000395644.jpg,Is there a cake in the image?,no,random,cake,کیا تصویر میں کیک ہے؟,Kya tasveer mein cake hai?
395644,COCO_val2014_000000395644.jpg,Is there a toaster in the image?,no,random,toaster,کیا تصویر میں ٹوسٹر ہے؟,Kya tasveer mein toaster hai?
395644,COCO_val2014_000000395644.jpg,Is there a bed in the image?,yes,popular,bed,کیا تصویر میں کوئی بستر ہے؟,Kya tasveer mein bistar hai?
395644,COCO_val2014_000000395644.jpg,Is there a clock in the image?,yes,popular,clock,کیا تصویر میں کوئی گھڑی ہے؟,Kya tasveer mein ghadi hai?
395644,COCO_val2014_000000395644.jpg,Is there a book in the image?,yes,popular,book,کیا تصویر میں کوئی کتاب ہے؟,Kya tasveer mein kitaab hai?
395644,COCO_val2014_000000395644.jpg,Is there a person in the image?,no,popular,person,کیا تصویر میں کوئی شخص ہے؟,Kya tasveer mein insaan hai?
395644,COCO_val2014_000000395644.jpg,Is there a car in the image?,no,popular,car,کیا تصویر میں کوئی کار ہے؟,Kya tasveer mein gaari hai?
395644,COCO_val2014_000000395644.jpg,Is there a chair in the image?,no,popular,chair,کیا تصویر میں کرسی ہے؟,Kya tasveer mein kursi hai?
395644,COCO_val2014_000000395644.jpg,Is there a bed in the image?,yes,adversarial,bed,کیا تصویر میں کوئی بستر ہے؟,Kya tasveer mein bistar hai?
395644,COCO_val2014_000000395644.jpg,Is there a cat in the image?,yes,adversarial,cat,کیا تصویر میں بلی ہے؟,Kya tasveer mein billi hai?
395644,COCO_val2014_000000395644.jpg,Is there a clock in the image?,yes,adversarial,clock,کیا تصویر میں کوئی گھڑی ہے؟,Kya tasveer mein ghadi hai?
395644,COCO_val2014_000000395644.jpg,Is there a person in the image?,no,adversarial,person,کیا تصویر میں کوئی شخص ہے؟,Kya tasveer mein insaan hai?
395644,COCO_val2014_000000395644.jpg,Is there a car in the image?,no,adversarial,car,کیا تصویر میں کوئی کار ہے؟,Kya tasveer mein gaari hai?
395644,COCO_val2014_000000395644.jpg,Is there a chair in the image?,no,adversarial,chair,کیا تصویر میں کرسی ہے؟,Kya tasveer mein kursi hai?
167572,COCO_val2014_000000167572.jpg,Is there a orange in the image?,yes,random,orange,کیا تصویر میں نارنجی ہے؟,Kya tasveer mein santara hai?
167572,COCO_val2014_000000167572.jpg,Is there a cup in the image?,yes,random,cup,کیا تصویر میں کپ ہے؟,Kya tasveer mein cup hai?
167572,COCO_val2014_000000167572.jpg,Is there a sandwich in the image?,yes,random,sandwich,کیا تصویر میں کوئی سینڈوچ ہے؟,Kya tasveer mein sandwich hai?
167572,COCO_val2014_000000167572.jpg,Is there a cat in the image?,no,random,cat,کیا تصویر میں بلی ہے؟,Kya tasveer mein billi hai?
167572,COCO_val2014_000000167572.jpg,Is there a bus in the image?,no,random,bus,کیا تصویر میں بس ہے؟,Kya tasveer mein bus hai?
167572,COCO_val2014_000000167572.jpg,Is there a tv in the image?,no,random,tv,کیا تصویر میں ٹی وی ہے؟,Kya tasveer mein tv hai?
167572,COCO_val2014_000000167572.jpg,Is there a dining table in the image?,yes,popular,dining table,کیا تصویر میں کھانے کی میز ہے؟,Kya tasveer mein khane ki mez hai?
167572,COCO_val2014_000000167572.jpg,Is there a cup in the image?,yes,popular,cup,کیا تصویر میں کپ ہے؟,Kya tasveer mein cup hai?
167572,COCO_val2014_000000167572.jpg,Is there a person in the image?,yes,popular,person,کیا تصویر میں کوئی شخص ہے؟,Kya tasveer mein insaan hai?
167572,COCO_val2014_000000167572.jpg,Is there a car in the image?,no,popular,car,کیا تصویر میں کوئی کار ہے؟,Kya tasveer mein gaari hai?
167572,COCO_val2014_000000167572.jpg,Is there a book in the image?,no,popular,book,کیا تصویر میں کوئی کتاب ہے؟,Kya tasveer mein kitaab hai?
167572,COCO_val2014_000000167572.jpg,Is there a bottle in the image?,no,popular,bottle,کیا تصویر میں کوئی بوتل ہے؟,Kya tasveer mein botal hai?
167572,COCO_val2014_000000167572.jpg,Is there a person in the image?,yes,adversarial,person,کیا تصویر میں کوئی شخص ہے؟,Kya tasveer mein insaan hai?
167572,COCO_val2014_000000167572.jpg,Is there a bowl in the image?,yes,adversarial,bowl,کیا تصویر میں ایک پیالہ ہے؟,Kya tasveer mein bowl hai?
167572,COCO_val2014_000000167572.jpg,Is there a orange in the image?,yes,adversarial,orange,کیا تصویر میں نارنجی ہے؟,Kya tasveer mein santara hai?
167572,COCO_val2014_000000167572.jpg,Is there a car in the image?,no,adversarial,car,کیا تصویر میں کوئی کار ہے؟,Kya tasveer mein gaari hai?
167572,COCO_val2014_000000167572.jpg,Is there a book in the image?,no,adversarial,book,کیا تصویر میں کوئی کتاب ہے؟,Kya tasveer mein kitaab hai?
167572,COCO_val2014_000000167572.jpg,Is there a bottle in the image?,no,adversarial,bottle,کیا تصویر میں کوئی بوتل ہے؟,Kya tasveer mein botal hai?
7274,COCO_val2014_000000007274.jpg,Is there a fork in the image?,yes,random,fork,کیا تصویر میں کانٹا ہے؟,Kya tasveer mein kaanta hai?
7274,COCO_val2014_000000007274.jpg,Is there a chair in the image?,yes,random,chair,کیا تصویر میں کرسی ہے؟,Kya tasveer mein kursi hai?
7274,COCO_val2014_000000007274.jpg,Is there a spoon in the image?,yes,random,spoon,کیا تصویر میں چمچ ہے؟,Kya tasveer mein chamach hai?
7274,COCO_val2014_000000007274.jpg,Is there a sports ball in the image?,no,random,sports ball,کیا تصویر میں کھیلوں کی گیند ہے؟,Kya tasveer mein khel ka gend hai?
7274,COCO_val2014_000000007274.jpg,Is there a train in the image?,no,random,train,کیا تصویر میں ٹرین ہے؟,Kya tasveer mein train hai?
7274,COCO_val2014_000000007274.jpg,Is there a toilet in the image?,no,random,toilet,کیا تصویر میں بیت الخلا ہے؟,Kya tasveer mein toilet hai?
7274,COCO_val2014_000000007274.jpg,Is there a chair in the image?,yes,popular,chair,کیا تصویر میں کرسی ہے؟,Kya tasveer mein kursi hai?
7274,COCO_val2014_000000007274.jpg,Is there a person in the image?,yes,popular,person,کیا تصویر میں کوئی شخص ہے؟,Kya tasveer mein insaan hai?
7274,COCO_val2014_000000007274.jpg,Is there a bottle in the image?,yes,popular,bottle,کیا تصویر میں کوئی بوتل ہے؟,Kya tasveer mein botal hai?
7274,COCO_val2014_000000007274.jpg,Is there a car in the image?,no,popular,car,کیا تصویر میں کوئی کار ہے؟,Kya tasveer mein gaari hai?
7274,COCO_val2014_000000007274.jpg,Is there a book in the image?,no,popular,book,کیا تصویر میں کوئی کتاب ہے؟,Kya tasveer mein kitaab hai?
7274,COCO_val2014_000000007274.jpg,Is there a traffic light in the image?,no,popular,traffic light,کیا تصویر میں ٹریفک لائٹ ہے؟,Kya tasveer mein traffic signal hai?
7274,COCO_val2014_000000007274.jpg,Is there a fork in the image?,yes,adversarial,fork,کیا تصویر میں کانٹا ہے؟,Kya tasveer mein kaanta hai?
7274,COCO_val2014_000000007274.jpg,Is there a bowl in the image?,yes,adversarial,bowl,کیا تصویر میں ایک پیالہ ہے؟,Kya tasveer mein bowl hai?
7274,COCO_val2014_000000007274.jpg,Is there a pizza in the image?,yes,adversarial,pizza,کیا تصویر میں پیزا ہے؟,Kya tasveer mein pizza hai?
7274,COCO_val2014_000000007274.jpg,Is there a car in the image?,no,adversarial,car,کیا تصویر میں کوئی کار ہے؟,Kya tasveer mein gaari hai?
7274,COCO_val2014_000000007274.jpg,Is there a book in the image?,no,adversarial,book,کیا تصویر میں کوئی کتاب ہے؟,Kya tasveer mein kitaab hai?
7274,COCO_val2014_000000007274.jpg,Is there a traffic light in the image?,no,adversarial,traffic light,کیا تصویر میں ٹریفک لائٹ ہے؟,Kya tasveer mein traffic signal hai?
262016,COCO_val2014_000000262016.jpg,Is there a person in the image?,yes,random,person,کیا تصویر میں کوئی شخص ہے؟,Kya tasveer mein insaan hai?
262016,COCO_val2014_000000262016.jpg,Is there a tv in the image?,yes,random,tv,کیا تصویر میں ٹی وی ہے؟,Kya tasveer mein tv hai?
262016,COCO_val2014_000000262016.jpg,Is there a oven in the image?,yes,random,oven,کیا تصویر میں تندور ہے؟,Kya tasveer mein oven hai?
262016,COCO_val2014_000000262016.jpg,Is there a snowboard in the image?,no,random,snowboard,کیا تصویر میں سنو بورڈ ہے؟,Kya tasveer mein snowboard hai?
262016,COCO_val2014_000000262016.jpg,Is there a bottle in the image?,no,random,bottle,کیا تصویر میں کوئی بوتل ہے؟,Kya tasveer mein botal hai?
262016,COCO_val2014_000000262016.jpg,Is there a cow in the image?,no,random,cow,کیا تصویر میں گائے ہے؟,Kya tasveer mein gaay hai?
262016,COCO_val2014_000000262016.jpg,Is there a oven in the image?,yes,popular,oven,کیا تصویر میں تندور ہے؟,Kya tasveer mein oven hai?
262016,COCO_val2014_000000262016.jpg,Is there a person in the image?,yes,popular,person,کیا تصویر میں کوئی شخص ہے؟,Kya tasveer mein insaan hai?
262016,COCO_val2014_000000262016.jpg,Is there a tv in the image?,yes,popular,tv,کیا تصویر میں ٹی وی ہے؟,Kya tasveer mein tv hai?
262016,COCO_val2014_000000262016.jpg,Is there a car in the image?,no,popular,car,کیا تصویر میں کوئی کار ہے؟,Kya tasveer mein gaari hai?
262016,COCO_val2014_000000262016.jpg,Is there a chair in the image?,no,popular,chair,کیا تصویر میں کرسی ہے؟,Kya tasveer mein kursi hai?
262016,COCO_val2014_000000262016.jpg,Is there a book in the image?,no,popular,book,کیا تصویر میں کوئی کتاب ہے؟,Kya tasveer mein kitaab hai?
262016,COCO_val2014_000000262016.jpg,Is there a tv in the image?,yes,adversarial,tv,کیا تصویر میں ٹی وی ہے؟,Kya tasveer mein tv hai?
262016,COCO_val2014_000000262016.jpg,Is there a oven in the image?,yes,adversarial,oven,کیا تصویر میں تندور ہے؟,Kya tasveer mein oven hai?
262016,COCO_val2014_000000262016.jpg,Is there a person in the image?,yes,adversarial,person,کیا تصویر میں کوئی شخص ہے؟,Kya tasveer mein insaan hai?
262016,COCO_val2014_000000262016.jpg,Is there a car in the image?,no,adversarial,car,کیا تصویر میں کوئی کار ہے؟,Kya tasveer mein gaari hai?
262016,COCO_val2014_000000262016.jpg,Is there a chair in the image?,no,adversarial,chair,کیا تصویر میں کرسی ہے؟,Kya tasveer mein kursi hai?
262016,COCO_val2014_000000262016.jpg,Is there a book in the image?,no,adversarial,book,کیا تصویر میں کوئی کتاب ہے؟,Kya tasveer mein kitaab hai?
501491,COCO_val2014_000000501491.jpg,Is there a cup in the image?,yes,random,cup,کیا تصویر میں کپ ہے؟,Kya tasveer mein cup hai?
501491,COCO_val2014_000000501491.jpg,Is there a bowl in the image?,yes,random,bowl,کیا تصویر میں ایک پیالہ ہے؟,Kya tasveer mein bowl hai?
501491,COCO_val2014_000000501491.jpg,Is there a person in the image?,yes,random,person,کیا تصویر میں کوئی شخص ہے؟,Kya tasveer mein insaan hai?
501491,COCO_val2014_000000501491.jpg,Is there a toilet in the image?,no,random,toilet,کیا تصویر میں بیت الخلا ہے؟,Kya tasveer mein toilet hai?
501491,COCO_val2014_000000501491.jpg,Is there a hair drier in the image?,no,random,hair drier,کیا تصویر میں ہیئر ڈرائر ہے؟,Kya tasveer mein hair drier hai?
501491,COCO_val2014_000000501491.jpg,Is there a toaster in the image?,no,random,toaster,کیا تصویر میں ٹوسٹر ہے؟,Kya tasveer mein toaster hai?
501491,COCO_val2014_000000501491.jpg,Is there a dining table in the image?,yes,popular,dining table,کیا تصویر میں کھانے کی میز ہے؟,Kya tasveer mein khane ki mez hai?
501491,COCO_val2014_000000501491.jpg,Is there a cake in the image?,yes,popular,cake,کیا تصویر میں کیک ہے؟,Kya tasveer mein cake hai?
501491,COCO_val2014_000000501491.jpg,Is there a knife in the image?,yes,popular,knife,کیا تصویر میں چاقو ہے؟,Kya tasveer mein churi hai?
501491,COCO_val2014_000000501491.jpg,Is there a car in the image?,no,popular,car,کیا تصویر میں کوئی کار ہے؟,Kya tasveer mein gaari hai?
501491,COCO_val2014_000000501491.jpg,Is there a chair in the image?,no,popular,chair,کیا تصویر میں کرسی ہے؟,Kya tasveer mein kursi hai?
501491,COCO_val2014_000000501491.jpg,Is there a book in the image?,no,popular,book,کیا تصویر میں کوئی کتاب ہے؟,Kya tasveer mein kitaab hai?
501491,COCO_val2014_000000501491.jpg,Is there a bowl in the image?,yes,adversarial,bowl,کیا تصویر میں ایک پیالہ ہے؟,Kya tasveer mein bowl hai?
501491,COCO_val2014_000000501491.jpg,Is there a cup in the image?,yes,adversarial,cup,کیا تصویر میں کپ ہے؟,Kya tasveer mein cup hai?
501491,COCO_val2014_000000501491.jpg,Is there a cake in the image?,yes,adversarial,cake,کیا تصویر میں کیک ہے؟,Kya tasveer mein cake hai?
501491,COCO_val2014_000000501491.jpg,Is there a car in the image?,no,adversarial,car,کیا تصویر میں کوئی کار ہے؟,Kya tasveer mein gaari hai?
501491,COCO_val2014_000000501491.jpg,Is there a chair in the image?,no,adversarial,chair,کیا تصویر میں کرسی ہے؟,Kya tasveer mein kursi hai?
501491,COCO_val2014_000000501491.jpg,Is there a book in the image?,no,adversarial,book,کیا تصویر میں کوئی کتاب ہے؟,Kya tasveer mein kitaab hai?
233711,COCO_val2014_000000233711.jpg,Is there a stop sign in the image?,yes,random,stop sign,کیا تصویر میں سٹاپ کا نشان ہے؟,Kya tasveer mein stop sign hai?
233711,COCO_val2014_000000233711.jpg,Is there a car in the image?,yes,random,car,کیا تصویر میں کوئی کار ہے؟,Kya tasveer mein gaari hai?
233711,COCO_val2014_000000233711.jpg,Is there a person in the image?,yes,random,person,کیا تصویر میں کوئی شخص ہے؟,Kya tasveer mein insaan hai?
233711,COCO_val2014_000000233711.jpg,Is there a fork in the image?,no,random,fork,کیا تصویر میں کانٹا ہے؟,Kya tasveer mein kaanta hai?
233711,COCO_val2014_000000233711.jpg,Is there a hot dog in the image?,no,random,hot dog,کیا تصویر میں کوئی ہاٹ ڈاگ ہے؟,Kya tasveer mein hot dog hai?
233711,COCO_val2014_000000233711.jpg,Is there a tie in the image?,no,random,tie,کیا تصویر میں ٹائی ہے؟,Kya tasveer mein tie hai?
233711,COCO_val2014_000000233711.jpg,Is there a stop sign in the image?,yes,popular,stop sign,کیا تصویر میں سٹاپ کا نشان ہے؟,Kya tasveer mein stop sign hai?
233711,COCO_val2014_000000233711.jpg,Is there a person in the image?,yes,popular,person,کیا تصویر میں کوئی شخص ہے؟,Kya tasveer mein insaan hai?
233711,COCO_val2014_000000233711.jpg,Is there a fire hydrant in the image?,yes,popular,fire hydrant,کیا تصویر میں فائر ہائیڈرنٹ ہے؟,Kya tasveer mein fire hydrant hai?
233711,COCO_val2014_000000233711.jpg,Is there a chair in the image?,no,popular,chair,کیا تصویر میں کرسی ہے؟,Kya tasveer mein kursi hai?
233711,COCO_val2014_000000233711.jpg,Is there a book in the image?,no,popular,book,کیا تصویر میں کوئی کتاب ہے؟,Kya tasveer mein kitaab hai?
233711,COCO_val2014_000000233711.jpg,Is there a bottle in the image?,no,popular,bottle,کیا تصویر میں کوئی بوتل ہے؟,Kya tasveer mein botal hai?
233711,COCO_val2014_000000233711.jpg,Is there a fire hydrant in the image?,yes,adversarial,fire hydrant,کیا تصویر میں فائر ہائیڈرنٹ ہے؟,Kya tasveer mein fire hydrant hai?
233711,COCO_val2014_000000233711.jpg,Is there a stop sign in the image?,yes,adversarial,stop sign,کیا تصویر میں سٹاپ کا نشان ہے؟,Kya tasveer mein stop sign hai?
233711,COCO_val2014_000000233711.jpg,Is there a person in the image?,yes,adversarial,person,کیا تصویر میں کوئی شخص ہے؟,Kya tasveer mein insaan hai?
233711,COCO_val2014_000000233711.jpg,Is there a chair in the image?,no,adversarial,chair,کیا تصویر میں کرسی ہے؟,Kya tasveer mein kursi hai?
233711,COCO_val2014_000000233711.jpg,Is there a book in the image?,no,adversarial,book,کیا تصویر میں کوئی کتاب ہے؟,Kya tasveer mein kitaab hai?
233711,COCO_val2014_000000233711.jpg,Is there a bottle in the image?,no,adversarial,bottle,کیا تصویر میں کوئی بوتل ہے؟,Kya tasveer mein botal hai?
422025,COCO_val2014_000000422025.jpg,Is there a truck in the image?,yes,random,truck,کیا تصویر میں کوئی ٹرک ہے؟,Kya tasveer mein truck hai?
422025,COCO_val2014_000000422025.jpg,Is there a person in the image?,yes,random,person,کیا تصویر میں کوئی شخص ہے؟,Kya tasveer mein insaan hai?
422025,COCO_val2014_000000422025.jpg,Is there a frisbee in the image?,yes,random,frisbee,کیا تصویر میں فریسبی ہے؟,Kya tasveer mein frisbee hai?
422025,COCO_val2014_000000422025.jpg,Is there a couch in the image?,no,random,couch,کیا تصویر میں صوفہ ہے؟,Kya tasveer mein sofa hai?
422025,COCO_val2014_000000422025.jpg,Is there a vase in the image?,no,random,vase,کیا تصویر میں گلدان ہے؟,Kya tasveer mein phool daani hai?
422025,COCO_val2014_000000422025.jpg,Is there a sink in the image?,no,random,sink,کیا تصویر میں کوئی سنک ہے؟,Kya tasveer mein sink hai?
422025,COCO_val2014_000000422025.jpg,Is there a frisbee in the image?,yes,popular,frisbee,کیا تصویر میں فریسبی ہے؟,Kya tasveer mein frisbee hai?
422025,COCO_val2014_000000422025.jpg,Is there a truck in the image?,yes,popular,truck,کیا تصویر میں کوئی ٹرک ہے؟,Kya tasveer mein truck hai?
422025,COCO_val2014_000000422025.jpg,Is there a person in the image?,yes,popular,person,کیا تصویر میں کوئی شخص ہے؟,Kya tasveer mein insaan hai?
422025,COCO_val2014_000000422025.jpg,Is there a car in the image?,no,popular,car,کیا تصویر میں کوئی کار ہے؟,Kya tasveer mein gaari hai?
422025,COCO_val2014_000000422025.jpg,Is there a book in the image?,no,popular,book,کیا تصویر میں کوئی کتاب ہے؟,Kya tasveer mein kitaab hai?
422025,COCO_val2014_000000422025.jpg,Is there a bottle in the image?,no,popular,bottle,کیا تصویر میں کوئی بوتل ہے؟,Kya tasveer mein botal hai?
422025,COCO_val2014_000000422025.jpg,Is there a chair in the image?,yes,adversarial,chair,کیا تصویر میں کرسی ہے؟,Kya tasveer mein kursi hai?
422025,COCO_val2014_000000422025.jpg,Is there a person in the image?,yes,adversarial,person,کیا تصویر میں کوئی شخص ہے؟,Kya tasveer mein insaan hai?
422025,COCO_val2014_000000422025.jpg,Is there a frisbee in the image?,yes,adversarial,frisbee,کیا تصویر میں فریسبی ہے؟,Kya tasveer mein frisbee hai?
422025,COCO_val2014_000000422025.jpg,Is there a car in the image?,no,adversarial,car,کیا تصویر میں کوئی کار ہے؟,Kya tasveer mein gaari hai?
422025,COCO_val2014_000000422025.jpg,Is there a book in the image?,no,adversarial,book,کیا تصویر میں کوئی کتاب ہے؟,Kya tasveer mein kitaab hai?
422025,COCO_val2014_000000422025.jpg,Is there a bottle in the image?,no,adversarial,bottle,کیا تصویر میں کوئی بوتل ہے؟,Kya tasveer mein botal hai?
150224,COCO_val2014_000000150224.jpg,Is there a umbrella in the image?,yes,random,umbrella,کیا تصویر میں چھتری ہے؟,Kya tasveer mein chhatri hai?
150224,COCO_val2014_000000150224.jpg,Is there a chair in the image?,yes,random,chair,کیا تصویر میں کرسی ہے؟,Kya tasveer mein kursi hai?
150224,COCO_val2014_000000150224.jpg,Is there a person in the image?,yes,random,person,کیا تصویر میں کوئی شخص ہے؟,Kya tasveer mein insaan hai?
150224,COCO_val2014_000000150224.jpg,Is there a parking meter in the image?,no,random,parking meter,کیا تصویر میں پارکنگ میٹر ہے؟,Kya tasveer mein parking meter hai?
150224,COCO_val2014_000000150224.jpg,Is there a book in the image?,no,random,book,کیا تصویر میں کوئی کتاب ہے؟,Kya tasveer mein kitaab hai?
150224,COCO_val2014_000000150224.jpg,Is there a suitcase in the image?,no,random,suitcase,کیا تصویر میں کوئی سوٹ کیس ہے؟,Kya tasveer mein suitcase hai?
150224,COCO_val2014_000000150224.jpg,Is there a umbrella in the image?,yes,popular,umbrella,کیا تصویر میں چھتری ہے؟,Kya tasveer mein chhatri hai?
150224,COCO_val2014_000000150224.jpg,Is there a backpack in the image?,yes,popular,backpack,کیا تصویر میں کوئی بیگ ہے؟,Kya tasveer mein bag hai?
150224,COCO_val2014_000000150224.jpg,Is there a person in the image?,yes,popular,person,کیا تصویر میں کوئی شخص ہے؟,Kya tasveer mein insaan hai?
150224,COCO_val2014_000000150224.jpg,Is there a car in the image?,no,popular,car,کیا تصویر میں کوئی کار ہے؟,Kya tasveer mein gaari hai?
150224,COCO_val2014_000000150224.jpg,Is there a book in the image?,no,popular,book,کیا تصویر میں کوئی کتاب ہے؟,Kya tasveer mein kitaab hai?
150224,COCO_val2014_000000150224.jpg,Is there a bottle in the image?,no,popular,bottle,کیا تصویر میں کوئی بوتل ہے؟,Kya tasveer mein botal hai?
150224,COCO_val2014_000000150224.jpg,Is there a handbag in the image?,yes,adversarial,handbag,کیا تصویر میں ہینڈ بیگ ہے؟,Kya tasveer mein handbag hai?
150224,COCO_val2014_000000150224.jpg,Is there a umbrella in the image?,yes,adversarial,umbrella,کیا تصویر میں چھتری ہے؟,Kya tasveer mein chhatri hai?
150224,COCO_val2014_000000150224.jpg,Is there a chair in the image?,yes,adversarial,chair,کیا تصویر میں کرسی ہے؟,Kya tasveer mein kursi hai?
150224,COCO_val2014_000000150224.jpg,Is there a car in the image?,no,adversarial,car,کیا تصویر میں کوئی کار ہے؟,Kya tasveer mein gaari hai?
150224,COCO_val2014_000000150224.jpg,Is there a book in the image?,no,adversarial,book,کیا تصویر میں کوئی کتاب ہے؟,Kya tasveer mein kitaab hai?
150224,COCO_val2014_000000150224.jpg,Is there a bottle in the image?,no,adversarial,bottle,کیا تصویر میں کوئی بوتل ہے؟,Kya tasveer mein botal hai?
3156,COCO_val2014_000000003156.jpg,Is there a person in the image?,yes,random,person,کیا تصویر میں کوئی شخص ہے؟,Kya tasveer mein insaan hai?
3156,COCO_val2014_000000003156.jpg,Is there a sink in the image?,yes,random,sink,کیا تصویر میں کوئی سنک ہے؟,Kya tasveer mein sink hai?
3156,COCO_val2014_000000003156.jpg,Is there a toilet in the image?,yes,random,toilet,کیا تصویر میں بیت الخلا ہے؟,Kya tasveer mein toilet hai?
3156,COCO_val2014_000000003156.jpg,Is there a tie in the image?,no,random,tie,کیا تصویر میں ٹائی ہے؟,Kya tasveer mein tie hai?
3156,COCO_val2014_000000003156.jpg,Is there a knife in the image?,no,random,knife,کیا تصویر میں چاقو ہے؟,Kya tasveer mein churi hai?
3156,COCO_val2014_000000003156.jpg,Is there a bottle in the image?,no,random,bottle,کیا تصویر میں کوئی بوتل ہے؟,Kya tasveer mein botal hai?
3156,COCO_val2014_000000003156.jpg,Is there a person in the image?,yes,popular,person,کیا تصویر میں کوئی شخص ہے؟,Kya tasveer mein insaan hai?
3156,COCO_val2014_000000003156.jpg,Is there a sink in the image?,yes,popular,sink,کیا تصویر میں کوئی سنک ہے؟,Kya tasveer mein sink hai?
3156,COCO_val2014_000000003156.jpg,Is there a toilet in the image?,yes,popular,toilet,کیا تصویر میں بیت الخلا ہے؟,Kya tasveer mein toilet hai?
3156,COCO_val2014_000000003156.jpg,Is there a car in the image?,no,popular,car,کیا تصویر میں کوئی کار ہے؟,Kya tasveer mein gaari hai?
3156,COCO_val2014_000000003156.jpg,Is there a chair in the image?,no,popular,chair,کیا تصویر میں کرسی ہے؟,Kya tasveer mein kursi hai?
3156,COCO_val2014_000000003156.jpg,Is there a book in the image?,no,popular,book,کیا تصویر میں کوئی کتاب ہے؟,Kya tasveer mein kitaab hai?
3156,COCO_val2014_000000003156.jpg,Is there a sink in the image?,yes,adversarial,sink,کیا تصویر میں کوئی سنک ہے؟,Kya tasveer mein sink hai?
3156,COCO_val2014_000000003156.jpg,Is there a person in the image?,yes,adversarial,person,کیا تصویر میں کوئی شخص ہے؟,Kya tasveer mein insaan hai?
3156,COCO_val2014_000000003156.jpg,Is there a toilet in the image?,yes,adversarial,toilet,کیا تصویر میں بیت الخلا ہے؟,Kya tasveer mein toilet hai?
3156,COCO_val2014_000000003156.jpg,Is there a car in the image?,no,adversarial,car,کیا تصویر میں کوئی کار ہے؟,Kya tasveer mein gaari hai?
3156,COCO_val2014_000000003156.jpg,Is there a chair in the image?,no,adversarial,chair,کیا تصویر میں کرسی ہے؟,Kya tasveer mein kursi hai?
3156,COCO_val2014_000000003156.jpg,Is there a book in the image?,no,adversarial,book,کیا تصویر میں کوئی کتاب ہے؟,Kya tasveer mein kitaab hai?
208793,COCO_val2014_000000208793.jpg,Is there a person in the image?,yes,random,person,کیا تصویر میں کوئی شخص ہے؟,Kya tasveer mein insaan hai?
208793,COCO_val2014_000000208793.jpg,Is there a chair in the image?,yes,random,chair,کیا تصویر میں کرسی ہے؟,Kya tasveer mein kursi hai?
208793,COCO_val2014_000000208793.jpg,Is there a sandwich in the image?,yes,random,sandwich,کیا تصویر میں کوئی سینڈوچ ہے؟,Kya tasveer mein sandwich hai?
208793,COCO_val2014_000000208793.jpg,Is there a sports ball in the image?,no,random,sports ball,کیا تصویر میں کھیلوں کی گیند ہے؟,Kya tasveer mein khel ka gend hai?
208793,COCO_val2014_000000208793.jpg,Is there a vase in the image?,no,random,vase,کیا تصویر میں گلدان ہے؟,Kya tasveer mein phool daani hai?
208793,COCO_val2014_000000208793.jpg,Is there a knife in the image?,no,random,knife,کیا تصویر میں چاقو ہے؟,Kya tasveer mein churi hai?
208793,COCO_val2014_000000208793.jpg,Is there a cell phone in the image?,yes,popular,cell phone,کیا تصویر میں سیل فون ہے؟,Kya tasveer mein mobile hai?
208793,COCO_val2014_000000208793.jpg,Is there a sandwich in the image?,yes,popular,sandwich,کیا تصویر میں کوئی سینڈوچ ہے؟,Kya tasveer mein sandwich hai?
208793,COCO_val2014_000000208793.jpg,Is there a person in the image?,yes,popular,person,کیا تصویر میں کوئی شخص ہے؟,Kya tasveer mein insaan hai?
208793,COCO_val2014_000000208793.jpg,Is there a book in the image?,no,popular,book,کیا تصویر میں کوئی کتاب ہے؟,Kya tasveer mein kitaab hai?
208793,COCO_val2014_000000208793.jpg,Is there a bottle in the image?,no,popular,bottle,کیا تصویر میں کوئی بوتل ہے؟,Kya tasveer mein botal hai?
208793,COCO_val2014_000000208793.jpg,Is there a cup in the image?,no,popular,cup,کیا تصویر میں کپ ہے؟,Kya tasveer mein cup hai?
208793,COCO_val2014_000000208793.jpg,Is there a chair in the image?,yes,adversarial,chair,کیا تصویر میں کرسی ہے؟,Kya tasveer mein kursi hai?
208793,COCO_val2014_000000208793.jpg,Is there a cell phone in the image?,yes,adversarial,cell phone,کیا تصویر میں سیل فون ہے؟,Kya tasveer mein mobile hai?
208793,COCO_val2014_000000208793.jpg,Is there a person in the image?,yes,adversarial,person,کیا تصویر میں کوئی شخص ہے؟,Kya tasveer mein insaan hai?
208793,COCO_val2014_000000208793.jpg,Is there a book in the image?,no,adversarial,book,کیا تصویر میں کوئی کتاب ہے؟,Kya tasveer mein kitaab hai?
208793,COCO_val2014_000000208793.jpg,Is there a bottle in the image?,no,adversarial,bottle,کیا تصویر میں کوئی بوتل ہے؟,Kya tasveer mein botal hai?
208793,COCO_val2014_000000208793.jpg,Is there a cup in the image?,no,adversarial,cup,کیا تصویر میں کپ ہے؟,Kya tasveer mein cup hai?
327892,COCO_val2014_000000327892.jpg,Is there a cell phone in the image?,yes,random,cell phone,کیا تصویر میں سیل فون ہے؟,Kya tasveer mein mobile hai?
327892,COCO_val2014_000000327892.jpg,Is there a bottle in the image?,yes,random,bottle,کیا تصویر میں کوئی بوتل ہے؟,Kya tasveer mein botal hai?
327892,COCO_val2014_000000327892.jpg,Is there a cup in the image?,yes,random,cup,کیا تصویر میں کپ ہے؟,Kya tasveer mein cup hai?
327892,COCO_val2014_000000327892.jpg,Is there a tv in the image?,no,random,tv,کیا تصویر میں ٹی وی ہے؟,Kya tasveer mein tv hai?
327892,COCO_val2014_000000327892.jpg,Is there a bench in the image?,no,random,bench,کیا تصویر میں کوئی بینچ ہے؟,Kya tasveer mein bench hai?
327892,COCO_val2014_000000327892.jpg,Is there a mouse in the image?,no,random,mouse,کیا تصویر میں کوئی چوہا ہے؟,Kya tasveer mein mouse hai?
327892,COCO_val2014_000000327892.jpg,Is there a cell phone in the image?,yes,popular,cell phone,کیا تصویر میں سیل فون ہے؟,Kya tasveer mein mobile hai?
327892,COCO_val2014_000000327892.jpg,Is there a keyboard in the image?,yes,popular,keyboard,کیا تصویر میں کی بورڈ ہے؟,Kya tasveer mein keyboard hai?
327892,COCO_val2014_000000327892.jpg,Is there a bottle in the image?,yes,popular,bottle,کیا تصویر میں کوئی بوتل ہے؟,Kya tasveer mein botal hai?
327892,COCO_val2014_000000327892.jpg,Is there a car in the image?,no,popular,car,کیا تصویر میں کوئی کار ہے؟,Kya tasveer mein gaari hai?
327892,COCO_val2014_000000327892.jpg,Is there a chair in the image?,no,popular,chair,کیا تصویر میں کرسی ہے؟,Kya tasveer mein kursi hai?
327892,COCO_val2014_000000327892.jpg,Is there a book in the image?,no,popular,book,کیا تصویر میں کوئی کتاب ہے؟,Kya tasveer mein kitaab hai?
327892,COCO_val2014_000000327892.jpg,Is there a cell phone in the image?,yes,adversarial,cell phone,کیا تصویر میں سیل فون ہے؟,Kya tasveer mein mobile hai?
327892,COCO_val2014_000000327892.jpg,Is there a cup in the image?,yes,adversarial,cup,کیا تصویر میں کپ ہے؟,Kya tasveer mein cup hai?
327892,COCO_val2014_000000327892.jpg,Is there a person in the image?,yes,adversarial,person,کیا تصویر میں کوئی شخص ہے؟,Kya tasveer mein insaan hai?
327892,COCO_val2014_000000327892.jpg,Is there a car in the image?,no,adversarial,car,کیا تصویر میں کوئی کار ہے؟,Kya tasveer mein gaari hai?
327892,COCO_val2014_000000327892.jpg,Is there a chair in the image?,no,adversarial,chair,کیا تصویر میں کرسی ہے؟,Kya tasveer mein kursi hai?
327892,COCO_val2014_000000327892.jpg,Is there a book in the image?,no,adversarial,book,کیا تصویر میں کوئی کتاب ہے؟,Kya tasveer mein kitaab hai?
99115,COCO_val2014_000000099115.jpg,Is there a bottle in the image?,yes,random,bottle,کیا تصویر میں کوئی بوتل ہے؟,Kya tasveer mein botal hai?
99115,COCO_val2014_000000099115.jpg,Is there a cup in the image?,yes,random,cup,کیا تصویر میں کپ ہے؟,Kya tasveer mein cup hai?
99115,COCO_val2014_000000099115.jpg,Is there a bowl in the image?,yes,random,bowl,کیا تصویر میں ایک پیالہ ہے؟,Kya tasveer mein bowl hai?
99115,COCO_val2014_000000099115.jpg,Is there a car in the image?,no,random,car,کیا تصویر میں کوئی کار ہے؟,Kya tasveer mein gaari hai?
99115,COCO_val2014_000000099115.jpg,Is there a kite in the image?,no,random,kite,کیا تصویر میں پتنگ ہے؟,Kya tasveer mein patang hai?
99115,COCO_val2014_000000099115.jpg,Is there a scissors in the image?,no,random,scissors,کیا تصویر میں قینچی ہے؟,Kya tasveer mein qainchi hai?
99115,COCO_val2014_000000099115.jpg,Is there a bottle in the image?,yes,popular,bottle,کیا تصویر میں کوئی بوتل ہے؟,Kya tasveer mein botal hai?
99115,COCO_val2014_000000099115.jpg,Is there a bowl in the image?,yes,popular,bowl,کیا تصویر میں ایک پیالہ ہے؟,Kya tasveer mein bowl hai?
99115,COCO_val2014_000000099115.jpg,Is there a spoon in the image?,yes,popular,spoon,کیا تصویر میں چمچ ہے؟,Kya tasveer mein chamach hai?
99115,COCO_val2014_000000099115.jpg,Is there a person in the image?,no,popular,person,کیا تصویر میں کوئی شخص ہے؟,Kya tasveer mein insaan hai?
99115,COCO_val2014_000000099115.jpg,Is there a car in the image?,no,popular,car,کیا تصویر میں کوئی کار ہے؟,Kya tasveer mein gaari hai?
99115,COCO_val2014_000000099115.jpg,Is there a chair in the image?,no,popular,chair,کیا تصویر میں کرسی ہے؟,Kya tasveer mein kursi hai?
99115,COCO_val2014_000000099115.jpg,Is there a fork in the image?,yes,adversarial,fork,کیا تصویر میں کانٹا ہے؟,Kya tasveer mein kaanta hai?
99115,COCO_val2014_000000099115.jpg,Is there a cup in the image?,yes,adversarial,cup,کیا تصویر میں کپ ہے؟,Kya tasveer mein cup hai?
99115,COCO_val2014_000000099115.jpg,Is there a bottle in the image?,yes,adversarial,bottle,کیا تصویر میں کوئی بوتل ہے؟,Kya tasveer mein botal hai?
99115,COCO_val2014_000000099115.jpg,Is there a person in the image?,no,adversarial,person,کیا تصویر میں کوئی شخص ہے؟,Kya tasveer mein insaan hai?
99115,COCO_val2014_000000099115.jpg,Is there a car in the image?,no,adversarial,car,کیا تصویر میں کوئی کار ہے؟,Kya tasveer mein gaari hai?
99115,COCO_val2014_000000099115.jpg,Is there a chair in the image?,no,adversarial,chair,کیا تصویر میں کرسی ہے؟,Kya tasveer mein kursi hai?
119516,COCO_val2014_000000119516.jpg,Is there a cell phone in the image?,yes,random,cell phone,کیا تصویر میں سیل فون ہے؟,Kya tasveer mein mobile hai?
119516,COCO_val2014_000000119516.jpg,Is there a person in the image?,yes,random,person,کیا تصویر میں کوئی شخص ہے؟,Kya tasveer mein insaan hai?
119516,COCO_val2014_000000119516.jpg,Is there a traffic light in the image?,yes,random,traffic light,کیا تصویر میں ٹریفک لائٹ ہے؟,Kya tasveer mein traffic signal hai?
119516,COCO_val2014_000000119516.jpg,Is there a hair drier in the image?,no,random,hair drier,کیا تصویر میں ہیئر ڈرائر ہے؟,Kya tasveer mein hair drier hai?
119516,COCO_val2014_000000119516.jpg,Is there a skateboard in the image?,no,random,skateboard,کیا تصویر میں اسکیٹ بورڈ ہے؟,Kya tasveer mein skateboard hai?
119516,COCO_val2014_000000119516.jpg,Is there a oven in the image?,no,random,oven,کیا تصویر میں تندور ہے؟,Kya tasveer mein oven hai?
119516,COCO_val2014_000000119516.jpg,Is there a bicycle in the image?,yes,popular,bicycle,کیا تصویر میں کوئی سائیکل ہے؟,Kya tasveer mein cycle hai?
119516,COCO_val2014_000000119516.jpg,Is there a cell phone in the image?,yes,popular,cell phone,کیا تصویر میں سیل فون ہے؟,Kya tasveer mein mobile hai?
119516,COCO_val2014_000000119516.jpg,Is there a handbag in the image?,yes,popular,handbag,کیا تصویر میں ہینڈ بیگ ہے؟,Kya tasveer mein handbag hai?
119516,COCO_val2014_000000119516.jpg,Is there a car in the image?,no,popular,car,کیا تصویر میں کوئی کار ہے؟,Kya tasveer mein gaari hai?
119516,COCO_val2014_000000119516.jpg,Is there a chair in the image?,no,popular,chair,کیا تصویر میں کرسی ہے؟,Kya tasveer mein kursi hai?
119516,COCO_val2014_000000119516.jpg,Is there a book in the image?,no,popular,book,کیا تصویر میں کوئی کتاب ہے؟,Kya tasveer mein kitaab hai?
119516,COCO_val2014_000000119516.jpg,Is there a traffic light in the image?,yes,adversarial,traffic light,کیا تصویر میں ٹریفک لائٹ ہے؟,Kya tasveer mein traffic signal hai?
119516,COCO_val2014_000000119516.jpg,Is there a handbag in the image?,yes,adversarial,handbag,کیا تصویر میں ہینڈ بیگ ہے؟,Kya tasveer mein handbag hai?
119516,COCO_val2014_000000119516.jpg,Is there a bicycle in the image?,yes,adversarial,bicycle,کیا تصویر میں کوئی سائیکل ہے؟,Kya tasveer mein cycle hai?
119516,COCO_val2014_000000119516.jpg,Is there a car in the image?,no,adversarial,car,کیا تصویر میں کوئی کار ہے؟,Kya tasveer mein gaari hai?
119516,COCO_val2014_000000119516.jpg,Is there a chair in the image?,no,adversarial,chair,کیا تصویر میں کرسی ہے؟,Kya tasveer mein kursi hai?
119516,COCO_val2014_000000119516.jpg,Is there a book in the image?,no,adversarial,book,کیا تصویر میں کوئی کتاب ہے؟,Kya tasveer mein kitaab hai?
323576,COCO_val2014_000000323576.jpg,Is there a person in the image?,yes,random,person,کیا تصویر میں کوئی شخص ہے؟,Kya tasveer mein insaan hai?
323576,COCO_val2014_000000323576.jpg,Is there a chair in the image?,yes,random,chair,کیا تصویر میں کرسی ہے؟,Kya tasveer mein kursi hai?
323576,COCO_val2014_000000323576.jpg,Is there a umbrella in the image?,yes,random,umbrella,کیا تصویر میں چھتری ہے؟,Kya tasveer mein chhatri hai?
323576,COCO_val2014_000000323576.jpg,Is there a sheep in the image?,no,random,sheep,کیا تصویر میں بھیڑ ہے؟,Kya tasveer mein bhed hai?
323576,COCO_val2014_000000323576.jpg,Is there a refrigerator in the image?,no,random,refrigerator,کیا تصویر میں ریفریجریٹر ہے؟,Kya tasveer mein fridge hai?
323576,COCO_val2014_000000323576.jpg,Is there a remote in the image?,no,random,remote,کیا تصویر میں کوئی ریموٹ ہے؟,Kya tasveer mein remote hai?
323576,COCO_val2014_000000323576.jpg,Is there a person in the image?,yes,popular,person,کیا تصویر میں کوئی شخص ہے؟,Kya tasveer mein insaan hai?
323576,COCO_val2014_000000323576.jpg,Is there a umbrella in the image?,yes,popular,umbrella,کیا تصویر میں چھتری ہے؟,Kya tasveer mein chhatri hai?
323576,COCO_val2014_000000323576.jpg,Is there a chair in the image?,yes,popular,chair,کیا تصویر میں کرسی ہے؟,Kya tasveer mein kursi hai?
323576,COCO_val2014_000000323576.jpg,Is there a car in the image?,no,popular,car,کیا تصویر میں کوئی کار ہے؟,Kya tasveer mein gaari hai?
323576,COCO_val2014_000000323576.jpg,Is there a book in the image?,no,popular,book,کیا تصویر میں کوئی کتاب ہے؟,Kya tasveer mein kitaab hai?
323576,COCO_val2014_000000323576.jpg,Is there a bottle in the image?,no,popular,bottle,کیا تصویر میں کوئی بوتل ہے؟,Kya tasveer mein botal hai?
323576,COCO_val2014_000000323576.jpg,Is there a person in the image?,yes,adversarial,person,کیا تصویر میں کوئی شخص ہے؟,Kya tasveer mein insaan hai?
323576,COCO_val2014_000000323576.jpg,Is there a umbrella in the image?,yes,adversarial,umbrella,کیا تصویر میں چھتری ہے؟,Kya tasveer mein chhatri hai?
323576,COCO_val2014_000000323576.jpg,Is there a chair in the image?,yes,adversarial,chair,کیا تصویر میں کرسی ہے؟,Kya tasveer mein kursi hai?
323576,COCO_val2014_000000323576.jpg,Is there a car in the image?,no,adversarial,car,کیا تصویر میں کوئی کار ہے؟,Kya tasveer mein gaari hai?
323576,COCO_val2014_000000323576.jpg,Is there a book in the image?,no,adversarial,book,کیا تصویر میں کوئی کتاب ہے؟,Kya tasveer mein kitaab hai?
323576,COCO_val2014_000000323576.jpg,Is there a bottle in the image?,no,adversarial,bottle,کیا تصویر میں کوئی بوتل ہے؟,Kya tasveer mein botal hai?
215207,COCO_val2014_000000215207.jpg,Is there a cup in the image?,yes,random,cup,کیا تصویر میں کپ ہے؟,Kya tasveer mein cup hai?
215207,COCO_val2014_000000215207.jpg,Is there a dining table in the image?,yes,random,dining table,کیا تصویر میں کھانے کی میز ہے؟,Kya tasveer mein khane ki mez hai?
215207,COCO_val2014_000000215207.jpg,Is there a spoon in the image?,yes,random,spoon,کیا تصویر میں چمچ ہے؟,Kya tasveer mein chamach hai?
215207,COCO_val2014_000000215207.jpg,Is there a boat in the image?,no,random,boat,کیا تصویر میں کوئی کشتی ہے؟,Kya tasveer mein kashti hai?
215207,COCO_val2014_000000215207.jpg,Is there a cow in the image?,no,random,cow,کیا تصویر میں گائے ہے؟,Kya tasveer mein gaay hai?
215207,COCO_val2014_000000215207.jpg,Is there a bicycle in the image?,no,random,bicycle,کیا تصویر میں کوئی سائیکل ہے؟,Kya tasveer mein cycle hai?
215207,COCO_val2014_000000215207.jpg,Is there a dining table in the image?,yes,popular,dining table,کیا تصویر میں کھانے کی میز ہے؟,Kya tasveer mein khane ki mez hai?
215207,COCO_val2014_000000215207.jpg,Is there a cup in the image?,yes,popular,cup,کیا تصویر میں کپ ہے؟,Kya tasveer mein cup hai?
215207,COCO_val2014_000000215207.jpg,Is there a spoon in the image?,yes,popular,spoon,کیا تصویر میں چمچ ہے؟,Kya tasveer mein chamach hai?
215207,COCO_val2014_000000215207.jpg,Is there a person in the image?,no,popular,person,کیا تصویر میں کوئی شخص ہے؟,Kya tasveer mein insaan hai?
215207,COCO_val2014_000000215207.jpg,Is there a car in the image?,no,popular,car,کیا تصویر میں کوئی کار ہے؟,Kya tasveer mein gaari hai?
215207,COCO_val2014_000000215207.jpg,Is there a chair in the image?,no,popular,chair,کیا تصویر میں کرسی ہے؟,Kya tasveer mein kursi hai?
215207,COCO_val2014_000000215207.jpg,Is there a dining table in the image?,yes,adversarial,dining table,کیا تصویر میں کھانے کی میز ہے؟,Kya tasveer mein khane ki mez hai?
215207,COCO_val2014_000000215207.jpg,Is there a cup in the image?,yes,adversarial,cup,کیا تصویر میں کپ ہے؟,Kya tasveer mein cup hai?
215207,COCO_val2014_000000215207.jpg,Is there a spoon in the image?,yes,adversarial,spoon,کیا تصویر میں چمچ ہے؟,Kya tasveer mein chamach hai?
215207,COCO_val2014_000000215207.jpg,Is there a person in the image?,no,adversarial,person,کیا تصویر میں کوئی شخص ہے؟,Kya tasveer mein insaan hai?
215207,COCO_val2014_000000215207.jpg,Is there a car in the image?,no,adversarial,car,کیا تصویر میں کوئی کار ہے؟,Kya tasveer mein gaari hai?
215207,COCO_val2014_000000215207.jpg,Is there a chair in the image?,no,adversarial,chair,کیا تصویر میں کرسی ہے؟,Kya tasveer mein kursi hai?
133964,COCO_val2014_000000133964.jpg,Is there a boat in the image?,yes,random,boat,کیا تصویر میں کوئی کشتی ہے؟,Kya tasveer mein kashti hai?
133964,COCO_val2014_000000133964.jpg,Is there a bird in the image?,yes,random,bird,کیا تصویر میں کوئی پرندہ ہے؟,Kya tasveer mein chirya hai?
133964,COCO_val2014_000000133964.jpg,Is there a person in the image?,yes,random,person,کیا تصویر میں کوئی شخص ہے؟,Kya tasveer mein insaan hai?
133964,COCO_val2014_000000133964.jpg,Is there a car in the image?,no,random,car,کیا تصویر میں کوئی کار ہے؟,Kya tasveer mein gaari hai?
133964,COCO_val2014_000000133964.jpg,Is there a motorcycle in the image?,no,random,motorcycle,کیا تصویر میں کوئی موٹر سائیکل ہے؟,Kya tasveer mein motorcycle hai?
133964,COCO_val2014_000000133964.jpg,Is there a toaster in the image?,no,random,toaster,کیا تصویر میں ٹوسٹر ہے؟,Kya tasveer mein toaster hai?
133964,COCO_val2014_000000133964.jpg,Is there a bird in the image?,yes,popular,bird,کیا تصویر میں کوئی پرندہ ہے؟,Kya tasveer mein chirya hai?
133964,COCO_val2014_000000133964.jpg,Is there a person in the image?,yes,popular,person,کیا تصویر میں کوئی شخص ہے؟,Kya tasveer mein insaan hai?
133964,COCO_val2014_000000133964.jpg,Is there a boat in the image?,yes,popular,boat,کیا تصویر میں کوئی کشتی ہے؟,Kya tasveer mein kashti hai?
133964,COCO_val2014_000000133964.jpg,Is there a car in the image?,no,popular,car,کیا تصویر میں کوئی کار ہے؟,Kya tasveer mein gaari hai?
133964,COCO_val2014_000000133964.jpg,Is there a chair in the image?,no,popular,chair,کیا تصویر میں کرسی ہے؟,Kya tasveer mein kursi hai?
133964,COCO_val2014_000000133964.jpg,Is there a book in the image?,no,popular,book,کیا تصویر میں کوئی کتاب ہے؟,Kya tasveer mein kitaab hai?
133964,COCO_val2014_000000133964.jpg,Is there a boat in the image?,yes,adversarial,boat,کیا تصویر میں کوئی کشتی ہے؟,Kya tasveer mein kashti hai?
133964,COCO_val2014_000000133964.jpg,Is there a person in the image?,yes,adversarial,person,کیا تصویر میں کوئی شخص ہے؟,Kya tasveer mein insaan hai?
133964,COCO_val2014_000000133964.jpg,Is there a bird in the image?,yes,adversarial,bird,کیا تصویر میں کوئی پرندہ ہے؟,Kya tasveer mein chirya hai?
133964,COCO_val2014_000000133964.jpg,Is there a car in the image?,no,adversarial,car,کیا تصویر میں کوئی کار ہے؟,Kya tasveer mein gaari hai?
133964,COCO_val2014_000000133964.jpg,Is there a chair in the image?,no,adversarial,chair,کیا تصویر میں کرسی ہے؟,Kya tasveer mein kursi hai?
133964,COCO_val2014_000000133964.jpg,Is there a book in the image?,no,adversarial,book,کیا تصویر میں کوئی کتاب ہے؟,Kya tasveer mein kitaab hai?
520862,COCO_val2014_000000520862.jpg,Is there a dining table in the image?,yes,random,dining table,کیا تصویر میں کھانے کی میز ہے؟,Kya tasveer mein khane ki mez hai?
520862,COCO_val2014_000000520862.jpg,Is there a chair in the image?,yes,random,chair,کیا تصویر میں کرسی ہے؟,Kya tasveer mein kursi hai?
520862,COCO_val2014_000000520862.jpg,Is there a book in the image?,yes,random,book,کیا تصویر میں کوئی کتاب ہے؟,Kya tasveer mein kitaab hai?
520862,COCO_val2014_000000520862.jpg,Is there a skis in the image?,no,random,skis,کیا تصویر میں کوئی سکی ہے؟,Kya tasveer mein skis hai?
520862,COCO_val2014_000000520862.jpg,Is there a backpack in the image?,no,random,backpack,کیا تصویر میں کوئی بیگ ہے؟,Kya tasveer mein bag hai?
520862,COCO_val2014_000000520862.jpg,Is there a refrigerator in the image?,no,random,refrigerator,کیا تصویر میں ریفریجریٹر ہے؟,Kya tasveer mein fridge hai?
520862,COCO_val2014_000000520862.jpg,Is there a carrot in the image?,yes,popular,carrot,کیا تصویر میں گاجر ہے؟,Kya tasveer mein gajar hai?
520862,COCO_val2014_000000520862.jpg,Is there a chair in the image?,yes,popular,chair,کیا تصویر میں کرسی ہے؟,Kya tasveer mein kursi hai?
520862,COCO_val2014_000000520862.jpg,Is there a cup in the image?,yes,popular,cup,کیا تصویر میں کپ ہے؟,Kya tasveer mein cup hai?
520862,COCO_val2014_000000520862.jpg,Is there a person in the image?,no,popular,person,کیا تصویر میں کوئی شخص ہے؟,Kya tasveer mein insaan hai?
520862,COCO_val2014_000000520862.jpg,Is there a car in the image?,no,popular,car,کیا تصویر میں کوئی کار ہے؟,Kya tasveer mein gaari hai?
520862,COCO_val2014_000000520862.jpg,Is there a bottle in the image?,no,popular,bottle,کیا تصویر میں کوئی بوتل ہے؟,Kya tasveer mein botal hai?
520862,COCO_val2014_000000520862.jpg,Is there a tv in the image?,yes,adversarial,tv,کیا تصویر میں ٹی وی ہے؟,Kya tasveer mein tv hai?
520862,COCO_val2014_000000520862.jpg,Is there a dining table in the image?,yes,adversarial,dining table,کیا تصویر میں کھانے کی میز ہے؟,Kya tasveer mein khane ki mez hai?
520862,COCO_val2014_000000520862.jpg,Is there a carrot in the image?,yes,adversarial,carrot,کیا تصویر میں گاجر ہے؟,Kya tasveer mein gajar hai?
520862,COCO_val2014_000000520862.jpg,Is there a person in the image?,no,adversarial,person,کیا تصویر میں کوئی شخص ہے؟,Kya tasveer mein insaan hai?
520862,COCO_val2014_000000520862.jpg,Is there a car in the image?,no,adversarial,car,کیا تصویر میں کوئی کار ہے؟,Kya tasveer mein gaari hai?
520862,COCO_val2014_000000520862.jpg,Is there a bottle in the image?,no,adversarial,bottle,کیا تصویر میں کوئی بوتل ہے؟,Kya tasveer mein botal hai?
1803,COCO_val2014_000000001803.jpg,Is there a toilet in the image?,yes,random,toilet,کیا تصویر میں بیت الخلا ہے؟,Kya tasveer mein toilet hai?
1803,COCO_val2014_000000001803.jpg,Is there a bowl in the image?,yes,random,bowl,کیا تصویر میں ایک پیالہ ہے؟,Kya tasveer mein bowl hai?
1803,COCO_val2014_000000001803.jpg,Is there a sink in the image?,yes,random,sink,کیا تصویر میں کوئی سنک ہے؟,Kya tasveer mein sink hai?
1803,COCO_val2014_000000001803.jpg,Is there a suitcase in the image?,no,random,suitcase,کیا تصویر میں کوئی سوٹ کیس ہے؟,Kya tasveer mein suitcase hai?
1803,COCO_val2014_000000001803.jpg,Is there a tennis racket in the image?,no,random,tennis racket,کیا تصویر میں ٹینس ریکیٹ ہے؟,Kya tasveer mein tennis ka racket hai?
1803,COCO_val2014_000000001803.jpg,Is there a fire hydrant in the image?,no,random,fire hydrant,کیا تصویر میں فائر ہائیڈرنٹ ہے؟,Kya tasveer mein fire hydrant hai?
1803,COCO_val2014_000000001803.jpg,Is there a bowl in the image?,yes,popular,bowl,کیا تصویر میں ایک پیالہ ہے؟,Kya tasveer mein bowl hai?
1803,COCO_val2014_000000001803.jpg,Is there a sink in the image?,yes,popular,sink,کیا تصویر میں کوئی سنک ہے؟,Kya tasveer mein sink hai?
1803,COCO_val2014_000000001803.jpg,Is there a toilet in the image?,yes,popular,toilet,کیا تصویر میں بیت الخلا ہے؟,Kya tasveer mein toilet hai?
1803,COCO_val2014_000000001803.jpg,Is there a person in the image?,no,popular,person,کیا تصویر میں کوئی شخص ہے؟,Kya tasveer mein insaan hai?
1803,COCO_val2014_000000001803.jpg,Is there a car in the image?,no,popular,car,کیا تصویر میں کوئی کار ہے؟,Kya tasveer mein gaari hai?
1803,COCO_val2014_000000001803.jpg,Is there a chair in the image?,no,popular,chair,کیا تصویر میں کرسی ہے؟,Kya tasveer mein kursi hai?
1803,COCO_val2014_000000001803.jpg,Is there a toilet in the image?,yes,adversarial,toilet,کیا تصویر میں بیت الخلا ہے؟,Kya tasveer mein toilet hai?
1803,COCO_val2014_000000001803.jpg,Is there a bowl in the image?,yes,adversarial,bowl,کیا تصویر میں ایک پیالہ ہے؟,Kya tasveer mein bowl hai?
1803,COCO_val2014_000000001803.jpg,Is there a sink in the image?,yes,adversarial,sink,کیا تصویر میں کوئی سنک ہے؟,Kya tasveer mein sink hai?
1803,COCO_val2014_000000001803.jpg,Is there a person in the image?,no,adversarial,person,کیا تصویر میں کوئی شخص ہے؟,Kya tasveer mein insaan hai?
1803,COCO_val2014_000000001803.jpg,Is there a car in the image?,no,adversarial,car,کیا تصویر میں کوئی کار ہے؟,Kya tasveer mein gaari hai?
1803,COCO_val2014_000000001803.jpg,Is there a chair in the image?,no,adversarial,chair,کیا تصویر میں کرسی ہے؟,Kya tasveer mein kursi hai?
8718,COCO_val2014_000000008718.jpg,Is there a bowl in the image?,yes,random,bowl,کیا تصویر میں ایک پیالہ ہے؟,Kya tasveer mein bowl hai?
8718,COCO_val2014_000000008718.jpg,Is there a spoon in the image?,yes,random,spoon,کیا تصویر میں چمچ ہے؟,Kya tasveer mein chamach hai?
8718,COCO_val2014_000000008718.jpg,Is there a dining table in the image?,yes,random,dining table,کیا تصویر میں کھانے کی میز ہے؟,Kya tasveer mein khane ki mez hai?
8718,COCO_val2014_000000008718.jpg,Is there a bicycle in the image?,no,random,bicycle,کیا تصویر میں کوئی سائیکل ہے؟,Kya tasveer mein cycle hai?
8718,COCO_val2014_000000008718.jpg,Is there a bear in the image?,no,random,bear,کیا تصویر میں ریچھ ہے؟,Kya tasveer mein bhalu hai?
8718,COCO_val2014_000000008718.jpg,Is there a fire hydrant in the image?,no,random,fire hydrant,کیا تصویر میں فائر ہائیڈرنٹ ہے؟,Kya tasveer mein fire hydrant hai?
8718,COCO_val2014_000000008718.jpg,Is there a spoon in the image?,yes,popular,spoon,کیا تصویر میں چمچ ہے؟,Kya tasveer mein chamach hai?
8718,COCO_val2014_000000008718.jpg,Is there a bowl in the image?,yes,popular,bowl,کیا تصویر میں ایک پیالہ ہے؟,Kya tasveer mein bowl hai?
8718,COCO_val2014_000000008718.jpg,Is there a cup in the image?,yes,popular,cup,کیا تصویر میں کپ ہے؟,Kya tasveer mein cup hai?
8718,COCO_val2014_000000008718.jpg,Is there a person in the image?,no,popular,person,کیا تصویر میں کوئی شخص ہے؟,Kya tasveer mein insaan hai?
8718,COCO_val2014_000000008718.jpg,Is there a car in the image?,no,popular,car,کیا تصویر میں کوئی کار ہے؟,Kya tasveer mein gaari hai?
8718,COCO_val2014_000000008718.jpg,Is there a chair in the image?,no,popular,chair,کیا تصویر میں کرسی ہے؟,Kya tasveer mein kursi hai?
8718,COCO_val2014_000000008718.jpg,Is there a cup in the image?,yes,adversarial,cup,کیا تصویر میں کپ ہے؟,Kya tasveer mein cup hai?
8718,COCO_val2014_000000008718.jpg,Is there a dining table in the image?,yes,adversarial,dining table,کیا تصویر میں کھانے کی میز ہے؟,Kya tasveer mein khane ki mez hai?
8718,COCO_val2014_000000008718.jpg,Is there a bowl in the image?,yes,adversarial,bowl,کیا تصویر میں ایک پیالہ ہے؟,Kya tasveer mein bowl hai?
8718,COCO_val2014_000000008718.jpg,Is there a person in the image?,no,adversarial,person,کیا تصویر میں کوئی شخص ہے؟,Kya tasveer mein insaan hai?
8718,COCO_val2014_000000008718.jpg,Is there a car in the image?,no,adversarial,car,کیا تصویر میں کوئی کار ہے؟,Kya tasveer mein gaari hai?
8718,COCO_val2014_000000008718.jpg,Is there a chair in the image?,no,adversarial,chair,کیا تصویر میں کرسی ہے؟,Kya tasveer mein kursi hai?
95583,COCO_val2014_000000095583.jpg,Is there a person in the image?,yes,random,person,کیا تصویر میں کوئی شخص ہے؟,Kya tasveer mein insaan hai?
95583,COCO_val2014_000000095583.jpg,Is there a umbrella in the image?,yes,random,umbrella,کیا تصویر میں چھتری ہے؟,Kya tasveer mein chhatri hai?
95583,COCO_val2014_000000095583.jpg,Is there a book in the image?,yes,random,book,کیا تصویر میں کوئی کتاب ہے؟,Kya tasveer mein kitaab hai?
95583,COCO_val2014_000000095583.jpg,Is there a vase in the image?,no,random,vase,کیا تصویر میں گلدان ہے؟,Kya tasveer mein phool daani hai?
95583,COCO_val2014_000000095583.jpg,Is there a tv in the image?,no,random,tv,کیا تصویر میں ٹی وی ہے؟,Kya tasveer mein tv hai?
95583,COCO_val2014_000000095583.jpg,Is there a skateboard in the image?,no,random,skateboard,کیا تصویر میں اسکیٹ بورڈ ہے؟,Kya tasveer mein skateboard hai?
95583,COCO_val2014_000000095583.jpg,Is there a person in the image?,yes,popular,person,کیا تصویر میں کوئی شخص ہے؟,Kya tasveer mein insaan hai?
95583,COCO_val2014_000000095583.jpg,Is there a umbrella in the image?,yes,popular,umbrella,کیا تصویر میں چھتری ہے؟,Kya tasveer mein chhatri hai?
95583,COCO_val2014_000000095583.jpg,Is there a book in the image?,yes,popular,book,کیا تصویر میں کوئی کتاب ہے؟,Kya tasveer mein kitaab hai?
95583,COCO_val2014_000000095583.jpg,Is there a car in the image?,no,popular,car,کیا تصویر میں کوئی کار ہے؟,Kya tasveer mein gaari hai?
95583,COCO_val2014_000000095583.jpg,Is there a chair in the image?,no,popular,chair,کیا تصویر میں کرسی ہے؟,Kya tasveer mein kursi hai?
95583,COCO_val2014_000000095583.jpg,Is there a bottle in the image?,no,popular,bottle,کیا تصویر میں کوئی بوتل ہے؟,Kya tasveer mein botal hai?
95583,COCO_val2014_000000095583.jpg,Is there a umbrella in the image?,yes,adversarial,umbrella,کیا تصویر میں چھتری ہے؟,Kya tasveer mein chhatri hai?
95583,COCO_val2014_000000095583.jpg,Is there a person in the image?,yes,adversarial,person,کیا تصویر میں کوئی شخص ہے؟,Kya tasveer mein insaan hai?
95583,COCO_val2014_000000095583.jpg,Is there a book in the image?,yes,adversarial,book,کیا تصویر میں کوئی کتاب ہے؟,Kya tasveer mein kitaab hai?
95583,COCO_val2014_000000095583.jpg,Is there a car in the image?,no,adversarial,car,کیا تصویر میں کوئی کار ہے؟,Kya tasveer mein gaari hai?
95583,COCO_val2014_000000095583.jpg,Is there a chair in the image?,no,adversarial,chair,کیا تصویر میں کرسی ہے؟,Kya tasveer mein kursi hai?
95583,COCO_val2014_000000095583.jpg,Is there a bottle in the image?,no,adversarial,bottle,کیا تصویر میں کوئی بوتل ہے؟,Kya tasveer mein botal hai?
346940,COCO_val2014_000000346940.jpg,Is there a knife in the image?,yes,random,knife,کیا تصویر میں چاقو ہے؟,Kya tasveer mein churi hai?
346940,COCO_val2014_000000346940.jpg,Is there a oven in the image?,yes,random,oven,کیا تصویر میں تندور ہے؟,Kya tasveer mein oven hai?
346940,COCO_val2014_000000346940.jpg,Is there a bowl in the image?,yes,random,bowl,کیا تصویر میں ایک پیالہ ہے؟,Kya tasveer mein bowl hai?
346940,COCO_val2014_000000346940.jpg,Is there a hair drier in the image?,no,random,hair drier,کیا تصویر میں ہیئر ڈرائر ہے؟,Kya tasveer mein hair drier hai?
346940,COCO_val2014_000000346940.jpg,Is there a sheep in the image?,no,random,sheep,کیا تصویر میں بھیڑ ہے؟,Kya tasveer mein bhed hai?
346940,COCO_val2014_000000346940.jpg,Is there a hot dog in the image?,no,random,hot dog,کیا تصویر میں کوئی ہاٹ ڈاگ ہے؟,Kya tasveer mein hot dog hai?
346940,COCO_val2014_000000346940.jpg,Is there a oven in the image?,yes,popular,oven,کیا تصویر میں تندور ہے؟,Kya tasveer mein oven hai?
346940,COCO_val2014_000000346940.jpg,Is there a knife in the image?,yes,popular,knife,کیا تصویر میں چاقو ہے؟,Kya tasveer mein churi hai?
346940,COCO_val2014_000000346940.jpg,Is there a bowl in the image?,yes,popular,bowl,کیا تصویر میں ایک پیالہ ہے؟,Kya tasveer mein bowl hai?
346940,COCO_val2014_000000346940.jpg,Is there a person in the image?,no,popular,person,کیا تصویر میں کوئی شخص ہے؟,Kya tasveer mein insaan hai?
346940,COCO_val2014_000000346940.jpg,Is there a car in the image?,no,popular,car,کیا تصویر میں کوئی کار ہے؟,Kya tasveer mein gaari hai?
346940,COCO_val2014_000000346940.jpg,Is there a chair in the image?,no,popular,chair,کیا تصویر میں کرسی ہے؟,Kya tasveer mein kursi hai?
346940,COCO_val2014_000000346940.jpg,Is there a bowl in the image?,yes,adversarial,bowl,کیا تصویر میں ایک پیالہ ہے؟,Kya tasveer mein bowl hai?
346940,COCO_val2014_000000346940.jpg,Is there a oven in the image?,yes,adversarial,oven,کیا تصویر میں تندور ہے؟,Kya tasveer mein oven hai?
346940,COCO_val2014_000000346940.jpg,Is there a knife in the image?,yes,adversarial,knife,کیا تصویر میں چاقو ہے؟,Kya tasveer mein churi hai?
346940,COCO_val2014_000000346940.jpg,Is there a person in the image?,no,adversarial,person,کیا تصویر میں کوئی شخص ہے؟,Kya tasveer mein insaan hai?
346940,COCO_val2014_000000346940.jpg,Is there a car in the image?,no,adversarial,car,کیا تصویر میں کوئی کار ہے؟,Kya tasveer mein gaari hai?
346940,COCO_val2014_000000346940.jpg,Is there a chair in the image?,no,adversarial,chair,کیا تصویر میں کرسی ہے؟,Kya tasveer mein kursi hai?
145025,COCO_val2014_000000145025.jpg,Is there a backpack in the image?,yes,random,backpack,کیا تصویر میں کوئی بیگ ہے؟,Kya tasveer mein bag hai?
145025,COCO_val2014_000000145025.jpg,Is there a bicycle in the image?,yes,random,bicycle,کیا تصویر میں کوئی سائیکل ہے؟,Kya tasveer mein cycle hai?
145025,COCO_val2014_000000145025.jpg,Is there a person in the image?,yes,random,person,کیا تصویر میں کوئی شخص ہے؟,Kya tasveer mein insaan hai?
145025,COCO_val2014_000000145025.jpg,Is there a cow in the image?,no,random,cow,کیا تصویر میں گائے ہے؟,Kya tasveer mein gaay hai?
145025,COCO_val2014_000000145025.jpg,Is there a parking meter in the image?,no,random,parking meter,کیا تصویر میں پارکنگ میٹر ہے؟,Kya tasveer mein parking meter hai?
145025,COCO_val2014_000000145025.jpg,Is there a cell phone in the image?,no,random,cell phone,کیا تصویر میں سیل فون ہے؟,Kya tasveer mein mobile hai?
145025,COCO_val2014_000000145025.jpg,Is there a backpack in the image?,yes,popular,backpack,کیا تصویر میں کوئی بیگ ہے؟,Kya tasveer mein bag hai?
145025,COCO_val2014_000000145025.jpg,Is there a bicycle in the image?,yes,popular,bicycle,کیا تصویر میں کوئی سائیکل ہے؟,Kya tasveer mein cycle hai?
145025,COCO_val2014_000000145025.jpg,Is there a person in the image?,yes,popular,person,کیا تصویر میں کوئی شخص ہے؟,Kya tasveer mein insaan hai?
145025,COCO_val2014_000000145025.jpg,Is there a car in the image?,no,popular,car,کیا تصویر میں کوئی کار ہے؟,Kya tasveer mein gaari hai?
145025,COCO_val2014_000000145025.jpg,Is there a chair in the image?,no,popular,chair,کیا تصویر میں کرسی ہے؟,Kya tasveer mein kursi hai?
145025,COCO_val2014_000000145025.jpg,Is there a book in the image?,no,popular,book,کیا تصویر میں کوئی کتاب ہے؟,Kya tasveer mein kitaab hai?
145025,COCO_val2014_000000145025.jpg,Is there a person in the image?,yes,adversarial,person,کیا تصویر میں کوئی شخص ہے؟,Kya tasveer mein insaan hai?
145025,COCO_val2014_000000145025.jpg,Is there a bicycle in the image?,yes,adversarial,bicycle,کیا تصویر میں کوئی سائیکل ہے؟,Kya tasveer mein cycle hai?
145025,COCO_val2014_000000145025.jpg,Is there a backpack in the image?,yes,adversarial,backpack,کیا تصویر میں کوئی بیگ ہے؟,Kya tasveer mein bag hai?
145025,COCO_val2014_000000145025.jpg,Is there a car in the image?,no,adversarial,car,کیا تصویر میں کوئی کار ہے؟,Kya tasveer mein gaari hai?
145025,COCO_val2014_000000145025.jpg,Is there a chair in the image?,no,adversarial,chair,کیا تصویر میں کرسی ہے؟,Kya tasveer mein kursi hai?
145025,COCO_val2014_000000145025.jpg,Is there a book in the image?,no,adversarial,book,کیا تصویر میں کوئی کتاب ہے؟,Kya tasveer mein kitaab hai?
441861,COCO_val2014_000000441861.jpg,Is there a person in the image?,yes,random,person,کیا تصویر میں کوئی شخص ہے؟,Kya tasveer mein insaan hai?
441861,COCO_val2014_000000441861.jpg,Is there a bench in the image?,yes,random,bench,کیا تصویر میں کوئی بینچ ہے؟,Kya tasveer mein bench hai?
441861,COCO_val2014_000000441861.jpg,Is there a sports ball in the image?,yes,random,sports ball,کیا تصویر میں کھیلوں کی گیند ہے؟,Kya tasveer mein khel ka gend hai?
441861,COCO_val2014_000000441861.jpg,Is there a spoon in the image?,no,random,spoon,کیا تصویر میں چمچ ہے؟,Kya tasveer mein chamach hai?
441861,COCO_val2014_000000441861.jpg,Is there a airplane in the image?,no,random,airplane,کیا تصویر میں ہوائی جہاز ہے؟,Kya tasveer mein hawai jahaaz hai?
441861,COCO_val2014_000000441861.jpg,Is there a surfboard in the image?,no,random,surfboard,کیا تصویر میں کوئی سرف بورڈ ہے؟,Kya tasveer mein surfboard hai?
441861,COCO_val2014_000000441861.jpg,Is there a bench in the image?,yes,popular,bench,کیا تصویر میں کوئی بینچ ہے؟,Kya tasveer mein bench hai?
441861,COCO_val2014_000000441861.jpg,Is there a sports ball in the image?,yes,popular,sports ball,کیا تصویر میں کھیلوں کی گیند ہے؟,Kya tasveer mein khel ka gend hai?
441861,COCO_val2014_000000441861.jpg,Is there a person in the image?,yes,popular,person,کیا تصویر میں کوئی شخص ہے؟,Kya tasveer mein insaan hai?
441861,COCO_val2014_000000441861.jpg,Is there a car in the image?,no,popular,car,کیا تصویر میں کوئی کار ہے؟,Kya tasveer mein gaari hai?
441861,COCO_val2014_000000441861.jpg,Is there a chair in the image?,no,popular,chair,کیا تصویر میں کرسی ہے؟,Kya tasveer mein kursi hai?
441861,COCO_val2014_000000441861.jpg,Is there a book in the image?,no,popular,book,کیا تصویر میں کوئی کتاب ہے؟,Kya tasveer mein kitaab hai?
441861,COCO_val2014_000000441861.jpg,Is there a bench in the image?,yes,adversarial,bench,کیا تصویر میں کوئی بینچ ہے؟,Kya tasveer mein bench hai?
441861,COCO_val2014_000000441861.jpg,Is there a sports ball in the image?,yes,adversarial,sports ball,کیا تصویر میں کھیلوں کی گیند ہے؟,Kya tasveer mein khel ka gend hai?
441861,COCO_val2014_000000441861.jpg,Is there a person in the image?,yes,adversarial,person,کیا تصویر میں کوئی شخص ہے؟,Kya tasveer mein insaan hai?
441861,COCO_val2014_000000441861.jpg,Is there a car in the image?,no,adversarial,car,کیا تصویر میں کوئی کار ہے؟,Kya tasveer mein gaari hai?
441861,COCO_val2014_000000441861.jpg,Is there a chair in the image?,no,adversarial,chair,کیا تصویر میں کرسی ہے؟,Kya tasveer mein kursi hai?
441861,COCO_val2014_000000441861.jpg,Is there a book in the image?,no,adversarial,book,کیا تصویر میں کوئی کتاب ہے؟,Kya tasveer mein kitaab hai?
255401,COCO_val2014_000000255401.jpg,Is there a sink in the image?,yes,random,sink,کیا تصویر میں کوئی سنک ہے؟,Kya tasveer mein sink hai?
255401,COCO_val2014_000000255401.jpg,Is there a toilet in the image?,yes,random,toilet,کیا تصویر میں بیت الخلا ہے؟,Kya tasveer mein toilet hai?
255401,COCO_val2014_000000255401.jpg,Is there a bottle in the image?,yes,random,bottle,کیا تصویر میں کوئی بوتل ہے؟,Kya tasveer mein botal hai?
255401,COCO_val2014_000000255401.jpg,Is there a surfboard in the image?,no,random,surfboard,کیا تصویر میں کوئی سرف بورڈ ہے؟,Kya tasveer mein surfboard hai?
255401,COCO_val2014_000000255401.jpg,Is there a snowboard in the image?,no,random,snowboard,کیا تصویر میں سنو بورڈ ہے؟,Kya tasveer mein snowboard hai?
255401,COCO_val2014_000000255401.jpg,Is there a traffic light in the image?,no,random,traffic light,کیا تصویر میں ٹریفک لائٹ ہے؟,Kya tasveer mein traffic signal hai?
255401,COCO_val2014_000000255401.jpg,Is there a sink in the image?,yes,popular,sink,کیا تصویر میں کوئی سنک ہے؟,Kya tasveer mein sink hai?
255401,COCO_val2014_000000255401.jpg,Is there a toilet in the image?,yes,popular,toilet,کیا تصویر میں بیت الخلا ہے؟,Kya tasveer mein toilet hai?
255401,COCO_val2014_000000255401.jpg,Is there a bottle in the image?,yes,popular,bottle,کیا تصویر میں کوئی بوتل ہے؟,Kya tasveer mein botal hai?
255401,COCO_val2014_000000255401.jpg,Is there a person in the image?,no,popular,person,کیا تصویر میں کوئی شخص ہے؟,Kya tasveer mein insaan hai?
255401,COCO_val2014_000000255401.jpg,Is there a car in the image?,no,popular,car,کیا تصویر میں کوئی کار ہے؟,Kya tasveer mein gaari hai?
255401,COCO_val2014_000000255401.jpg,Is there a chair in the image?,no,popular,chair,کیا تصویر میں کرسی ہے؟,Kya tasveer mein kursi hai?
255401,COCO_val2014_000000255401.jpg,Is there a toilet in the image?,yes,adversarial,toilet,کیا تصویر میں بیت الخلا ہے؟,Kya tasveer mein toilet hai?
255401,COCO_val2014_000000255401.jpg,Is there a sink in the image?,yes,adversarial,sink,کیا تصویر میں کوئی سنک ہے؟,Kya tasveer mein sink hai?
255401,COCO_val2014_000000255401.jpg,Is there a bottle in the image?,yes,adversarial,bottle,کیا تصویر میں کوئی بوتل ہے؟,Kya tasveer mein botal hai?
255401,COCO_val2014_000000255401.jpg,Is there a person in the image?,no,adversarial,person,کیا تصویر میں کوئی شخص ہے؟,Kya tasveer mein insaan hai?
255401,COCO_val2014_000000255401.jpg,Is there a car in the image?,no,adversarial,car,کیا تصویر میں کوئی کار ہے؟,Kya tasveer mein gaari hai?
255401,COCO_val2014_000000255401.jpg,Is there a chair in the image?,no,adversarial,chair,کیا تصویر میں کرسی ہے؟,Kya tasveer mein kursi hai?
297522,COCO_val2014_000000297522.jpg,Is there a baseball glove in the image?,yes,random,baseball glove,کیا تصویر میں بیس بال کا دستانہ ہے؟,Kya tasveer mein baseball ka dastaana hai?
297522,COCO_val2014_000000297522.jpg,Is there a baseball bat in the image?,yes,random,baseball bat,کیا تصویر میں بیس بال کا بیٹ ہے؟,Kya tasveer mein baseball ka balla hai?
297522,COCO_val2014_000000297522.jpg,Is there a person in the image?,yes,random,person,کیا تصویر میں کوئی شخص ہے؟,Kya tasveer mein insaan hai?
297522,COCO_val2014_000000297522.jpg,Is there a parking meter in the image?,no,random,parking meter,کیا تصویر میں پارکنگ میٹر ہے؟,Kya tasveer mein parking meter hai?
297522,COCO_val2014_000000297522.jpg,Is there a bicycle in the image?,no,random,bicycle,کیا تصویر میں کوئی سائیکل ہے؟,Kya tasveer mein cycle hai?
297522,COCO_val2014_000000297522.jpg,Is there a fork in the image?,no,random,fork,کیا تصویر میں کانٹا ہے؟,Kya tasveer mein kaanta hai?
297522,COCO_val2014_000000297522.jpg,Is there a baseball glove in the image?,yes,popular,baseball glove,کیا تصویر میں بیس بال کا دستانہ ہے؟,Kya tasveer mein baseball ka dastaana hai?
297522,COCO_val2014_000000297522.jpg,Is there a baseball bat in the image?,yes,popular,baseball bat,کیا تصویر میں بیس بال کا بیٹ ہے؟,Kya tasveer mein baseball ka balla hai?
297522,COCO_val2014_000000297522.jpg,Is there a person in the image?,yes,popular,person,کیا تصویر میں کوئی شخص ہے؟,Kya tasveer mein insaan hai?
297522,COCO_val2014_000000297522.jpg,Is there a car in the image?,no,popular,car,کیا تصویر میں کوئی کار ہے؟,Kya tasveer mein gaari hai?
297522,COCO_val2014_000000297522.jpg,Is there a chair in the image?,no,popular,chair,کیا تصویر میں کرسی ہے؟,Kya tasveer mein kursi hai?
297522,COCO_val2014_000000297522.jpg,Is there a book in the image?,no,popular,book,کیا تصویر میں کوئی کتاب ہے؟,Kya tasveer mein kitaab hai?
297522,COCO_val2014_000000297522.jpg,Is there a person in the image?,yes,adversarial,person,کیا تصویر میں کوئی شخص ہے؟,Kya tasveer mein insaan hai?
297522,COCO_val2014_000000297522.jpg,Is there a baseball bat in the image?,yes,adversarial,baseball bat,کیا تصویر میں بیس بال کا بیٹ ہے؟,Kya tasveer mein baseball ka balla hai?
297522,COCO_val2014_000000297522.jpg,Is there a baseball glove in the image?,yes,adversarial,baseball glove,کیا تصویر میں بیس بال کا دستانہ ہے؟,Kya tasveer mein baseball ka dastaana hai?
297522,COCO_val2014_000000297522.jpg,Is there a car in the image?,no,adversarial,car,کیا تصویر میں کوئی کار ہے؟,Kya tasveer mein gaari hai?
297522,COCO_val2014_000000297522.jpg,Is there a chair in the image?,no,adversarial,chair,کیا تصویر میں کرسی ہے؟,Kya tasveer mein kursi hai?
297522,COCO_val2014_000000297522.jpg,Is there a book in the image?,no,adversarial,book,کیا تصویر میں کوئی کتاب ہے؟,Kya tasveer mein kitaab hai?
466901,COCO_val2014_000000466901.jpg,Is there a tie in the image?,yes,random,tie,کیا تصویر میں ٹائی ہے؟,Kya tasveer mein tie hai?
466901,COCO_val2014_000000466901.jpg,Is there a person in the image?,yes,random,person,کیا تصویر میں کوئی شخص ہے؟,Kya tasveer mein insaan hai?
466901,COCO_val2014_000000466901.jpg,Is there a handbag in the image?,yes,random,handbag,کیا تصویر میں ہینڈ بیگ ہے؟,Kya tasveer mein handbag hai?
466901,COCO_val2014_000000466901.jpg,Is there a clock in the image?,no,random,clock,کیا تصویر میں کوئی گھڑی ہے؟,Kya tasveer mein ghadi hai?
466901,COCO_val2014_000000466901.jpg,Is there a microwave in the image?,no,random,microwave,کیا تصویر میں مائکروویو ہے؟,Kya tasveer mein microwave hai?
466901,COCO_val2014_000000466901.jpg,Is there a cake in the image?,no,random,cake,کیا تصویر میں کیک ہے؟,Kya tasveer mein cake hai?
466901,COCO_val2014_000000466901.jpg,Is there a tie in the image?,yes,popular,tie,کیا تصویر میں ٹائی ہے؟,Kya tasveer mein tie hai?
466901,COCO_val2014_000000466901.jpg,Is there a handbag in the image?,yes,popular,handbag,کیا تصویر میں ہینڈ بیگ ہے؟,Kya tasveer mein handbag hai?
466901,COCO_val2014_000000466901.jpg,Is there a person in the image?,yes,popular,person,کیا تصویر میں کوئی شخص ہے؟,Kya tasveer mein insaan hai?
466901,COCO_val2014_000000466901.jpg,Is there a car in the image?,no,popular,car,کیا تصویر میں کوئی کار ہے؟,Kya tasveer mein gaari hai?
466901,COCO_val2014_000000466901.jpg,Is there a chair in the image?,no,popular,chair,کیا تصویر میں کرسی ہے؟,Kya tasveer mein kursi hai?
466901,COCO_val2014_000000466901.jpg,Is there a book in the image?,no,popular,book,کیا تصویر میں کوئی کتاب ہے؟,Kya tasveer mein kitaab hai?
466901,COCO_val2014_000000466901.jpg,Is there a person in the image?,yes,adversarial,person,کیا تصویر میں کوئی شخص ہے؟,Kya tasveer mein insaan hai?
466901,COCO_val2014_000000466901.jpg,Is there a tie in the image?,yes,adversarial,tie,کیا تصویر میں ٹائی ہے؟,Kya tasveer mein tie hai?
466901,COCO_val2014_000000466901.jpg,Is there a handbag in the image?,yes,adversarial,handbag,کیا تصویر میں ہینڈ بیگ ہے؟,Kya tasveer mein handbag hai?
466901,COCO_val2014_000000466901.jpg,Is there a car in the image?,no,adversarial,car,کیا تصویر میں کوئی کار ہے؟,Kya tasveer mein gaari hai?
466901,COCO_val2014_000000466901.jpg,Is there a chair in the image?,no,adversarial,chair,کیا تصویر میں کرسی ہے؟,Kya tasveer mein kursi hai?
466901,COCO_val2014_000000466901.jpg,Is there a book in the image?,no,adversarial,book,کیا تصویر میں کوئی کتاب ہے؟,Kya tasveer mein kitaab hai?
54329,COCO_val2014_000000054329.jpg,Is there a baseball glove in the image?,yes,random,baseball glove,کیا تصویر میں بیس بال کا دستانہ ہے؟,Kya tasveer mein baseball ka dastaana hai?
54329,COCO_val2014_000000054329.jpg,Is there a person in the image?,yes,random,person,کیا تصویر میں کوئی شخص ہے؟,Kya tasveer mein insaan hai?
54329,COCO_val2014_000000054329.jpg,Is there a sports ball in the image?,yes,random,sports ball,کیا تصویر میں کھیلوں کی گیند ہے؟,Kya tasveer mein khel ka gend hai?
54329,COCO_val2014_000000054329.jpg,Is there a cake in the image?,no,random,cake,کیا تصویر میں کیک ہے؟,Kya tasveer mein cake hai?
54329,COCO_val2014_000000054329.jpg,Is there a hot dog in the image?,no,random,hot dog,کیا تصویر میں کوئی ہاٹ ڈاگ ہے؟,Kya tasveer mein hot dog hai?
54329,COCO_val2014_000000054329.jpg,Is there a stop sign in the image?,no,random,stop sign,کیا تصویر میں سٹاپ کا نشان ہے؟,Kya tasveer mein stop sign hai?
54329,COCO_val2014_000000054329.jpg,Is there a sports ball in the image?,yes,popular,sports ball,کیا تصویر میں کھیلوں کی گیند ہے؟,Kya tasveer mein khel ka gend hai?
54329,COCO_val2014_000000054329.jpg,Is there a person in the image?,yes,popular,person,کیا تصویر میں کوئی شخص ہے؟,Kya tasveer mein insaan hai?
54329,COCO_val2014_000000054329.jpg,Is there a baseball glove in the image?,yes,popular,baseball glove,کیا تصویر میں بیس بال کا دستانہ ہے؟,Kya tasveer mein baseball ka dastaana hai?
54329,COCO_val2014_000000054329.jpg,Is there a car in the image?,no,popular,car,کیا تصویر میں کوئی کار ہے؟,Kya tasveer mein gaari hai?
54329,COCO_val2014_000000054329.jpg,Is there a chair in the image?,no,popular,chair,کیا تصویر میں کرسی ہے؟,Kya tasveer mein kursi hai?
54329,COCO_val2014_000000054329.jpg,Is there a book in the image?,no,popular,book,کیا تصویر میں کوئی کتاب ہے؟,Kya tasveer mein kitaab hai?
54329,COCO_val2014_000000054329.jpg,Is there a sports ball in the image?,yes,adversarial,sports ball,کیا تصویر میں کھیلوں کی گیند ہے؟,Kya tasveer mein khel ka gend hai?
54329,COCO_val2014_000000054329.jpg,Is there a baseball glove in the image?,yes,adversarial,baseball glove,کیا تصویر میں بیس بال کا دستانہ ہے؟,Kya tasveer mein baseball ka dastaana hai?
54329,COCO_val2014_000000054329.jpg,Is there a person in the image?,yes,adversarial,person,کیا تصویر میں کوئی شخص ہے؟,Kya tasveer mein insaan hai?
54329,COCO_val2014_000000054329.jpg,Is there a car in the image?,no,adversarial,car,کیا تصویر میں کوئی کار ہے؟,Kya tasveer mein gaari hai?
54329,COCO_val2014_000000054329.jpg,Is there a chair in the image?,no,adversarial,chair,کیا تصویر میں کرسی ہے؟,Kya tasveer mein kursi hai?
54329,COCO_val2014_000000054329.jpg,Is there a book in the image?,no,adversarial,book,کیا تصویر میں کوئی کتاب ہے؟,Kya tasveer mein kitaab hai?
477435,COCO_val2014_000000477435.jpg,Is there a person in the image?,yes,random,person,کیا تصویر میں کوئی شخص ہے؟,Kya tasveer mein insaan hai?
477435,COCO_val2014_000000477435.jpg,Is there a clock in the image?,yes,random,clock,کیا تصویر میں کوئی گھڑی ہے؟,Kya tasveer mein ghadi hai?
477435,COCO_val2014_000000477435.jpg,Is there a bicycle in the image?,yes,random,bicycle,کیا تصویر میں کوئی سائیکل ہے؟,Kya tasveer mein cycle hai?
477435,COCO_val2014_000000477435.jpg,Is there a surfboard in the image?,no,random,surfboard,کیا تصویر میں کوئی سرف بورڈ ہے؟,Kya tasveer mein surfboard hai?
477435,COCO_val2014_000000477435.jpg,Is there a microwave in the image?,no,random,microwave,کیا تصویر میں مائکروویو ہے؟,Kya tasveer mein microwave hai?
477435,COCO_val2014_000000477435.jpg,Is there a bear in the image?,no,random,bear,کیا تصویر میں ریچھ ہے؟,Kya tasveer mein bhalu hai?
477435,COCO_val2014_000000477435.jpg,Is there a dining table in the image?,yes,popular,dining table,کیا تصویر میں کھانے کی میز ہے؟,Kya tasveer mein khane ki mez hai?
477435,COCO_val2014_000000477435.jpg,Is there a person in the image?,yes,popular,person,کیا تصویر میں کوئی شخص ہے؟,Kya tasveer mein insaan hai?
477435,COCO_val2014_000000477435.jpg,Is there a bench in the image?,yes,popular,bench,کیا تصویر میں کوئی بینچ ہے؟,Kya tasveer mein bench hai?
477435,COCO_val2014_000000477435.jpg,Is there a car in the image?,no,popular,car,کیا تصویر میں کوئی کار ہے؟,Kya tasveer mein gaari hai?
477435,COCO_val2014_000000477435.jpg,Is there a book in the image?,no,popular,book,کیا تصویر میں کوئی کتاب ہے؟,Kya tasveer mein kitaab hai?
477435,COCO_val2014_000000477435.jpg,Is there a bottle in the image?,no,popular,bottle,کیا تصویر میں کوئی بوتل ہے؟,Kya tasveer mein botal hai?
477435,COCO_val2014_000000477435.jpg,Is there a clock in the image?,yes,adversarial,clock,کیا تصویر میں کوئی گھڑی ہے؟,Kya tasveer mein ghadi hai?
477435,COCO_val2014_000000477435.jpg,Is there a bench in the image?,yes,adversarial,bench,کیا تصویر میں کوئی بینچ ہے؟,Kya tasveer mein bench hai?
477435,COCO_val2014_000000477435.jpg,Is there a chair in the image?,yes,adversarial,chair,کیا تصویر میں کرسی ہے؟,Kya tasveer mein kursi hai?
477435,COCO_val2014_000000477435.jpg,Is there a car in the image?,no,adversarial,car,کیا تصویر میں کوئی کار ہے؟,Kya tasveer mein gaari hai?
477435,COCO_val2014_000000477435.jpg,Is there a book in the image?,no,adversarial,book,کیا تصویر میں کوئی کتاب ہے؟,Kya tasveer mein kitaab hai?
477435,COCO_val2014_000000477435.jpg,Is there a bottle in the image?,no,adversarial,bottle,کیا تصویر میں کوئی بوتل ہے؟,Kya tasveer mein botal hai?
