image_id,file_name,question_en,answer,split,category
110330,COCO_val2014_000000110330.jpg,Is there a person in the image?,yes,random,person
110330,COCO_val2014_000000110330.jpg,Is there a bus in the image?,yes,random,bus
110330,COCO_val2014_000000110330.jpg,Is there a handbag in the image?,yes,random,handbag
110330,COCO_val2014_000000110330.jpg,Is there a baseball bat in the image?,no,random,baseball bat
110330,COCO_val2014_000000110330.jpg,Is there a laptop in the image?,no,random,laptop
110330,COCO_val2014_000000110330.jpg,Is there a cake in the image?,no,random,cake
110330,COCO_val2014_000000110330.jpg,Is there a person in the image?,yes,popular,person
110330,COCO_val2014_000000110330.jpg,Is there a bus in the image?,yes,popular,bus
110330,COCO_val2014_000000110330.jpg,Is there a handbag in the image?,yes,popular,handbag
110330,COCO_val2014_000000110330.jpg,Is there a car in the image?,no,popular,car
110330,COCO_val2014_000000110330.jpg,Is there a chair in the image?,no,popular,chair
110330,COCO_val2014_000000110330.jpg,Is there a book in the image?,no,popular,book
110330,COCO_val2014_000000110330.jpg,Is there a bus in the image?,yes,adversarial,bus
110330,COCO_val2014_000000110330.jpg,Is there a handbag in the image?,yes,adversarial,handbag
110330,COCO_val2014_000000110330.jpg,Is there a person in the image?,yes,adversarial,person
110330,COCO_val2014_000000110330.jpg,Is there a car in the image?,no,adversarial,car
110330,COCO_val2014_000000110330.jpg,Is there a chair in the image?,no,adversarial,chair
110330,COCO_val2014_000000110330.jpg,Is there a book in the image?,no,adversarial,book
184205,COCO_val2014_000000184205.jpg,Is there a bottle in the image?,yes,random,bottle
184205,COCO_val2014_000000184205.jpg,Is there a cup in the image?,yes,random,cup
184205,COCO_val2014_000000184205.jpg,Is there a backpack in the image?,yes,random,backpack
184205,COCO_val2014_000000184205.jpg,Is there a train in the image?,no,random,train
184205,COCO_val2014_000000184205.jpg,Is there a parking meter in the image?,no,random,parking meter
184205,COCO_val2014_000000184205.jpg,Is there a truck in the image?,no,random,truck
184205,COCO_val2014_000000184205.jpg,Is there a bottle in the image?,yes,popular,bottle
184205,COCO_val2014_000000184205.jpg,Is there a backpack in the image?,yes,popular,backpack
184205,COCO_val2014_000000184205.jpg,Is there a cup in the image?,yes,popular,cup
184205,COCO_val2014_000000184205.jpg,Is there a person in the image?,no,popular,person
184205,COCO_val2014_000000184205.jpg,Is there a car in the image?,no,popular,car
184205,COCO_val2014_000000184205.jpg,Is there a chair in the image?,no,popular,chair
184205,COCO_val2014_000000184205.jpg,Is there a oven in the image?,yes,adversarial,oven
184205,COCO_val2014_000000184205.jpg,Is there a bottle in the image?,yes,adversarial,bottle
184205,COCO_val2014_000000184205.jpg,Is there a backpack in the image?,yes,adversarial,backpack
184205,COCO_val2014_000000184205.jpg,Is there a person in the image?,no,adversarial,person
184205,COCO_val2014_000000184205.jpg,Is there a car in the image?,no,adversarial,car
184205,COCO_val2014_000000184205.jpg,Is there a chair in the image?,no,adversarial,chair
535668,COCO_val2014_000000535668.jpg,Is there a person in the image?,yes,random,person
535668,COCO_val2014_000000535668.jpg,Is there a sports ball in the image?,yes,random,sports ball
535668,COCO_val2014_000000535668.jpg,Is there a baseball bat in the image?,yes,random,baseball bat
535668,COCO_val2014_000000535668.jpg,Is there a couch in the image?,no,random,couch
535668,COCO_val2014_000000535668.jpg,Is there a backpack in the image?,no,random,backpack
535668,COCO_val2014_000000535668.jpg,Is there a tennis racket in the image?,no,random,tennis racket
535668,COCO_val2014_000000535668.jpg,Is there a sports ball in the image?,yes,popular,sports ball
535668,COCO_val2014_000000535668.jpg,Is there a person in the image?,yes,popular,person
535668,COCO_val2014_000000535668.jpg,Is there a baseball bat in the image?,yes,popular,baseball bat
535668,COCO_val2014_000000535668.jpg,Is there a car in the image?,no,popular,car
535668,COCO_val2014_000000535668.jpg,Is there a chair in the image?,no,popular,chair
535668,COCO_val2014_000000535668.jpg,Is there a book in the image?,no,popular,book
535668,COCO_val2014_000000535668.jpg,Is there a sports ball in the image?,yes,adversarial,sports ball
535668,COCO_val2014_000000535668.jpg,Is there a person in the image?,yes,adversarial,person
535668,COCO_val2014_000000535668.jpg,Is there a baseball bat in the image?,yes,adversarial,baseball bat
535668,COCO_val2014_000000535668.jpg,Is there a car in the image?,no,adversarial,car
535668,COCO_val2014_000000535668.jpg,Is there a chair in the image?,no,adversarial,chair
535668,COCO_val2014_000000535668.jpg,Is there a book in the image?,no,adversarial,book
303685,COCO_val2014_000000303685.jpg,Is there a truck in the image?,yes,random,truck
303685,COCO_val2014_000000303685.jpg,Is there a backpack in the image?,yes,random,backpack
303685,COCO_val2014_000000303685.jpg,Is there a tie in the image?,yes,random,tie
303685,COCO_val2014_000000303685.jpg,Is there a zebra in the image?,no,random,zebra
303685,COCO_val2014_000000303685.jpg,Is there a cake in the image?,no,random,cake
303685,COCO_val2014_000000303685.jpg,Is there a keyboard in the image?,no,random,keyboard
303685,COCO_val2014_000000303685.jpg,Is there a backpack in the image?,yes,popular,backpack
303685,COCO_val2014_000000303685.jpg,Is there a truck in the image?,yes,popular,truck
303685,COCO_val2014_000000303685.jpg,Is there a chair in the image?,yes,popular,chair
303685,COCO_val2014_000000303685.jpg,Is there a person in the image?,no,popular,person
303685,COCO_val2014_000000303685.jpg,Is there a car in the image?,no,popular,car
303685,COCO_val2014_000000303685.jpg,Is there a book in the image?,no,popular,book
303685,COCO_val2014_000000303685.jpg,Is there a truck in the image?,yes,adversarial,truck
303685,COCO_val2014_000000303685.jpg,Is there a backpack in the image?,yes,adversarial,backpack
303685,COCO_val2014_000000303685.jpg,Is there a chair in the image?,yes,adversarial,chair
303685,COCO_val2014_000000303685.jpg,Is there a person in the image?,no,adversarial,person
303685,COCO_val2014_000000303685.jpg,Is there a car in the image?,no,adversarial,car
303685,COCO_val2014_000000303685.jpg,Is there a book in the image?,no,adversarial,book
516414,COCO_val2014_000000516414.jpg,Is there a boat in the image?,yes,random,boat
516414,COCO_val2014_000000516414.jpg,Is there a car in the image?,yes,random,car
516414,COCO_val2014_000000516414.jpg,Is there a person in the image?,yes,random,person
516414,COCO_val2014_000000516414.jpg,Is there a toilet in the image?,no,random,toilet
516414,COCO_val2014_000000516414.jpg,Is there a bottle in the image?,no,random,bottle
516414,COCO_val2014_000000516414.jpg,Is there a couch in the image?,no,random,couch
516414,COCO_val2014_000000516414.jpg,Is there a person in the image?,yes,popular,person
516414,COCO_val2014_000000516414.jpg,Is there a car in the image?,yes,popular,car
516414,COCO_val2014_000000516414.jpg,Is there a boat in the image?,yes,popular,boat
516414,COCO_val2014_000000516414.jpg,Is there a chair in the image?,no,popular,chair
516414,COCO_val2014_000000516414.jpg,Is there a book in the image?,no,popular,book
516414,COCO_val2014_000000516414.jpg,Is there a bottle in the image?,no,popular,bottle
516414,COCO_val2014_000000516414.jpg,Is there a boat in the image?,yes,adversarial,boat
516414,COCO_val2014_000000516414.jpg,Is there a car in the image?,yes,adversarial,car
516414,COCO_val2014_000000516414.jpg,Is there a person in the image?,yes,adversarial,person
516414,COCO_val2014_000000516414.jpg,Is there a chair in the image?,no,adversarial,chair
516414,COCO_val2014_000000516414.jpg,Is there a book in the image?,no,adversarial,book
516414,COCO_val2014_000000516414.jpg,Is there a bottle in the image?,no,adversarial,bottle
443887,COCO_val2014_000000443887.jpg,Is there a cat in the image?,yes,random,cat
443887,COCO_val2014_000000443887.jpg,Is there a bowl in the image?,yes,random,bowl
443887,COCO_val2014_000000443887.jpg,Is there a potted plant in the image?,yes,random,potted plant
443887,COCO_val2014_000000443887.jpg,Is there a truck in the image?,no,random,truck
443887,COCO_val2014_000000443887.jpg,Is there a train in the image?,no,random,train
443887,COCO_val2014_000000443887.jpg,Is there a teddy bear in the image?,no,random,teddy bear
443887,COCO_val2014_000000443887.jpg,Is there a potted plant in the image?,yes,popular,potted plant
443887,COCO_val2014_000000443887.jpg,Is there a cat in the image?,yes,popular,cat
443887,COCO_val2014_000000443887.jpg,Is there a bowl in the image?,yes,popular,bowl
443887,COCO_val2014_000000443887.jpg,Is there a person in the image?,no,popular,person
443887,COCO_val2014_000000443887.jpg,Is there a car in the image?,no,popular,car
443887,COCO_val2014_000000443887.jpg,Is there a chair in the image?,no,popular,chair
443887,COCO_val2014_000000443887.jpg,Is there a bowl in the image?,yes,adversarial,bowl
443887,COCO_val2014_000000443887.jpg,Is there a cat in the image?,yes,adversarial,cat
443887,COCO_val2014_000000443887.jpg,Is there a potted plant in the image?,yes,adversarial,potted plant
443887,COCO_val2014_000000443887.jpg,Is there a person in the image?,no,adversarial,person
443887,COCO_val2014_000000443887.jpg,Is there a car in the image?,no,adversarial,car
443887,COCO_val2014_000000443887.jpg,Is there a chair in the image?,no,adversarial,chair
534827,COCO_val2014_000000534827.jpg,Is there a person in the image?,yes,random,person
534827,COCO_val2014_000000534827.jpg,Is there a motorcycle in the image?,yes,random,motorcycle
534827,COCO_val2014_000000534827.jpg,Is there a handbag in the image?,yes,random,handbag
534827,COCO_val2014_000000534827.jpg,Is there a donut in the image?,no,random,donut
534827,COCO_val2014_000000534827.jpg,Is there a horse in the image?,no,random,horse
534827,COCO_val2014_000000534827.jpg,Is there a vase in the image?,no,random,vase
534827,COCO_val2014_000000534827.jpg,Is there a person in the image?,yes,popular,person
534827,COCO_val2014_000000534827.jpg,Is there a motorcycle in the image?,yes,popular,motorcycle
534827,COCO_val2014_000000534827.jpg,Is there a handbag in the image?,yes,popular,handbag
534827,COCO_val2014_000000534827.jpg,Is there a car in the image?,no,popular,car
534827,COCO_val2014_000000534827.jpg,Is there a chair in the image?,no,popular,chair
534827,COCO_val2014_000000534827.jpg,Is there a book in the image?,no,popular,book
534827,COCO_val2014_000000534827.jpg,Is there a handbag in the image?,yes,adversarial,handbag
534827,COCO_val2014_000000534827.jpg,Is there a motorcycle in the image?,yes,adversarial,motorcycle
534827,COCO_val2014_000000534827.jpg,Is there a person in the image?,yes,adversarial,person
534827,COCO_val2014_000000534827.jpg,Is there a car in the image?,no,adversarial,car
534827,COCO_val2014_000000534827.jpg,Is there a chair in the image?,no,adversarial,chair
534827,COCO_val2014_000000534827.jpg,Is there a book in the image?,no,adversarial,book
240950,COCO_val2014_000000240950.jpg,Is there a bench in the image?,yes,random,bench
240950,COCO_val2014_000000240950.jpg,Is there a wine glass in the image?,yes,random,wine glass
240950,COCO_val2014_000000240950.jpg,Is there a cup in the image?,yes,random,cup
240950,COCO_val2014_000000240950.jpg,Is there a kite in the image?,no,random,kite
240950,COCO_val2014_000000240950.jpg,Is there a skateboard in the image?,no,random,skateboard
240950,COCO_val2014_000000240950.jpg,Is there a tv in the image?,no,random,tv
240950,COCO_val2014_000000240950.jpg,Is there a person in the image?,yes,popular,person
240950,COCO_val2014_000000240950.jpg,Is there a wine glass in the image?,yes,popular,wine glass
240950,COCO_val2014_000000240950.jpg,Is there a knife in the image?,yes,popular,knife
240950,COCO_val2014_000000240950.jpg,Is there a car in the image?,no,popular,car
240950,COCO_val2014_000000240950.jpg,Is there a book in the image?,no,popular,book
240950,COCO_val2014_000000240950.jpg,Is there a traffic light in the image?,no,popular,traffic light
240950,COCO_val2014_000000240950.jpg,Is there a truck in the image?,yes,adversarial,truck
240950,COCO_val2014_000000240950.jpg,Is there a cup in the image?,yes,adversarial,cup
240950,COCO_val2014_000000240950.jpg,Is there a broccoli in the image?,yes,adversarial,broccoli
240950,COCO_val2014_000000240950.jpg,Is there a car in the image?,no,adversarial,car
240950,COCO_val2014_000000240950.jpg,Is there a book in the image?,no,adversarial,book
240950,COCO_val2014_000000240950.jpg,Is there a traffic light in the image?,no,adversarial,traffic light
332625,COCO_val2014_000000332625.jpg,Is there a person in the image?,yes,random,person
332625,COCO_val2014_000000332625.jpg,Is there a tv in the image?,yes,random,tv
332625,COCO_val2014_000000332625.jpg,Is there a chair in the image?,yes,random,chair
332625,COCO_val2014_000000332625.jpg,Is there a fire hydrant in the image?,no,random,fire hydrant
332625,COCO_val2014_000000332625.jpg,Is there a sink in the image?,no,random,sink
332625,COCO_val2014_000000332625.jpg,Is there a suitcase in the image?,no,random,suitcase
332625,COCO_val2014_000000332625.jpg,Is there a chair in the image?,yes,popular,chair
332625,COCO_val2014_000000332625.jpg,Is there a tv in the image?,yes,popular,tv
332625,COCO_val2014_000000332625.jpg,Is there a person in the image?,yes,popular,person
332625,COCO_val2014_000000332625.jpg,Is there a car in the image?,no,popular,car
332625,COCO_val2014_000000332625.jpg,Is there a book in the image?,no,popular,book
332625,COCO_val2014_000000332625.jpg,Is there a bottle in the image?,no,popular,bottle
332625,COCO_val2014_000000332625.jpg,Is there a tv in the image?,yes,adversarial,tv
332625,COCO_val2014_000000332625.jpg,Is there a person in the image?,yes,adversarial,person
332625,COCO_val2014_000000332625.jpg,Is there a chair in the image?,yes,adversarial,chair
332625,COCO_val2014_000000332625.jpg,Is there a car in the image?,no,adversarial,car
332625,COCO_val2014_000000332625.jpg,Is there a book in the image?,no,adversarial,book
332625,COCO_val2014_000000332625.jpg,Is there a bottle in the image?,no,adversarial,bottle
526418,COCO_val2014_000000526418.jpg,Is there a book in the image?,yes,random,book
526418,COCO_val2014_000000526418.jpg,Is there a chair in the image?,yes,random,chair
526418,COCO_val2014_000000526418.jpg,Is there a teddy bear in the image?,yes,random,teddy bear
526418,COCO_val2014_000000526418.jpg,Is there a couch in the image?,no,random,couch
526418,COCO_val2014_000000526418.jpg,Is there a toaster in the image?,no,random,toaster
526418,COCO_val2014_000000526418.jpg,Is there a tennis racket in the image?,no,random,tennis racket
526418,COCO_val2014_000000526418.jpg,Is there a chair in the image?,yes,popular,chair
526418,COCO_val2014_000000526418.jpg,Is there a teddy bear in the image?,yes,popular,teddy bear
526418,COCO_val2014_000000526418.jpg,Is there a book in the image?,yes,popular,book
526418,COCO_val2014_000000526418.jpg,Is there a person in the image?,no,popular,person
526418,COCO_val2014_000000526418.jpg,Is there a car in the image?,no,popular,car
526418,COCO_val2014_000000526418.jpg,Is there a bottle in the image?,no,popular,bottle
526418,COCO_val2014_000000526418.jpg,Is there a chair in the image?,yes,adversarial,chair
526418,COCO_val2014_000000526418.jpg,Is there a teddy bear in the image?,yes,adversarial,teddy bear
526418,COCO_val2014_000000526418.jpg,Is there a book in the image?,yes,adversarial,book
526418,COCO_val2014_000000526418.jpg,Is there a person in the image?,no,adversarial,person
526418,COCO_val2014_000000526418.jpg,Is there a car in the image?,no,adversarial,car
526418,COCO_val2014_000000526418.jpg,Is there a bottle in the image?,no,adversarial,bottle
279549,COCO_val2014_000000279549.jpg,Is there a tennis racket in the image?,yes,random,tennis racket
279549,COCO_val2014_000000279549.jpg,Is there a person in the image?,yes,random,person
279549,COCO_val2014_000000279549.jpg,Is there a sports ball in the image?,yes,random,sports ball
279549,COCO_val2014_000000279549.jpg,Is there a book in the image?,no,random,book
279549,COCO_val2014_000000279549.jpg,Is there a elephant in the image?,no,random,elephant
279549,COCO_val2014_000000279549.jpg,Is there a skateboard in the image?,no,random,skateboard
279549,COCO_val2014_000000279549.jpg,Is there a tennis racket in the image?,yes,popular,tennis racket
279549,COCO_val2014_000000279549.jpg,Is there a person in the image?,yes,popular,person
279549,COCO_val2014_000000279549.jpg,Is there a sports ball in the image?,yes,popular,sports ball
279549,COCO_val2014_000000279549.jpg,Is there a car in the image?,no,popular,car
279549,COCO_val2014_000000279549.jpg,Is there a chair in the image?,no,popular,chair
279549,COCO_val2014_000000279549.jpg,Is there a book in the image?,no,popular,book
279549,COCO_val2014_000000279549.jpg,Is there a person in the image?,yes,adversarial,person
279549,COCO_val2014_000000279549.jpg,Is there a tennis racket in the image?,yes,adversarial,tennis racket
279549,COCO_val2014_000000279549.jpg,Is there a sports ball in the image?,yes,adversarial,sports ball
279549,COCO_val2014_000000279549.jpg,Is there a car in the image?,no,adversarial,car
279549,COCO_val2014_000000279549.jpg,Is there a chair in the image?,no,adversarial,chair
279549,COCO_val2014_000000279549.jpg,Is there a book in the image?,no,adversarial,book
252625,COCO_val2014_000000252625.jpg,Is there a potted plant in the image?,yes,random,potted plant
252625,COCO_val2014_000000252625.jpg,Is there a person in the image?,yes,random,person
252625,COCO_val2014_000000252625.jpg,Is there a traffic light in the image?,yes,random,traffic light
252625,COCO_val2014_000000252625.jpg,Is there a couch in the image?,no,random,couch
252625,COCO_val2014_000000252625.jpg,Is there a tennis racket in the image?,no,random,tennis racket
252625,COCO_val2014_000000252625.jpg,Is there a truck in the image?,no,random,truck
252625,COCO_val2014_000000252625.jpg,Is there a person in the image?,yes,popular,person
252625,COCO_val2014_000000252625.jpg,Is there a bicycle in the image?,yes,popular,bicycle
252625,COCO_val2014_000000252625.jpg,Is there a traffic light in the image?,yes,popular,traffic light
252625,COCO_val2014_000000252625.jpg,Is there a car in the image?,no,popular,car
252625,COCO_val2014_000000252625.jpg,Is there a chair in the image?,no,popular,chair
252625,COCO_val2014_000000252625.jpg,Is there a book in the image?,no,popular,book
252625,COCO_val2014_000000252625.jpg,Is there a potted plant in the image?,yes,adversarial,potted plant
252625,COCO_val2014_000000252625.jpg,Is there a person in the image?,yes,adversarial,person
252625,COCO_val2014_000000252625.jpg,Is there a bicycle in the image?,yes,adversarial,bicycle
252625,COCO_val2014_000000252625.jpg,Is there a car in the image?,no,adversarial,car
252625,COCO_val2014_000000252625.jpg,Is there a chair in the image?,no,adversarial,chair
252625,COCO_val2014_000000252625.jpg,Is there a book in the image?,no,adversarial,book
17244,COCO_val2014_000000017244.jpg,Is there a bus in the image?,yes,random,bus
17244,COCO_val2014_000000017244.jpg,Is there a bicycle in the image?,yes,random,bicycle
17244,COCO_val2014_000000017244.jpg,Is there a person in the image?,yes,random,person
17244,COCO_val2014_000000017244.jpg,Is there a horse in the image?,no,random,horse
17244,COCO_val2014_000000017244.jpg,Is there a parking meter in the image?,no,random,parking meter
17244,COCO_val2014_000000017244.jpg,Is there a zebra in the image?,no,random,zebra
17244,COCO_val2014_000000017244.jpg,Is there a bus in the image?,yes,popular,bus
17244,COCO_val2014_000000017244.jpg,Is there a person in the image?,yes,popular,person
17244,COCO_val2014_000000017244.jpg,Is there a bicycle in the image?,yes,popular,bicycle
17244,COCO_val2014_000000017244.jpg,Is there a car in the image?,no,popular,car
17244,COCO_val2014_000000017244.jpg,Is there a chair in the image?,no,popular,chair
17244,COCO_val2014_000000017244.jpg,Is there a book in the image?,no,popular,book
17244,COCO_val2014_000000017244.jpg,Is there a bus in the image?,yes,adversarial,bus
17244,COCO_val2014_000000017244.jpg,Is there a person in the image?,yes,adversarial,person
17244,COCO_val2014_000000017244.jpg,Is there a bicycle in the image?,yes,adversarial,bicycle
17244,COCO_val2014_000000017244.jpg,Is there a car in the image?,no,adversarial,car
17244,COCO_val2014_000000017244.jpg,Is there a chair in the image?,no,adversarial,chair
17244,COCO_val2014_000000017244.jpg,Is there a book in the image?,no,adversarial,book
283498,COCO_val2014_000000283498.jpg,Is there a car in the image?,yes,random,car
283498,COCO_val2014_000000283498.jpg,Is there a person in the image?,yes,random,person
283498,COCO_val2014_000000283498.jpg,Is there a airplane in the image?,yes,random,airplane
283498,COCO_val2014_000000283498.jpg,Is there a broccoli in the image?,no,random,broccoli
283498,COCO_val2014_000000283498.jpg,Is there a traffic light in the image?,no,random,traffic light
283498,COCO_val2014_000000283498.jpg,Is there a orange in the image?,no,random,orange
283498,COCO_val2014_000000283498.jpg,Is there a car in the image?,yes,popular,car
283498,COCO_val2014_000000283498.jpg,Is there a truck in the image?,yes,popular,truck
283498,COCO_val2014_000000283498.jpg,Is there a person in the image?,yes,popular,person
283498,COCO_val2014_000000283498.jpg,Is there a chair in the image?,no,popular,chair
283498,COCO_val2014_000000283498.jpg,Is there a book in the image?,no,popular,book
283498,COCO_val2014_000000283498.jpg,Is there a bottle in the image?,no,popular,bottle
283498,COCO_val2014_000000283498.jpg,Is there a person in the image?,yes,adversarial,person
283498,COCO_val2014_000000283498.jpg,Is there a car in the image?,yes,adversarial,car
283498,COCO_val2014_000000283498.jpg,Is there a truck in the image?,yes,adversarial,truck
283498,COCO_val2014_000000283498.jpg,Is there a chair in the image?,no,adversarial,chair
283498,COCO_val2014_000000283498.jpg,Is there a book in the image?,no,adversarial,book
283498,COCO_val2014_000000283498.jpg,Is there a bottle in the image?,no,adversarial,bottle
166979,COCO_val2014_000000166979.jpg,Is there a airplane in the image?,yes,random,airplane
166979,COCO_val2014_000000166979.jpg,Is there a boat in the image?,yes,random,boat
166979,COCO_val2014_000000166979.jpg,Is there a person in the image?,yes,random,person
166979,COCO_val2014_000000166979.jpg,Is there a giraffe in the image?,no,random,giraffe
166979,COCO_val2014_000000166979.jpg,Is there a umbrella in the image?,no,random,umbrella
166979,COCO_val2014_000000166979.jpg,Is there a cake in the image?,no,random,cake
166979,COCO_val2014_000000166979.jpg,Is there a boat in the image?,yes,popular,boat
166979,COCO_val2014_000000166979.jpg,Is there a airplane in the image?,yes,popular,airplane
166979,COCO_val2014_000000166979.jpg,Is there a person in the image?,yes,popular,person
166979,COCO_val2014_000000166979.jpg,Is there a car in the image?,no,popular,car
166979,COCO_val2014_000000166979.jpg,Is there a chair in the image?,no,popular,chair
166979,COCO_val2014_000000166979.jpg,Is there a book in the image?,no,popular,book
166979,COCO_val2014_000000166979.jpg,Is there a person in the image?,yes,adversarial,person
166979,COCO_val2014_000000166979.jpg,Is there a boat in the image?,yes,adversarial,boat
166979,COCO_val2014_000000166979.jpg,Is there a airplane in the image?,yes,adversarial,airplane
166979,COCO_val2014_000000166979.jpg,Is there a car in the image?,no,adversarial,car
166979,COCO_val2014_000000166979.jpg,Is there a chair in the image?,no,adversarial,chair
166979,COCO_val2014_000000166979.jpg,Is there a book in the image?,no,adversarial,book
502141,COCO_val2014_000000502141.jpg,Is there a dining table in the image?,yes,random,dining table
502141,COCO_val2014_000000502141.jpg,Is there a umbrella in the image?,yes,random,umbrella
502141,COCO_val2014_000000502141.jpg,Is there a chair in the image?,yes,random,chair
502141,COCO_val2014_000000502141.jpg,Is there a airplane in the image?,no,random,airplane
502141,COCO_val2014_000000502141.jpg,Is there a laptop in the image?,no,random,laptop
502141,COCO_val2014_000000502141.jpg,Is there a frisbee in the image?,no,random,frisbee
502141,COCO_val2014_000000502141.jpg,Is there a dining table in the image?,yes,popular,dining table
502141,COCO_val2014_000000502141.jpg,Is there a chair in the image?,yes,popular,chair
502141,COCO_val2014_000000502141.jpg,Is there a umbrella in the image?,yes,popular,umbrella
502141,COCO_val2014_000000502141.jpg,Is there a person in the image?,no,popular,person
502141,COCO_val2014_000000502141.jpg,Is there a car in the image?,no,popular,car
502141,COCO_val2014_000000502141.jpg,Is there a book in the image?,no,popular,book
502141,COCO_val2014_000000502141.jpg,Is there a chair in the image?,yes,adversarial,chair
502141,COCO_val2014_000000502141.jpg,Is there a dining table in the image?,yes,adversarial,dining table
502141,COCO_val2014_000000502141.jpg,Is there a umbrella in the image?,yes,adversarial,umbrella
502141,COCO_val2014_000000502141.jpg,Is there a person in the image?,no,adversarial,person
502141,COCO_val2014_000000502141.jpg,Is there a car in the image?,no,adversarial,car
502141,COCO_val2014_000000502141.jpg,Is there a book in the image?,no,adversarial,book
20481,COCO_val2014_000000020481.jpg,Is there a cup in the image?,yes,random,cup
20481,COCO_val2014_000000020481.jpg,Is there a laptop in the image?,yes,random,laptop
20481,COCO_val2014_000000020481.jpg,Is there a mouse in the image?,yes,random,mouse
20481,COCO_val2014_000000020481.jpg,Is there a hot dog in the image?,no,random,hot dog
20481,COCO_val2014_000000020481.jpg,Is there a knife in the image?,no,random,knife
20481,COCO_val2014_000000020481.jpg,Is there a baseball glove in the image?,no,random,baseball glove
20481,COCO_val2014_000000020481.jpg,Is there a cup in the image?,yes,popular,cup
20481,COCO_val2014_000000020481.jpg,Is there a chair in the image?,yes,popular,chair
20481,COCO_val2014_000000020481.jpg,Is there a laptop in the image?,yes,popular,laptop
20481,COCO_val2014_000000020481.jpg,Is there a person in the image?,no,popular,person
20481,COCO_val2014_000000020481.jpg,Is there a car in the image?,no,popular,car
20481,COCO_val2014_000000020481.jpg,Is there a book in the image?,no,popular,book
20481,COCO_val2014_000000020481.jpg,Is there a mouse in the image?,yes,adversarial,mouse
20481,COCO_val2014_000000020481.jpg,Is there a laptop in the image?,yes,adversarial,laptop
20481,COCO_val2014_000000020481.jpg,Is there a chair in the image?,yes,adversarial,chair
20481,COCO_val2014_000000020481.jpg,Is there a person in the image?,no,adversarial,person
20481,COCO_val2014_000000020481.jpg,Is there a car in the image?,no,adversarial,car
20481,COCO_val2014_000000020481.jpg,Is there a book in the image?,no,adversarial,book
210855,COCO_val2014_000000210855.jpg,Is there a sink in the image?,yes,random,sink
210855,COCO_val2014_000000210855.jpg,Is there a bottle in the image?,yes,random,bottle
210855,COCO_val2014_000000210855.jpg,Is there a toilet in the image?,yes,random,toilet
210855,COCO_val2014_000000210855.jpg,Is there a zebra in the image?,no,random,zebra
210855,COCO_val2014_000000210855.jpg,Is there a hair drier in the image?,no,random,hair drier
210855,COCO_val2014_000000210855.jpg,Is there a kite in the image?,no,random,kite
210855,COCO_val2014_000000210855.jpg,Is there a sink in the image?,yes,popular,sink
210855,COCO_val2014_000000210855.jpg,Is there a bottle in the image?,yes,popular,bottle
210855,COCO_val2014_000000210855.jpg,Is there a toilet in the image?,yes,popular,toilet
210855,COCO_val2014_000000210855.jpg,Is there a person in the image?,no,popular,person
210855,COCO_val2014_000000210855.jpg,Is there a car in the image?,no,popular,car
210855,COCO_val2014_000000210855.jpg,Is there a chair in the image?,no,popular,chair
210855,COCO_val2014_000000210855.jpg,Is there a vase in the image?,yes,adversarial,vase
210855,COCO_val2014_000000210855.jpg,Is there a bottle in the image?,yes,adversarial,bottle
210855,COCO_val2014_000000210855.jpg,Is there a toilet in the image?,yes,adversarial,toilet
210855,COCO_val2014_000000210855.jpg,Is there a person in the image?,no,adversarial,person
210855,COCO_val2014_000000210855.jpg,Is there a car in the image?,no,adversarial,car
210855,COCO_val2014_000000210855.jpg,Is there a chair in the image?,no,adversarial,chair
194716,COCO_val2014_000000194716.jpg,Is there a car in the image?,yes,random,car
194716,COCO_val2014_000000194716.jpg,Is there a person in the image?,yes,random,person
194716,COCO_val2014_000000194716.jpg,Is there a cell phone in the image?,yes,random,cell phone
194716,COCO_val2014_000000194716.jpg,Is there a scissors in the image?,no,random,scissors
194716,COCO_val2014_000000194716.jpg,Is there a handbag in the image?,no,random,handbag
194716,COCO_val2014_000000194716.jpg,Is there a baseball bat in the image?,no,random,baseball bat
194716,COCO_val2014_000000194716.jpg,Is there a person in the image?,yes,popular,person
194716,COCO_val2014_000000194716.jpg,Is there a car in the image?,yes,popular,car
194716,COCO_val2014_000000194716.jpg,Is there a cell phone in the image?,yes,popular,cell phone
194716,COCO_val2014_000000194716.jpg,Is there a chair in the image?,no,popular,chair
194716,COCO_val2014_000000194716.jpg,Is there a book in the image?,no,popular,book
194716,COCO_val2014_000000194716.jpg,Is there a bottle in the image?,no,popular,bottle
194716,COCO_val2014_000000194716.jpg,Is there a cell phone in the image?,yes,adversarial,cell phone
194716,COCO_val2014_000000194716.jpg,Is there a person in the image?,yes,adversarial,person
194716,COCO_val2014_000000194716.jpg,Is there a car in the image?,yes,adversarial,car
194716,COCO_val2014_000000194716.jpg,Is there a chair in the image?,no,adversarial,chair
194716,COCO_val2014_000000194716.jpg,Is there a book in the image?,no,adversarial,book
194716,COCO_val2014_000000194716.jpg,Is there a bottle in the image?,no,adversarial,bottle
42225,COCO_val2014_000000042225.jpg,Is there a frisbee in the image?,yes,random,frisbee
42225,COCO_val2014_000000042225.jpg,Is there a person in the image?,yes,random,person
42225,COCO_val2014_000000042225.jpg,Is there a car in the image?,yes,random,car
42225,COCO_val2014_000000042225.jpg,Is there a spoon in the image?,no,random,spoon
42225,COCO_val2014_000000042225.jpg,Is there a sheep in the image?,no,random,sheep
42225,COCO_val2014_000000042225.jpg,Is there a fork in the image?,no,random,fork
42225,COCO_val2014_000000042225.jpg,Is there a dog in the image?,yes,popular,dog
42225,COCO_val2014_000000042225.jpg,Is there a frisbee in the image?,yes,popular,frisbee
42225,COCO_val2014_000000042225.jpg,Is there a car in the image?,yes,popular,car
42225,COCO_val2014_000000042225.jpg,Is there a chair in the image?,no,popular,chair
42225,COCO_val2014_000000042225.jpg,Is there a book in the image?,no,popular,book
42225,COCO_val2014_000000042225.jpg,Is there a bottle in the image?,no,popular,bottle
42225,COCO_val2014_000000042225.jpg,Is there a dog in the image?,yes,adversarial,dog
42225,COCO_val2014_000000042225.jpg,Is there a car in the image?,yes,adversarial,car
42225,COCO_val2014_000000042225.jpg,Is there a frisbee in the image?,yes,adversarial,frisbee
42225,COCO_val2014_000000042225.jpg,Is there a chair in the image?,no,adversarial,chair
42225,COCO_val2014_000000042225.jpg,Is there a book in the image?,no,adversarial,book
42225,COCO_val2014_000000042225.jpg,Is there a bottle in the image?,no,adversarial,bottle
197369,COCO_val2014_000000197369.jpg,Is there a refrigerator in the image?,yes,random,refrigerator
197369,COCO_val2014_000000197369.jpg,Is there a person in the image?,yes,random,person
197369,COCO_val2014_000000197369.jpg,Is there a bowl in the image?,yes,random,bowl
197369,COCO_val2014_000000197369.jpg,Is there a carrot in the image?,no,random,carrot
197369,COCO_val2014_000000197369.jpg,Is there a giraffe in the image?,no,random,giraffe
197369,COCO_val2014_000000197369.jpg,Is there a scissors in the image?,no,random,scissors
197369,COCO_val2014_000000197369.jpg,Is there a bottle in the image?,yes,popular,bottle
197369,COCO_val2014_000000197369.jpg,Is there a refrigerator in the image?,yes,popular,refrigerator
197369,COCO_val2014_000000197369.jpg,Is there a person in the image?,yes,popular,person
197369,COCO_val2014_000000197369.jpg,Is there a car in the image?,no,popular,car
197369,COCO_val2014_000000197369.jpg,Is there a chair in the image?,no,popular,chair
197369,COCO_val2014_000000197369.jpg,Is there a book in the image?,no,popular,book
197369,COCO_val2014_000000197369.jpg,Is there a bottle in the image?,yes,adversarial,bottle
197369,COCO_val2014_000000197369.jpg,Is there a refrigerator in the image?,yes,adversarial,refrigerator
197369,COCO_val2014_000000197369.jpg,Is there a person in the image?,yes,adversarial,person
197369,COCO_val2014_000000197369.jpg,Is there a car in the image?,no,adversarial,car
197369,COCO_val2014_000000197369.jpg,Is there a chair in the image?,no,adversarial,chair
197369,COCO_val2014_000000197369.jpg,Is there a book in the image?,no,adversarial,book
398798,COCO_val2014_000000398798.jpg,Is there a tennis racket in the image?,yes,random,tennis racket
398798,COCO_val2014_000000398798.jpg,Is there a sports ball in the image?,yes,random,sports ball
398798,COCO_val2014_000000398798.jpg,Is there a person in the image?,yes,random,person
398798,COCO_val2014_000000398798.jpg,Is there a bed in the image?,no,random,bed
398798,COCO_val2014_000000398798.jpg,Is there a suitcase in the image?,no,random,suitcase
398798,COCO_val2014_000000398798.jpg,Is there a microwave in the image?,no,random,microwave
398798,COCO_val2014_000000398798.jpg,Is there a tennis racket in the image?,yes,popular,tennis racket
398798,COCO_val2014_000000398798.jpg,Is there a person in the image?,yes,popular,person
398798,COCO_val2014_000000398798.jpg,Is there a sports ball in the image?,yes,popular,sports ball
398798,COCO_val2014_000000398798.jpg,Is there a car in the image?,no,popular,car
398798,COCO_val2014_000000398798.jpg,Is there a chair in the image?,no,popular,chair
398798,COCO_val2014_000000398798.jpg,Is there a book in the image?,no,popular,book
398798,COCO_val2014_000000398798.jpg,Is there a tennis racket in the image?,yes,adversarial,tennis racket
398798,COCO_val2014_000000398798.jpg,Is there a sports ball in the image?,yes,adversarial,sports ball
398798,COCO_val2014_000000398798.jpg,Is there a person in the image?,yes,adversarial,person
398798,COCO_val2014_000000398798.jpg,Is there a car in the image?,no,adversarial,car
398798,COCO_val2014_000000398798.jpg,Is there a chair in the image?,no,adversarial,chair
398798,COCO_val2014_000000398798.jpg,Is there a book in the image?,no,adversarial,book
268854,COCO_val2014_000000268854.jpg,Is there a boat in the image?,yes,random,boat
268854,COCO_val2014_000000268854.jpg,Is there a person in the image?,yes,random,person
268854,COCO_val2014_000000268854.jpg,Is there a handbag in the image?,yes,random,handbag
268854,COCO_val2014_000000268854.jpg,Is there a suitcase in the image?,no,random,suitcase
268854,COCO_val2014_000000268854.jpg,Is there a elephant in the image?,no,random,elephant
268854,COCO_val2014_000000268854.jpg,Is there a airplane in the image?,no,random,airplane
268854,COCO_val2014_000000268854.jpg,Is there a boat in the image?,yes,popular,boat
268854,COCO_val2014_000000268854.jpg,Is there a handbag in the image?,yes,popular,handbag
268854,COCO_val2014_000000268854.jpg,Is there a person in the image?,yes,popular,person
268854,COCO_val2014_000000268854.jpg,Is there a car in the image?,no,popular,car
268854,COCO_val2014_000000268854.jpg,Is there a chair in the image?,no,popular,chair
268854,COCO_val2014_000000268854.jpg,Is there a book in the image?,no,popular,book
268854,COCO_val2014_000000268854.jpg,Is there a handbag in the image?,yes,adversarial,handbag
268854,COCO_val2014_000000268854.jpg,Is there a boat in the image?,yes,adversarial,boat
268854,COCO_val2014_000000268854.jpg,Is there a person in the image?,yes,adversarial,person
268854,COCO_val2014_000000268854.jpg,Is there a car in the image?,no,adversarial,car
268854,COCO_val2014_000000268854.jpg,Is there a chair in the image?,no,adversarial,chair
268854,COCO_val2014_000000268854.jpg,Is there a book in the image?,no,adversarial,book
275657,COCO_val2014_000000275657.jpg,Is there a knife in the image?,yes,random,knife
275657,COCO_val2014_000000275657.jpg,Is there a fork in the image?,yes,random,fork
275657,COCO_val2014_000000275657.jpg,Is there a cup in the image?,yes,random,cup
275657,COCO_val2014_000000275657.jpg,Is there a umbrella in the image?,no,random,umbrella
275657,COCO_val2014_000000275657.jpg,Is there a cake in the image?,no,random,cake
275657,COCO_val2014_000000275657.jpg,Is there a toaster in the image?,no,random,toaster
275657,COCO_val2014_000000275657.jpg,Is there a knife in the image?,yes,popular,knife
275657,COCO_val2014_000000275657.jpg,Is there a person in the image?,yes,popular,person
275657,COCO_val2014_000000275657.jpg,Is there a fork in the image?,yes,popular,fork
275657,COCO_val2014_000000275657.jpg,Is there a car in the image?,no,popular,car
275657,COCO_val2014_000000275657.jpg,Is there a chair in the image?,no,popular,chair
275657,COCO_val2014_000000275657.jpg,Is there a book in the image?,no,popular,book
275657,COCO_val2014_000000275657.jpg,Is there a fork in the image?,yes,adversarial,fork
275657,COCO_val2014_000000275657.jpg,Is there a wine glass in the image?,yes,adversarial,wine glass
275657,COCO_val2014_000000275657.jpg,Is there a dining table in the image?,yes,adversarial,dining table
275657,COCO_val2014_000000275657.jpg,Is there a car in the image?,no,adversarial,car
275657,COCO_val2014_000000275657.jpg,Is there a chair in the image?,no,adversarial,chair
275657,COCO_val2014_000000275657.jpg,Is there a book in the image?,no,adversarial,book
536403,COCO_val2014_000000536403.jpg,Is there a hot dog in the image?,yes,random,hot dog
536403,COCO_val2014_000000536403.jpg,Is there a dining table in the image?,yes,random,dining table
536403,COCO_val2014_000000536403.jpg,Is there a laptop in the image?,yes,random,laptop
536403,COCO_val2014_000000536403.jpg,Is there a zebra in the image?,no,random,zebra
536403,COCO_val2014_000000536403.jpg,Is there a toaster in the image?,no,random,toaster
536403,COCO_val2014_000000536403.jpg,Is there a tv in the image?,no,random,tv
536403,COCO_val2014_000000536403.jpg,Is there a hot dog in the image?,yes,popular,hot dog
536403,COCO_val2014_000000536403.jpg,Is there a sandwich in the image?,yes,popular,sandwich
536403,COCO_val2014_000000536403.jpg,Is there a laptop in the image?,yes,popular,laptop
536403,COCO_val2014_000000536403.jpg,Is there a person in the image?,no,popular,person
536403,COCO_val2014_000000536403.jpg,Is there a car in the image?,no,popular,car
536403,COCO_val2014_000000536403.jpg,Is there a chair in the image?,no,popular,chair
536403,COCO_val2014_000000536403.jpg,Is there a hot dog in the image?,yes,adversarial,hot dog
536403,COCO_val2014_000000536403.jpg,Is there a dining table in the image?,yes,adversarial,dining table
536403,COCO_val2014_000000536403.jpg,Is there a laptop in the image?,yes,adversarial,laptop
536403,COCO_val2014_000000536403.jpg,Is there a person in the image?,no,adversarial,person
536403,COCO_val2014_000000536403.jpg,Is there a car in the image?,no,adversarial,car
536403,COCO_val2014_000000536403.jpg,Is there a chair in the image?,no,adversarial,chair
412419,COCO_val2014_000000412419.jpg,Is there a baseball bat in the image?,yes,random,baseball bat
412419,COCO_val2014_000000412419.jpg,Is there a sports ball in the image?,yes,random,sports ball
412419,COCO_val2014_000000412419.jpg,Is there a baseball glove in the image?,yes,random,baseball glove
412419,COCO_val2014_000000412419.jpg,Is there a dining table in the image?,no,random,dining table
412419,COCO_val2014_000000412419.jpg,Is there a microwave in the image?,no,random,microwave
412419,COCO_val2014_000000412419.jpg,Is there a potted plant in the image?,no,random,potted plant
412419,COCO_val2014_000000412419.jpg,Is there a baseball bat in the image?,yes,popular,baseball bat
412419,COCO_val2014_000000412419.jpg,Is there a person in the image?,yes,popular,person
412419,COCO_val2014_000000412419.jpg,Is there a baseball glove in the image?,yes,popular,baseball glove
412419,COCO_val2014_000000412419.jpg,Is there a car in the image?,no,popular,car
412419,COCO_val2014_000000412419.jpg,Is there a chair in the image?,no,popular,chair
412419,COCO_val2014_000000412419.jpg,Is there a book in the image?,no,popular,book
412419,COCO_val2014_000000412419.jpg,Is there a baseball bat in the image?,yes,adversarial,baseball bat
412419,COCO_val2014_000000412419.jpg,Is there a baseball glove in the image?,yes,adversarial,baseball glove
412419,COCO_val2014_000000412419.jpg,Is there a person in the image?,yes,adversarial,person
412419,COCO_val2014_000000412419.jpg,Is there a car in the image?,no,adversarial,car
412419,COCO_val2014_000000412419.jpg,Is there a chair in the image?,no,adversarial,chair
412419,COCO_val2014_000000412419.jpg,Is there a book in the image?,no,adversarial,book
207072,COCO_val2014_000000207072.jpg,Is there a potted plant in the image?,yes,random,potted plant
207072,COCO_val2014_000000207072.jpg,Is there a vase in the image?,yes,random,vase
207072,COCO_val2014_000000207072.jpg,Is there a car in the image?,yes,random,car
207072,COCO_val2014_000000207072.jpg,Is there a snowboard in the image?,no,random,snowboard
207072,COCO_val2014_000000207072.jpg,Is there a skateboard in the image?,no,random,skateboard
207072,COCO_val2014_000000207072.jpg,Is there a couch in the image?,no,random,couch
207072,COCO_val2014_000000207072.jpg,Is there a car in the image?,yes,popular,car
207072,COCO_val2014_000000207072.jpg,Is there a vase in the image?,yes,popular,vase
207072,COCO_val2014_000000207072.jpg,Is there a potted plant in the image?,yes,popular,potted plant
207072,COCO_val2014_000000207072.jpg,Is there a person in the image?,no,popular,person
207072,COCO_val2014_000000207072.jpg,Is there a chair in the image?,no,popular,chair
207072,COCO_val2014_000000207072.jpg,Is there a book in the image?,no,popular,book
207072,COCO_val2014_000000207072.jpg,Is there a vase in the image?,yes,adversarial,vase
207072,COCO_val2014_000000207072.jpg,Is there a potted plant in the image?,yes,adversarial,potted plant
207072,COCO_val2014_000000207072.jpg,Is there a car in the image?,yes,adversarial,car
207072,COCO_val2014_000000207072.jpg,Is there a person in the image?,no,adversarial,person
207072,COCO_val2014_000000207072.jpg,Is there a chair in the image?,no,adversarial,chair
207072,COCO_val2014_000000207072.jpg,Is there a book in the image?,no,adversarial,book
233727,COCO_val2014_000000233727.jpg,Is there a bus in the image?,yes,random,bus
233727,COCO_val2014_000000233727.jpg,Is there a person in the image?,yes,random,person
233727,COCO_val2014_000000233727.jpg,Is there a bicycle in the image?,yes,random,bicycle
233727,COCO_val2014_000000233727.jpg,Is there a zebra in the image?,no,random,zebra
233727,COCO_val2014_000000233727.jpg,Is there a sports ball in the image?,no,random,sports ball
233727,COCO_val2014_000000233727.jpg,Is there a hot dog in the image?,no,random,hot dog
233727,COCO_val2014_000000233727.jpg,Is there a bus in the image?,yes,popular,bus
233727,COCO_val2014_000000233727.jpg,Is there a person in the image?,yes,popular,person
233727,COCO_val2014_000000233727.jpg,Is there a bicycle in the image?,yes,popular,bicycle
233727,COCO_val2014_000000233727.jpg,Is there a car in the image?,no,popular,car
233727,COCO_val2014_000000233727.jpg,Is there a chair in the image?,no,popular,chair
233727,COCO_val2014_000000233727.jpg,Is there a book in the image?,no,popular,book
233727,COCO_val2014_000000233727.jpg,Is there a person in the image?,yes,adversarial,person
233727,COCO_val2014_000000233727.jpg,Is there a bicycle in the image?,yes,adversarial,bicycle
233727,COCO_val2014_000000233727.jpg,Is there a bus in the image?,yes,adversarial,bus
233727,COCO_val2014_000000233727.jpg,Is there a car in the image?,no,adversarial,car
233727,COCO_val2014_000000233727.jpg,Is there a chair in the image?,no,adversarial,chair
233727,COCO_val2014_000000233727.jpg,Is there a book in the image?,no,adversarial,book
497067,COCO_val2014_000000497067.jpg,Is there a sports ball in the image?,yes,random,sports ball
497067,COCO_val2014_000000497067.jpg,Is there a person in the image?,yes,random,person
497067,COCO_val2014_000000497067.jpg,Is there a car in the image?,yes,random,car
497067,COCO_val2014_000000497067.jpg,Is there a couch in the image?,no,random,couch
497067,COCO_val2014_000000497067.jpg,Is there a fire hydrant in the image?,no,random,fire hydrant
497067,COCO_val2014_000000497067.jpg,Is there a frisbee in the image?,no,random,frisbee
497067,COCO_val2014_000000497067.jpg,Is there a person in the image?,yes,popular,person
497067,COCO_val2014_000000497067.jpg,Is there a car in the image?,yes,popular,car
497067,COCO_val2014_000000497067.jpg,Is there a truck in the image?,yes,popular,truck
497067,COCO_val2014_000000497067.jpg,Is there a chair in the image?,no,popular,chair
497067,COCO_val2014_000000497067.jpg,Is there a book in the image?,no,popular,book
497067,COCO_val2014_000000497067.jpg,Is there a bottle in the image?,no,popular,bottle
497067,COCO_val2014_000000497067.jpg,Is there a person in the image?,yes,adversarial,person
497067,COCO_val2014_000000497067.jpg,Is there a car in the image?,yes,adversarial,car
497067,COCO_val2014_000000497067.jpg,Is there a truck in the image?,yes,adversarial,truck
497067,COCO_val2014_000000497067.jpg,Is there a chair in the image?,no,adversarial,chair
497067,COCO_val2014_000000497067.jpg,Is there a book in the image?,no,adversarial,book
497067,COCO_val2014_000000497067.jpg,Is there a bottle in the image?,no,adversarial,bottle
28671,COCO_val2014_000000028671.jpg,Is there a person in the image?,yes,random,person
28671,COCO_val2014_000000028671.jpg,Is there a hot dog in the image?,yes,random,hot dog
28671,COCO_val2014_000000028671.jpg,Is there a book in the image?,yes,random,book
28671,COCO_val2014_000000028671.jpg,Is there a cake in the image?,no,random,cake
28671,COCO_val2014_000000028671.jpg,Is there a sink in the image?,no,random,sink
28671,COCO_val2014_000000028671.jpg,Is there a refrigerator in the image?,no,random,refrigerator
28671,COCO_val2014_000000028671.jpg,Is there a hot dog in the image?,yes,popular,hot dog
28671,COCO_val2014_000000028671.jpg,Is there a book in the image?,yes,popular,book
28671,COCO_val2014_000000028671.jpg,Is there a clock in the image?,yes,popular,clock
28671,COCO_val2014_000000028671.jpg,Is there a car in the image?,no,popular,car
28671,COCO_val2014_000000028671.jpg,Is there a chair in the image?,no,popular,chair
28671,COCO_val2014_000000028671.jpg,Is there a bottle in the image?,no,popular,bottle
28671,COCO_val2014_000000028671.jpg,Is there a book in the image?,yes,adversarial,book
28671,COCO_val2014_000000028671.jpg,Is there a person in the image?,yes,adversarial,person
28671,COCO_val2014_000000028671.jpg,Is there a hot dog in the image?,yes,adversarial,hot dog
28671,COCO_val2014_000000028671.jpg,Is there a car in the image?,no,adversarial,car
28671,COCO_val2014_000000028671.jpg,Is there a chair in the image?,no,adversarial,chair
28671,COCO_val2014_000000028671.jpg,Is there a bottle in the image?,no,adversarial,bottle
147980,COCO_val2014_000000147980.jpg,Is there a baseball glove in the image?,yes,random,baseball glove
147980,COCO_val2014_000000147980.jpg,Is there a person in the image?,yes,random,person
147980,COCO_val2014_000000147980.jpg,Is there a sports ball in the image?,yes,random,sports ball
147980,COCO_val2014_000000147980.jpg,Is there a banana in the image?,no,random,banana
147980,COCO_val2014_000000147980.jpg,Is there a donut in the image?,no,random,donut
147980,COCO_val2014_000000147980.jpg,Is there a zebra in the image?,no,random,zebra
147980,COCO_val2014_000000147980.jpg,Is there a baseball glove in the image?,yes,popular,baseball glove
147980,COCO_val2014_000000147980.jpg,Is there a person in the image?,yes,popular,person
147980,COCO_val2014_000000147980.jpg,Is there a sports ball in the image?,yes,popular,sports ball
147980,COCO_val2014_000000147980.jpg,Is there a car in the image?,no,popular,car
147980,COCO_val2014_000000147980.jpg,Is there a chair in the image?,no,popular,chair
147980,COCO_val2014_000000147980.jpg,Is there a book in the image?,no,popular,book
147980,COCO_val2014_000000147980.jpg,Is there a baseball glove in the image?,yes,adversarial,baseball glove
147980,COCO_val2014_000000147980.jpg,Is there a person in the image?,yes,adversarial,person
147980,COCO_val2014_000000147980.jpg,Is there a sports ball in the image?,yes,adversarial,sports ball
147980,COCO_val2014_000000147980.jpg,Is there a car in the image?,no,adversarial,car
147980,COCO_val2014_000000147980.jpg,Is there a chair in the image?,no,adversarial,chair
147980,COCO_val2014_000000147980.jpg,Is there a book in the image?,no,adversarial,book
345848,COCO_val2014_000000345848.jpg,Is there a bicycle in the image?,yes,random,bicycle
345848,COCO_val2014_000000345848.jpg,Is there a truck in the image?,yes,random,truck
345848,COCO_val2014_000000345848.jpg,Is there a motorcycle in the image?,yes,random,motorcycle
345848,COCO_val2014_000000345848.jpg,Is there a remote in the image?,no,random,remote
345848,COCO_val2014_000000345848.jpg,Is there a frisbee in the image?,no,random,frisbee
345848,COCO_val2014_000000345848.jpg,Is there a stop sign in the image?,no,random,stop sign
345848,COCO_val2014_000000345848.jpg,Is there a person in the image?,yes,popular,person
345848,COCO_val2014_000000345848.jpg,Is there a truck in the image?,yes,popular,truck
345848,COCO_val2014_000000345848.jpg,Is there a bicycle in the image?,yes,popular,bicycle
345848,COCO_val2014_000000345848.jpg,Is there a chair in the image?,no,popular,chair
345848,COCO_val2014_000000345848.jpg,Is there a book in the image?,no,popular,book
345848,COCO_val2014_000000345848.jpg,Is there a bottle in the image?,no,popular,bottle
345848,COCO_val2014_000000345848.jpg,Is there a motorcycle in the image?,yes,adversarial,motorcycle
345848,COCO_val2014_000000345848.jpg,Is there a truck in the image?,yes,adversarial,truck
345848,COCO_val2014_000000345848.jpg,Is there a person in the image?,yes,adversarial,person
345848,COCO_val2014_000000345848.jpg,Is there a chair in the image?,no,adversarial,chair
345848,COCO_val2014_000000345848.jpg,Is there a book in the image?,no,adversarial,book
345848,COCO_val2014_000000345848.jpg,Is there a bottle in the image?,no,adversarial,bottle
290951,COCO_val2014_000000290951.jpg,Is there a person in the image?,yes,random,person
290951,COCO_val2014_000000290951.jpg,Is there a bench in the image?,yes,random,bench
290951,COCO_val2014_000000290951.jpg,Is there a umbrella in the image?,yes,random,umbrella
290951,COCO_val2014_000000290951.jpg,Is there a couch in the image?,no,random,couch
290951,COCO_val2014_000000290951.jpg,Is there a baseball glove in the image?,no,random,baseball glove
290951,COCO_val2014_000000290951.jpg,Is there a stop sign in the image?,no,random,stop sign
290951,COCO_val2014_000000290951.jpg,Is there a bench in the image?,yes,popular,bench
290951,COCO_val2014_000000290951.jpg,Is there a dining table in the image?,yes,popular,dining table
290951,COCO_val2014_000000290951.jpg,Is there a person in the image?,yes,popular,person
290951,COCO_val2014_000000290951.jpg,Is there a car in the image?,no,popular,car
290951,COCO_val2014_000000290951.jpg,Is there a book in the image?,no,popular,book
290951,COCO_val2014_000000290951.jpg,Is there a bottle in the image?,no,popular,bottle
290951,COCO_val2014_000000290951.jpg,Is there a chair in the image?,yes,adversarial,chair
290951,COCO_val2014_000000290951.jpg,Is there a dining table in the image?,yes,adversarial,dining table
290951,COCO_val2014_000000290951.jpg,Is there a umbrella in the image?,yes,adversarial,umbrella
290951,COCO_val2014_000000290951.jpg,Is there a car in the image?,no,adversarial,car
290951,COCO_val2014_000000290951.jpg,Is there a book in the image?,no,adversarial,book
290951,COCO_val2014_000000290951.jpg,Is there a bottle in the image?,no,adversarial,bottle
212261,COCO_val2014_000000212261.jpg,Is there a person in the image?,yes,random,person
212261,COCO_val2014_000000212261.jpg,Is there a handbag in the image?,yes,random,handbag
212261,COCO_val2014_000000212261.jpg,Is there a refrigerator in the image?,yes,random,refrigerator
212261,COCO_val2014_000000212261.jpg,Is there a train in the image?,no,random,train
212261,COCO_val2014_000000212261.jpg,Is there a airplane in the image?,no,random,airplane
212261,COCO_val2014_000000212261.jpg,Is there a kite in the image?,no,random,kite
212261,COCO_val2014_000000212261.jpg,Is there a person in the image?,yes,popular,person
212261,COCO_val2014_000000212261.jpg,Is there a refrigerator in the image?,yes,popular,refrigerator
212261,COCO_val2014_000000212261.jpg,Is there a sandwich in the image?,yes,popular,sandwich
212261,COCO_val2014_000000212261.jpg,Is there a car in the image?,no,popular,car
212261,COCO_val2014_000000212261.jpg,Is there a chair in the image?,no,popular,chair
212261,COCO_val2014_000000212261.jpg,Is there a book in the image?,no,popular,book
212261,COCO_val2014_000000212261.jpg,Is there a person in the image?,yes,adversarial,person
212261,COCO_val2014_000000212261.jpg,Is there a spoon in the image?,yes,adversarial,spoon
212261,COCO_val2014_000000212261.jpg,Is there a handbag in the image?,yes,adversarial,handbag
212261,COCO_val2014_000000212261.jpg,Is there a car in the image?,no,adversarial,car
212261,COCO_val2014_000000212261.jpg,Is there a chair in the image?,no,adversarial,chair
212261,COCO_val2014_000000212261.jpg,Is there a book in the image?,no,adversarial,book
455716,COCO_val2014_000000455716.jpg,Is there a handbag in the image?,yes,random,handbag
455716,COCO_val2014_000000455716.jpg,Is there a backpack in the image?,yes,random,backpack
455716,COCO_val2014_000000455716.jpg,Is there a motorcycle in the image?,yes,random,motorcycle
455716,COCO_val2014_000000455716.jpg,Is there a tv in the image?,no,random,tv
455716,COCO_val2014_000000455716.jpg,Is there a baseball glove in the image?,no,random,baseball glove
455716,COCO_val2014_000000455716.jpg,Is there a broccoli in the image?,no,random,broccoli
455716,COCO_val2014_000000455716.jpg,Is there a backpack in the image?,yes,popular,backpack
455716,COCO_val2014_000000455716.jpg,Is there a motorcycle in the image?,yes,popular,motorcycle
455716,COCO_val2014_000000455716.jpg,Is there a handbag in the image?,yes,popular,handbag
455716,COCO_val2014_000000455716.jpg,Is there a person in the image?,no,popular,person
455716,COCO_val2014_000000455716.jpg,Is there a car in the image?,no,popular,car
455716,COCO_val2014_000000455716.jpg,Is there a chair in the image?,no,popular,chair
455716,COCO_val2014_000000455716.jpg,Is there a handbag in the image?,yes,adversarial,handbag
455716,COCO_val2014_000000455716.jpg,Is there a backpack in the image?,yes,adversarial,backpack
455716,COCO_val2014_000000455716.jpg,Is there a motorcycle in the image?,yes,adversarial,motorcycle
455716,COCO_val2014_000000455716.jpg,Is there a person in the image?,no,adversarial,person
455716,COCO_val2014_000000455716.jpg,Is there a car in the image?,no,adversarial,car
455716,COCO_val2014_000000455716.jpg,Is there a chair in the image?,no,adversarial,chair
287305,COCO_val2014_000000287305.jpg,Is there a car in the image?,yes,random,car
287305,COCO_val2014_000000287305.jpg,Is there a bus in the image?,yes,random,bus
287305,COCO_val2014_000000287305.jpg,Is there a person in the image?,yes,random,person
287305,COCO_val2014_000000287305.jpg,Is there a suitcase in the image?,no,random,suitcase
287305,COCO_val2014_000000287305.jpg,Is there a parking meter in the image?,no,random,parking meter
287305,COCO_val2014_000000287305.jpg,Is there a hair drier in the image?,no,random,hair drier
287305,COCO_val2014_000000287305.jpg,Is there a bus in the image?,yes,popular,bus
287305,COCO_val2014_000000287305.jpg,Is there a person in the image?,yes,popular,person
287305,COCO_val2014_000000287305.jpg,Is there a car in the image?,yes,popular,car
287305,COCO_val2014_000000287305.jpg,Is there a chair in the image?,no,popular,chair
287305,COCO_val2014_000000287305.jpg,Is there a book in the image?,no,popular,book
287305,COCO_val2014_000000287305.jpg,Is there a bottle in the image?,no,popular,bottle
287305,COCO_val2014_000000287305.jpg,Is there a bus in the image?,yes,adversarial,bus
287305,COCO_val2014_000000287305.jpg,Is there a car in the image?,yes,adversarial,car
287305,COCO_val2014_000000287305.jpg,Is there a person in the image?,yes,adversarial,person
287305,COCO_val2014_000000287305.jpg,Is there a chair in the image?,no,adversarial,chair
287305,COCO_val2014_000000287305.jpg,Is there a book in the image?,no,adversarial,book
287305,COCO_val2014_000000287305.jpg,Is there a bottle in the image?,no,adversarial,bottle
322816,COCO_val2014_000000322816.jpg,Is there a surfboard in the image?,yes,random,surfboard
322816,COCO_val2014_000000322816.jpg,Is there a book in the image?,yes,random,book
322816,COCO_val2014_000000322816.jpg,Is there a cake in the image?,yes,random,cake
322816,COCO_val2014_000000322816.jpg,Is there a toaster in the image?,no,random,toaster
322816,COCO_val2014_000000322816.jpg,Is there a chair in the image?,no,random,chair
322816,COCO_val2014_000000322816.jpg,Is there a sandwich in the image?,no,random,sandwich
322816,COCO_val2014_000000322816.jpg,Is there a book in the image?,yes,popular,book
322816,COCO_val2014_000000322816.jpg,Is there a cake in the image?,yes,popular,cake
322816,COCO_val2014_000000322816.jpg,Is there a surfboard in the image?,yes,popular,surfboard
322816,COCO_val2014_000000322816.jpg,Is there a person in the image?,no,popular,person
322816,COCO_val2014_000000322816.jpg,Is there a car in the image?,no,popular,car
322816,COCO_val2014_000000322816.jpg,Is there a chair in the image?,no,popular,chair
322816,COCO_val2014_000000322816.jpg,Is there a cake in the image?,yes,adversarial,cake
322816,COCO_val2014_000000322816.jpg,Is there a surfboard in the image?,yes,adversarial,surfboard
322816,COCO_val2014_000000322816.jpg,Is there a book in the image?,yes,adversarial,book
322816,COCO_val2014_000000322816.jpg,Is there a person in the image?,no,adversarial,person
322816,COCO_val2014_000000322816.jpg,Is there a car in the image?,no,adversarial,car
322816,COCO_val2014_000000322816.jpg,Is there a chair in the image?,no,adversarial,chair
568972,COCO_val2014_000000568972.jpg,Is there a traffic light in the image?,yes,random,traffic light
568972,COCO_val2014_000000568972.jpg,Is there a person in the image?,yes,random,person
568972,COCO_val2014_000000568972.jpg,Is there a bicycle in the image?,yes,random,bicycle
568972,COCO_val2014_000000568972.jpg,Is there a laptop in the image?,no,random,laptop
568972,COCO_val2014_000000568972.jpg,Is there a backpack in the image?,no,random,backpack
568972,COCO_val2014_000000568972.jpg,Is there a dining table in the image?,no,random,dining table
568972,COCO_val2014_000000568972.jpg,Is there a motorcycle in the image?,yes,popular,motorcycle
568972,COCO_val2014_000000568972.jpg,Is there a person in the image?,yes,popular,person
568972,COCO_val2014_000000568972.jpg,Is there a traffic light in the image?,yes,popular,traffic light
568972,COCO_val2014_000000568972.jpg,Is there a chair in the image?,no,popular,chair
568972,COCO_val2014_000000568972.jpg,Is there a book in the image?,no,popular,book
568972,COCO_val2014_000000568972.jpg,Is there a bottle in the image?,no,popular,bottle
568972,COCO_val2014_000000568972.jpg,Is there a bicycle in the image?,yes,adversarial,bicycle
568972,COCO_val2014_000000568972.jpg,Is there a traffic light in the image?,yes,adversarial,traffic light
568972,COCO_val2014_000000568972.jpg,Is there a motorcycle in the image?,yes,adversarial,motorcycle
568972,COCO_val2014_000000568972.jpg,Is there a chair in the image?,no,adversarial,chair
568972,COCO_val2014_000000568972.jpg,Is there a book in the image?,no,adversarial,book
568972,COCO_val2014_000000568972.jpg,Is there a bottle in the image?,no,adversarial,bottle
260994,COCO_val2014_000000260994.jpg,Is there a handbag in the image?,yes,random,handbag
260994,COCO_val2014_000000260994.jpg,Is there a backpack in the image?,yes,random,backpack
260994,COCO_val2014_000000260994.jpg,Is there a hot dog in the image?,yes,random,hot dog
260994,COCO_val2014_000000260994.jpg,Is there a spoon in the image?,no,random,spoon
260994,COCO_val2014_000000260994.jpg,Is there a baseball bat in the image?,no,random,baseball bat
260994,COCO_val2014_000000260994.jpg,Is there a parking meter in the image?,no,random,parking meter
260994,COCO_val2014_000000260994.jpg,Is there a backpack in the image?,yes,popular,backpack
260994,COCO_val2014_000000260994.jpg,Is there a hot dog in the image?,yes,popular,hot dog
260994,COCO_val2014_000000260994.jpg,Is there a person in the image?,yes,popular,person
260994,COCO_val2014_000000260994.jpg,Is there a car in the image?,no,popular,car
260994,COCO_val2014_000000260994.jpg,Is there a chair in the image?,no,popular,chair
260994,COCO_val2014_000000260994.jpg,Is there a book in the image?,no,popular,book
260994,COCO_val2014_000000260994.jpg,Is there a handbag in the image?,yes,adversarial,handbag
260994,COCO_val2014_000000260994.jpg,Is there a backpack in the image?,yes,adversarial,backpack
260994,COCO_val2014_000000260994.jpg,Is there a hot dog in the image?,yes,adversarial,hot dog
260994,COCO_val2014_000000260994.jpg,Is there a car in the image?,no,adversarial,car
260994,COCO_val2014_000000260994.jpg,Is there a chair in the image?,no,adversarial,chair
260994,COCO_val2014_000000260994.jpg,Is there a book in the image?,no,adversarial,book
83277,COCO_val2014_000000083277.jpg,Is there a car in the image?,yes,random,car
83277,COCO_val2014_000000083277.jpg,Is there a person in the image?,yes,random,person
83277,COCO_val2014_000000083277.jpg,Is there a skateboard in the image?,yes,random,skateboard
83277,COCO_val2014_000000083277.jpg,Is there a spoon in the image?,no,random,spoon
83277,COCO_val2014_000000083277.jpg,Is there a umbrella in the image?,no,random,umbrella
83277,COCO_val2014_000000083277.jpg,Is there a remote in the image?,no,random,remote
83277,COCO_val2014_000000083277.jpg,Is there a person in the image?,yes,popular,person
83277,COCO_val2014_000000083277.jpg,Is there a car in the image?,yes,popular,car
83277,COCO_val2014_000000083277.jpg,Is there a skateboard in the image?,yes,popular,skateboard
83277,COCO_val2014_000000083277.jpg,Is there a chair in the image?,no,popular,chair
83277,COCO_val2014_000000083277.jpg,Is there a book in the image?,no,popular,book
83277,COCO_val2014_000000083277.jpg,Is there a bottle in the image?,no,popular,bottle
83277,COCO_val2014_000000083277.jpg,Is there a car in the image?,yes,adversarial,car
83277,COCO_val2014_000000083277.jpg,Is there a skateboard in the image?,yes,adversarial,skateboard
83277,COCO_val2014_000000083277.jpg,Is there a person in the image?,yes,adversarial,person
83277,COCO_val2014_000000083277.jpg,Is there a chair in the image?,no,adversarial,chair
83277,COCO_val2014_000000083277.jpg,Is there a book in the image?,no,adversarial,book
83277,COCO_val2014_000000083277.jpg,Is there a bottle in the image?,no,adversarial,bottle
143503,COCO_val2014_000000143503.jpg,Is there a handbag in the image?,yes,random,handbag
143503,COCO_val2014_000000143503.jpg,Is there a umbrella in the image?,yes,random,umbrella
143503,COCO_val2014_000000143503.jpg,Is there a horse in the image?,yes,random,horse
143503,COCO_val2014_000000143503.jpg,Is there a frisbee in the image?,no,random,frisbee
143503,COCO_val2014_000000143503.jpg,Is there a stop sign in the image?,no,random,stop sign
143503,COCO_val2014_000000143503.jpg,Is there a baseball glove in the image?,no,random,baseball glove
143503,COCO_val2014_000000143503.jpg,Is there a tie in the image?,yes,popular,tie
143503,COCO_val2014_000000143503.jpg,Is there a handbag in the image?,yes,popular,handbag
143503,COCO_val2014_000000143503.jpg,Is there a horse in the image?,yes,popular,horse
143503,COCO_val2014_000000143503.jpg,Is there a car in the image?,no,popular,car
143503,COCO_val2014_000000143503.jpg,Is there a chair in the image?,no,popular,chair
143503,COCO_val2014_000000143503.jpg,Is there a book in the image?,no,popular,book
143503,COCO_val2014_000000143503.jpg,Is there a person in the image?,yes,adversarial,person
143503,COCO_val2014_000000143503.jpg,Is there a tie in the image?,yes,adversarial,tie
143503,COCO_val2014_000000143503.jpg,Is there a horse in the image?,yes,adversarial,horse
143503,COCO_val2014_000000143503.jpg,Is there a car in the image?,no,adversarial,car
143503,COCO_val2014_000000143503.jpg,Is there a chair in the image?,no,adversarial,chair
143503,COCO_val2014_000000143503.jpg,Is there a book in the image?,no,adversarial,book
327514,COCO_val2014_000000327514.jpg,Is there a bottle in the image?,yes,random,bottle
327514,COCO_val2014_000000327514.jpg,Is there a oven in the image?,yes,random,oven
327514,COCO_val2014_000000327514.jpg,Is there a person in the image?,yes,random,person
327514,COCO_val2014_000000327514.jpg,Is there a parking meter in the image?,no,random,parking meter
327514,COCO_val2014_000000327514.jpg,Is there a tennis racket in the image?,no,random,tennis racket
327514,COCO_val2014_000000327514.jpg,Is there a frisbee in the image?,no,random,frisbee
327514,COCO_val2014_000000327514.jpg,Is there a bottle in the image?,yes,popular,bottle
327514,COCO_val2014_000000327514.jpg,Is there a knife in the image?,yes,popular,knife
327514,COCO_val2014_000000327514.jpg,Is there a person in the image?,yes,popular,person
327514,COCO_val2014_000000327514.jpg,Is there a car in the image?,no,popular,car
327514,COCO_val2014_000000327514.jpg,Is there a chair in the image?,no,popular,chair
327514,COCO_val2014_000000327514.jpg,Is there a book in the image?,no,popular,book
327514,COCO_val2014_000000327514.jpg,Is there a knife in the image?,yes,adversarial,knife
327514,COCO_val2014_000000327514.jpg,Is there a bottle in the image?,yes,adversarial,bottle
327514,COCO_val2014_000000327514.jpg,Is there a oven in the image?,yes,adversarial,oven
327514,COCO_val2014_000000327514.jpg,Is there a car in the image?,no,adversarial,car
327514,COCO_val2014_000000327514.jpg,Is there a chair in the image?,no,adversarial,chair
327514,COCO_val2014_000000327514.jpg,Is there a book in the image?,no,adversarial,book
549224,COCO_val2014_000000549224.jpg,Is there a broccoli in the image?,yes,random,broccoli
549224,COCO_val2014_000000549224.jpg,Is there a knife in the image?,yes,random,knife
549224,COCO_val2014_000000549224.jpg,Is there a fork in the image?,yes,random,fork
549224,COCO_val2014_000000549224.jpg,Is there a potted plant in the image?,no,random,potted plant
549224,COCO_val2014_000000549224.jpg,Is there a clock in the image?,no,random,clock
549224,COCO_val2014_000000549224.jpg,Is there a spoon in the image?,no,random,spoon
549224,COCO_val2014_000000549224.jpg,Is there a knife in the image?,yes,popular,knife
549224,COCO_val2014_000000549224.jpg,Is there a broccoli in the image?,yes,popular,broccoli
549224,COCO_val2014_000000549224.jpg,Is there a fork in the image?,yes,popular,fork
549224,COCO_val2014_000000549224.jpg,Is there a person in the image?,no,popular,person
549224,COCO_val2014_000000549224.jpg,Is there a car in the image?,no,popular,car
549224,COCO_val2014_000000549224.jpg,Is there a chair in the image?,no,popular,chair
549224,COCO_val2014_000000549224.jpg,Is there a knife in the image?,yes,adversarial,knife
549224,COCO_val2014_000000549224.jpg,Is there a fork in the image?,yes,adversarial,fork
549224,COCO_val2014_000000549224.jpg,Is there a broccoli in the image?,yes,adversarial,broccoli
549224,COCO_val2014_000000549224.jpg,Is there a person in the image?,no,adversarial,person
549224,COCO_val2014_000000549224.jpg,Is there a car in the image?,no,adversarial,car
549224,COCO_val2014_000000549224.jpg,Is there a chair in the image?,no,adversarial,chair
333665,COCO_val2014_000000333665.jpg,Is there a person in the image?,yes,random,person
333665,COCO_val2014_000000333665.jpg,Is there a book in the image?,yes,random,book
333665,COCO_val2014_000000333665.jpg,Is there a cell phone in the image?,yes,random,cell phone
333665,COCO_val2014_000000333665.jpg,Is there a umbrella in the image?,no,random,umbrella
333665,COCO_val2014_000000333665.jpg,Is there a knife in the image?,no,random,knife
333665,COCO_val2014_000000333665.jpg,Is there a dog in the image?,no,random,dog
333665,COCO_val2014_000000333665.jpg,Is there a handbag in the image?,yes,popular,handbag
333665,COCO_val2014_000000333665.jpg,Is there a person in the image?,yes,popular,person
333665,COCO_val2014_000000333665.jpg,Is there a book in the image?,yes,popular,book
333665,COCO_val2014_000000333665.jpg,Is there a car in the image?,no,popular,car
333665,COCO_val2014_000000333665.jpg,Is there a chair in the image?,no,popular,chair
333665,COCO_val2014_000000333665.jpg,Is there a bottle in the image?,no,popular,bottle
333665,COCO_val2014_000000333665.jpg,Is there a person in the image?,yes,adversarial,person
333665,COCO_val2014_000000333665.jpg,Is there a suitcase in the image?,yes,adversarial,suitcase
333665,COCO_val2014_000000333665.jpg,Is there a handbag in the image?,yes,adversarial,handbag
333665,COCO_val2014_000000333665.jpg,Is there a car in the image?,no,adversarial,car
333665,COCO_val2014_000000333665.jpg,Is there a chair in the image?,no,adversarial,chair
333665,COCO_val2014_000000333665.jpg,Is there a bottle in the image?,no,adversarial,bottle
50942,COCO_val2014_000000050942.jpg,Is there a chair in the image?,yes,random,chair
50942,COCO_val2014_000000050942.jpg,Is there a person in the image?,yes,random,person
50942,COCO_val2014_000000050942.jpg,Is there a mouse in the image?,yes,random,mouse
50942,COCO_val2014_000000050942.jpg,Is there a tennis racket in the image?,no,random,tennis racket
50942,COCO_val2014_000000050942.jpg,Is there a skis in the image?,no,random,skis
50942,COCO_val2014_000000050942.jpg,Is there a apple in the image?,no,random,apple
50942,COCO_val2014_000000050942.jpg,Is there a keyboard in the image?,yes,popular,keyboard
50942,COCO_val2014_000000050942.jpg,Is there a mouse in the image?,yes,popular,mouse
50942,COCO_val2014_000000050942.jpg,Is there a person in the image?,yes,popular,person
50942,COCO_val2014_000000050942.jpg,Is there a car in the image?,no,popular,car
50942,COCO_val2014_000000050942.jpg,Is there a book in the image?,no,popular,book
50942,COCO_val2014_000000050942.jpg,Is there a bottle in the image?,no,popular,bottle
50942,COCO_val2014_000000050942.jpg,Is there a keyboard in the image?,yes,adversarial,keyboard
50942,COCO_val2014_000000050942.jpg,Is there a mouse in the image?,yes,adversarial,mouse
50942,COCO_val2014_000000050942.jpg,Is there a person in the image?,yes,adversarial,person
50942,COCO_val2014_000000050942.jpg,Is there a car in the image?,no,adversarial,car
50942,COCO_val2014_000000050942.jpg,Is there a book in the image?,no,adversarial,book
50942,COCO_val2014_000000050942.jpg,Is there a bottle in the image?,no,adversarial,bottle
431891,COCO_val2014_000000431891.jpg,Is there a person in the image?,yes,random,person
431891,COCO_val2014_000000431891.jpg,Is there a broccoli in the image?,yes,random,broccoli
431891,COCO_val2014_000000431891.jpg,Is there a carrot in the image?,yes,random,carrot
431891,COCO_val2014_000000431891.jpg,Is there a horse in the image?,no,random,horse
431891,COCO_val2014_000000431891.jpg,Is there a keyboard in the image?,no,random,keyboard
431891,COCO_val2014_000000431891.jpg,Is there a bird in the image?,no,random,bird
431891,COCO_val2014_000000431891.jpg,Is there a person in the image?,yes,popular,person
431891,COCO_val2014_000000431891.jpg,Is there a broccoli in the image?,yes,popular,broccoli
431891,COCO_val2014_000000431891.jpg,Is there a carrot in the image?,yes,popular,carrot
431891,COCO_val2014_000000431891.jpg,Is there a car in the image?,no,popular,car
431891,COCO_val2014_000000431891.jpg,Is there a chair in the image?,no,popular,chair
431891,COCO_val2014_000000431891.jpg,Is there a book in the image?,no,popular,book
431891,COCO_val2014_000000431891.jpg,Is there a bottle in the image?,yes,adversarial,bottle
431891,COCO_val2014_000000431891.jpg,Is there a carrot in the image?,yes,adversarial,carrot
431891,COCO_val2014_000000431891.jpg,Is there a broccoli in the image?,yes,adversarial,broccoli
431891,COCO_val2014_000000431891.jpg,Is there a car in the image?,no,adversarial,car
431891,COCO_val2014_000000431891.jpg,Is there a chair in the image?,no,adversarial,chair
431891,COCO_val2014_000000431891.jpg,Is there a book in the image?,no,adversarial,book
288336,COCO_val2014_000000288336.jpg,Is there a umbrella in the image?,yes,random,umbrella
288336,COCO_val2014_000000288336.jpg,Is there a dining table in the image?,yes,random,dining table
288336,COCO_val2014_000000288336.jpg,Is there a car in the image?,yes,random,car
288336,COCO_val2014_000000288336.jpg,Is there a surfboard in the image?,no,random,surfboard
288336,COCO_val2014_000000288336.jpg,Is there a microwave in the image?,no,random,microwave
288336,COCO_val2014_000000288336.jpg,Is there a sheep in the image?,no,random,sheep
288336,COCO_val2014_000000288336.jpg,Is there a bicycle in the image?,yes,popular,bicycle
288336,COCO_val2014_000000288336.jpg,Is there a car in the image?,yes,popular,car
288336,COCO_val2014_000000288336.jpg,Is there a person in the image?,yes,popular,person
288336,COCO_val2014_000000288336.jpg,Is there a chair in the image?,no,popular,chair
288336,COCO_val2014_000000288336.jpg,Is there a book in the image?,no,popular,book
288336,COCO_val2014_000000288336.jpg,Is there a bottle in the image?,no,popular,bottle
288336,COCO_val2014_000000288336.jpg,Is there a person in the image?,yes,adversarial,person
288336,COCO_val2014_000000288336.jpg,Is there a car in the image?,yes,adversarial,car
288336,COCO_val2014_000000288336.jpg,Is there a bench in the image?,yes,adversarial,bench
288336,COCO_val2014_000000288336.jpg,Is there a chair in the image?,no,adversarial,chair
288336,COCO_val2014_000000288336.jpg,Is there a book in the image?,no,adversarial,book
288336,COCO_val2014_000000288336.jpg,Is there a bottle in the image?,no,adversarial,bottle
250917,COCO_val2014_000000250917.jpg,Is there a cup in the image?,yes,random,cup
250917,COCO_val2014_000000250917.jpg,Is there a bowl in the image?,yes,random,bowl
250917,COCO_val2014_000000250917.jpg,Is there a car in the image?,yes,random,car
250917,COCO_val2014_000000250917.jpg,Is there a bear in the image?,no,random,bear
250917,COCO_val2014_000000250917.jpg,Is there a toothbrush in the image?,no,random,toothbrush
250917,COCO_val2014_000000250917.jpg,Is there a wine glass in the image?,no,random,wine glass
250917,COCO_val2014_000000250917.jpg,Is there a car in the image?,yes,popular,car
250917,COCO_val2014_000000250917.jpg,Is there a dining table in the image?,yes,popular,dining table
250917,COCO_val2014_000000250917.jpg,Is there a bowl in the image?,yes,popular,bowl
250917,COCO_val2014_000000250917.jpg,Is there a chair in the image?,no,popular,chair
250917,COCO_val2014_000000250917.jpg,Is there a book in the image?,no,popular,book
250917,COCO_val2014_000000250917.jpg,Is there a bottle in the image?,no,popular,bottle
250917,COCO_val2014_000000250917.jpg,Is there a cell phone in the image?,yes,adversarial,cell phone
250917,COCO_val2014_000000250917.jpg,Is there a person in the image?,yes,adversarial,person
250917,COCO_val2014_000000250917.jpg,Is there a bowl in the image?,yes,adversarial,bowl
250917,COCO_val2014_000000250917.jpg,Is there a chair in the image?,no,adversarial,chair
250917,COCO_val2014_000000250917.jpg,Is there a book in the image?,no,adversarial,book
250917,COCO_val2014_000000250917.jpg,Is there a bottle in the image?,no,adversarial,bottle
192095,COCO_val2014_000000192095.jpg,Is there a sports ball in the image?,yes,random,sports ball
192095,COCO_val2014_000000192095.jpg,Is there a person in the image?,yes,random,person
192095,COCO_val2014_000000192095.jpg,Is there a baseball glove in the image?,yes,random,baseball glove
192095,COCO_val2014_000000192095.jpg,Is there a dining table in the image?,no,random,dining table
192095,COCO_val2014_000000192095.jpg,Is there a bed in the image?,no,random,bed
192095,COCO_val2014_000000192095.jpg,Is there a cup in the image?,no,random,cup
192095,COCO_val2014_000000192095.jpg,Is there a sports ball in the image?,yes,popular,sports ball
192095,COCO_val2014_000000192095.jpg,Is there a baseball glove in the image?,yes,popular,baseball glove
192095,COCO_val2014_000000192095.jpg,Is there a person in the image?,yes,popular,person
192095,COCO_val2014_000000192095.jpg,Is there a car in the image?,no,popular,car
192095,COCO_val2014_000000192095.jpg,Is there a chair in the image?,no,popular,chair
192095,COCO_val2014_000000192095.jpg,Is there a book in the image?,no,popular,book
192095,COCO_val2014_000000192095.jpg,Is there a sports ball in the image?,yes,adversarial,sports ball
192095,COCO_val2014_000000192095.jpg,Is there a person in the image?,yes,adversarial,person
192095,COCO_val2014_000000192095.jpg,Is there a baseball glove in the image?,yes,adversarial,baseball glove
192095,COCO_val2014_000000192095.jpg,Is there a car in the image?,no,adversarial,car
192095,COCO_val2014_000000192095.jpg,Is there a chair in the image?,no,adversarial,chair
192095,COCO_val2014_000000192095.jpg,Is there a book in the image?,no,adversarial,book
437099,COCO_val2014_000000437099.jpg,Is there a traffic light in the image?,yes,random,traffic light
437099,COCO_val2014_000000437099.jpg,Is there a donut in the image?,yes,random,donut
437099,COCO_val2014_000000437099.jpg,Is there a person in the image?,yes,random,person
437099,COCO_val2014_000000437099.jpg,Is there a skateboard in the image?,no,random,skateboard
437099,COCO_val2014_000000437099.jpg,Is there a bench in the image?,no,random,bench
437099,COCO_val2014_000000437099.jpg,Is there a giraffe in the image?,no,random,giraffe
437099,COCO_val2014_000000437099.jpg,Is there a traffic light in the image?,yes,popular,traffic light
437099,COCO_val2014_000000437099.jpg,Is there a person in the image?,yes,popular,person
437099,COCO_val2014_000000437099.jpg,Is there a donut in the image?,yes,popular,donut
437099,COCO_val2014_000000437099.jpg,Is there a car in the image?,no,popular,car
437099,COCO_val2014_000000437099.jpg,Is there a chair in the image?,no,popular,chair
437099,COCO_val2014_000000437099.jpg,Is there a book in the image?,no,popular,book
437099,COCO_val2014_000000437099.jpg,Is there a traffic light in the image?,yes,adversarial,traffic light
437099,COCO_val2014_000000437099.jpg,Is there a person in the image?,yes,adversarial,person
437099,COCO_val2014_000000437099.jpg,Is there a motorcycle in the image?,yes,adversarial,motorcycle
437099,COCO_val2014_000000437099.jpg,Is there a car in the image?,no,adversarial,car
437099,COCO_val2014_000000437099.jpg,Is there a chair in the image?,no,adversarial,chair
437099,COCO_val2014_000000437099.jpg,Is there a book in the image?,no,adversarial,book
560427,COCO_val2014_000000560427.jpg,Is there a fork in the image?,yes,random,fork
560427,COCO_val2014_000000560427.jpg,Is there a cup in the image?,yes,random,cup
560427,COCO_val2014_000000560427.jpg,Is there a dining table in the image?,yes,random,dining table
560427,COCO_val2014_000000560427.jpg,Is there a airplane in the image?,no,random,airplane
560427,COCO_val2014_000000560427.jpg,Is there a frisbee in the image?,no,random,frisbee
560427,COCO_val2014_000000560427.jpg,Is there a skateboard in the image?,no,random,skateboard
560427,COCO_val2014_000000560427.jpg,Is there a cup in the image?,yes,popular,cup
560427,COCO_val2014_000000560427.jpg,Is there a fork in the image?,yes,popular,fork
560427,COCO_val2014_000000560427.jpg,Is there a dining table in the image?,yes,popular,dining table
560427,COCO_val2014_000000560427.jpg,Is there a person in the image?,no,popular,person
560427,COCO_val2014_000000560427.jpg,Is there a car in the image?,no,popular,car
560427,COCO_val2014_000000560427.jpg,Is there a chair in the image?,no,popular,chair
560427,COCO_val2014_000000560427.jpg,Is there a dining table in the image?,yes,adversarial,dining table
560427,COCO_val2014_000000560427.jpg,Is there a cup in the image?,yes,adversarial,cup
560427,COCO_val2014_000000560427.jpg,Is there a fork in the image?,yes,adversarial,fork
560427,COCO_val2014_000000560427.jpg,Is there a person in the image?,no,adversarial,person
560427,COCO_val2014_000000560427.jpg,Is there a car in the image?,no,adversarial,car
560427,COCO_val2014_000000560427.jpg,Is there a chair in the image?,no,adversarial,chair
415880,COCO_val2014_000000415880.jpg,Is there a person in the image?,yes,random,person
415880,COCO_val2014_000000415880.jpg,Is there a truck in the image?,yes,random,truck
415880,COCO_val2014_000000415880.jpg,Is there a banana in the image?,yes,random,banana
415880,COCO_val2014_000000415880.jpg,Is there a dog in the image?,no,random,dog
415880,COCO_val2014_000000415880.jpg,Is there a refrigerator in the image?,no,random,refrigerator
415880,COCO_val2014_000000415880.jpg,Is there a skis in the image?,no,random,skis
415880,COCO_val2014_000000415880.jpg,Is there a person in the image?,yes,popular,person
415880,COCO_val2014_000000415880.jpg,Is there a truck in the image?,yes,popular,truck
415880,COCO_val2014_000000415880.jpg,Is there a banana in the image?,yes,popular,banana
415880,COCO_val2014_000000415880.jpg,Is there a car in the image?,no,popular,car
415880,COCO_val2014_000000415880.jpg,Is there a chair in the image?,no,popular,chair
415880,COCO_val2014_000000415880.jpg,Is there a book in the image?,no,popular,book
415880,COCO_val2014_000000415880.jpg,Is there a truck in the image?,yes,adversarial,truck
415880,COCO_val2014_000000415880.jpg,Is there a person in the image?,yes,adversarial,person
415880,COCO_val2014_000000415880.jpg,Is there a banana in the image?,yes,adversarial,banana
415880,COCO_val2014_000000415880.jpg,Is there a car in the image?,no,adversarial,car
415880,COCO_val2014_000000415880.jpg,Is there a chair in the image?,no,adversarial,chair
415880,COCO_val2014_000000415880.jpg,Is there a book in the image?,no,adversarial,book
494550,COCO_val2014_000000494550.jpg,Is there a banana in the image?,yes,random,banana
494550,COCO_val2014_000000494550.jpg,Is there a apple in the image?,yes,random,apple
494550,COCO_val2014_000000494550.jpg,Is there a orange in the image?,yes,random,orange
494550,COCO_val2014_000000494550.jpg,Is there a bed in the image?,no,random,bed
494550,COCO_val2014_000000494550.jpg,Is there a cat in the image?,no,random,cat
494550,COCO_val2014_000000494550.jpg,Is there a tv in the image?,no,random,tv
494550,COCO_val2014_000000494550.jpg,Is there a orange in the image?,yes,popular,orange
494550,COCO_val2014_000000494550.jpg,Is there a apple in the image?,yes,popular,apple
494550,COCO_val2014_000000494550.jpg,Is there a banana in the image?,yes,popular,banana
494550,COCO_val2014_000000494550.jpg,Is there a person in the image?,no,popular,person
494550,COCO_val2014_000000494550.jpg,Is there a car in the image?,no,popular,car
494550,COCO_val2014_000000494550.jpg,Is there a chair in the image?,no,popular,chair
494550,COCO_val2014_000000494550.jpg,Is there a apple in the image?,yes,adversarial,apple
494550,COCO_val2014_000000494550.jpg,Is there a orange in the image?,yes,adversarial,orange
494550,COCO_val2014_000000494550.jpg,Is there a banana in the image?,yes,adversarial,banana
494550,COCO_val2014_000000494550.jpg,Is there a person in the image?,no,adversarial,person
494550,COCO_val2014_000000494550.jpg,Is there a car in the image?,no,adversarial,car
494550,COCO_val2014_000000494550.jpg,Is there a chair in the image?,no,adversarial,chair
89032,COCO_val2014_000000089032.jpg,Is there a tie in the image?,yes,random,tie
89032,COCO_val2014_000000089032.jpg,Is there a umbrella in the image?,yes,random,umbrella
89032,COCO_val2014_000000089032.jpg,Is there a person in the image?,yes,random,person
89032,COCO_val2014_000000089032.jpg,Is there a bed in the image?,no,random,bed
89032,COCO_val2014_000000089032.jpg,Is there a bowl in the image?,no,random,bowl
89032,COCO_val2014_000000089032.jpg,Is there a skateboard in the image?,no,random,skateboard
89032,COCO_val2014_000000089032.jpg,Is there a tie in the image?,yes,popular,tie
89032,COCO_val2014_000000089032.jpg,Is there a person in the image?,yes,popular,person
89032,COCO_val2014_000000089032.jpg,Is there a umbrella in the image?,yes,popular,umbrella
89032,COCO_val2014_000000089032.jpg,Is there a chair in the image?,no,popular,chair
89032,COCO_val2014_000000089032.jpg,Is there a book in the image?,no,popular,book
89032,COCO_val2014_000000089032.jpg,Is there a bottle in the image?,no,popular,bottle
89032,COCO_val2014_000000089032.jpg,Is there a tie in the image?,yes,adversarial,tie
89032,COCO_val2014_000000089032.jpg,Is there a umbrella in the image?,yes,adversarial,umbrella
89032,COCO_val2014_000000089032.jpg,Is there a car in the image?,yes,adversarial,car
89032,COCO_val2014_000000089032.jpg,Is there a chair in the image?,no,adversarial,chair
89032,COCO_val2014_000000089032.jpg,Is there a book in the image?,no,adversarial,book
89032,COCO_val2014_000000089032.jpg,Is there a bottle in the image?,no,adversarial,bottle
110313,COCO_val2014_000000110313.jpg,Is there a handbag in the image?,yes,random,handbag
110313,COCO_val2014_000000110313.jpg,Is there a person in the image?,yes,random,person
110313,COCO_val2014_000000110313.jpg,Is there a umbrella in the image?,yes,random,umbrella
110313,COCO_val2014_000000110313.jpg,Is there a laptop in the image?,no,random,laptop
110313,COCO_val2014_000000110313.jpg,Is there a oven in the image?,no,random,oven
110313,COCO_val2014_000000110313.jpg,Is there a bed in the image?,no,random,bed
110313,COCO_val2014_000000110313.jpg,Is there a umbrella in the image?,yes,popular,umbrella
110313,COCO_val2014_000000110313.jpg,Is there a person in the image?,yes,popular,person
110313,COCO_val2014_000000110313.jpg,Is there a handbag in the image?,yes,popular,handbag
110313,COCO_val2014_000000110313.jpg,Is there a car in the image?,no,popular,car
110313,COCO_val2014_000000110313.jpg,Is there a chair in the image?,no,popular,chair
110313,COCO_val2014_000000110313.jpg,Is there a book in the image?,no,popular,book
110313,COCO_val2014_000000110313.jpg,Is there a handbag in the image?,yes,adversarial,handbag
110313,COCO_val2014_000000110313.jpg,Is there a umbrella in the image?,yes,adversarial,umbrella
110313,COCO_val2014_000000110313.jpg,Is there a person in the image?,yes,adversarial,person
110313,COCO_val2014_000000110313.jpg,Is there a car in the image?,no,adversarial,car
110313,COCO_val2014_000000110313.jpg,Is there a chair in the image?,no,adversarial,chair
110313,COCO_val2014_000000110313.jpg,Is there a book in the image?,no,adversarial,book
444913,COCO_val2014_000000444913.jpg,Is there a frisbee in the image?,yes,random,frisbee
444913,COCO_val2014_000000444913.jpg,Is there a car in the image?,yes,random,car
444913,COCO_val2014_000000444913.jpg,Is there a person in the image?,yes,random,person
444913,COCO_val2014_000000444913.jpg,Is there a bowl in the image?,no,random,bowl
444913,COCO_val2014_000000444913.jpg,Is there a spoon in the image?,no,random,spoon
444913,COCO_val2014_000000444913.jpg,Is there a cat in the image?,no,random,cat
444913,COCO_val2014_000000444913.jpg,Is there a person in the image?,yes,popular,person
444913,COCO_val2014_000000444913.jpg,Is there a frisbee in the image?,yes,popular,frisbee
444913,COCO_val2014_000000444913.jpg,Is there a car in the image?,yes,popular,car
444913,COCO_val2014_000000444913.jpg,Is there a chair in the image?,no,popular,chair
444913,COCO_val2014_000000444913.jpg,Is there a book in the image?,no,popular,book
444913,COCO_val2014_000000444913.jpg,Is there a bottle in the image?,no,popular,bottle
444913,COCO_val2014_000000444913.jpg,Is there a car in the image?,yes,adversarial,car
444913,COCO_val2014_000000444913.jpg,Is there a frisbee in the image?,yes,adversarial,frisbee
444913,COCO_val2014_000000444913.jpg,Is there a person in the image?,yes,adversarial,person
444913,COCO_val2014_000000444913.jpg,Is there a chair in the image?,no,adversarial,chair
444913,COCO_val2014_000000444913.jpg,Is there a book in the image?,no,adversarial,book
444913,COCO_val2014_000000444913.jpg,Is there a bottle in the image?,no,adversarial,bottle
153524,COCO_val2014_000000153524.jpg,Is there a mouse in the image?,yes,random,mouse
153524,COCO_val2014_000000153524.jpg,Is there a keyboard in the image?,yes,random,keyboard
153524,COCO_val2014_000000153524.jpg,Is there a tv in the image?,yes,random,tv
153524,COCO_val2014_000000153524.jpg,Is there a potted plant in the image?,no,random,potted plant
153524,COCO_val2014_000000153524.jpg,Is there a stop sign in the image?,no,random,stop sign
153524,COCO_val2014_000000153524.jpg,Is there a wine glass in the image?,no,random,wine glass
153524,COCO_val2014_000000153524.jpg,Is there a keyboard in the image?,yes,popular,keyboard
153524,COCO_val2014_000000153524.jpg,Is there a mouse in the image?,yes,popular,mouse
153524,COCO_val2014_000000153524.jpg,Is there a tv in the image?,yes,popular,tv
153524,COCO_val2014_000000153524.jpg,Is there a person in the image?,no,popular,person
153524,COCO_val2014_000000153524.jpg,Is there a car in the image?,no,popular,car
153524,COCO_val2014_000000153524.jpg,Is there a chair in the image?,no,popular,chair
153524,COCO_val2014_000000153524.jpg,Is there a keyboard in the image?,yes,adversarial,keyboard
153524,COCO_val2014_000000153524.jpg,Is there a tv in the image?,yes,adversarial,tv
153524,COCO_val2014_000000153524.jpg,Is there a mouse in the image?,yes,adversarial,mouse
153524,COCO_val2014_000000153524.jpg,Is there a person in the image?,no,adversarial,person
153524,COCO_val2014_000000153524.jpg,Is there a car in the image?,no,adversarial,car
153524,COCO_val2014_000000153524.jpg,Is there a chair in the image?,no,adversarial,chair
155687,COCO_val2014_000000155687.jpg,Is there a umbrella in the image?,yes,random,umbrella
155687,COCO_val2014_000000155687.jpg,Is there a person in the image?,yes,random,person
155687,COCO_val2014_000000155687.jpg,Is there a handbag in the image?,yes,random,handbag
155687,COCO_val2014_000000155687.jpg,Is there a oven in the image?,no,random,oven
155687,COCO_val2014_000000155687.jpg,Is there a orange in the image?,no,random,orange
155687,COCO_val2014_000000155687.jpg,Is there a keyboard in the image?,no,random,keyboard
155687,COCO_val2014_000000155687.jpg,Is there a handbag in the image?,yes,popular,handbag
155687,COCO_val2014_000000155687.jpg,Is there a umbrella in the image?,yes,popular,umbrella
155687,COCO_val2014_000000155687.jpg,Is there a person in the image?,yes,popular,person
155687,COCO_val2014_000000155687.jpg,Is there a car in the image?,no,popular,car
155687,COCO_val2014_000000155687.jpg,Is there a chair in the image?,no,popular,chair
155687,COCO_val2014_000000155687.jpg,Is there a book in the image?,no,popular,book
155687,COCO_val2014_000000155687.jpg,Is there a person in the image?,yes,adversarial,person
155687,COCO_val2014_000000155687.jpg,Is there a umbrella in the image?,yes,adversarial,umbrella
155687,COCO_val2014_000000155687.jpg,Is there a handbag in the image?,yes,adversarial,handbag
155687,COCO_val2014_000000155687.jpg,Is there a car in the image?,no,adversarial,car
155687,COCO_val2014_000000155687.jpg,Is there a chair in the image?,no,adversarial,chair
155687,COCO_val2014_000000155687.jpg,Is there a book in the image?,no,adversarial,book
65001,COCO_val2014_000000065001.jpg,Is there a car in the image?,yes,random,car
65001,COCO_val2014_000000065001.jpg,Is there a motorcycle in the image?,yes,random,motorcycle
65001,COCO_val2014_000000065001.jpg,Is there a person in the image?,yes,random,person
65001,COCO_val2014_000000065001.jpg,Is there a sheep in the image?,no,random,sheep
65001,COCO_val2014_000000065001.jpg,Is there a train in the image?,no,random,train
65001,COCO_val2014_000000065001.jpg,Is there a kite in the image?,no,random,kite
65001,COCO_val2014_000000065001.jpg,Is there a motorcycle in the image?,yes,popular,motorcycle
65001,COCO_val2014_000000065001.jpg,Is there a person in the image?,yes,popular,person
65001,COCO_val2014_000000065001.jpg,Is there a car in the image?,yes,popular,car
65001,COCO_val2014_000000065001.jpg,Is there a chair in the image?,no,popular,chair
65001,COCO_val2014_000000065001.jpg,Is there a book in the image?,no,popular,book
65001,COCO_val2014_000000065001.jpg,Is there a bottle in the image?,no,popular,bottle
65001,COCO_val2014_000000065001.jpg,Is there a motorcycle in the image?,yes,adversarial,motorcycle
65001,COCO_val2014_000000065001.jpg,Is there a person in the image?,yes,adversarial,person
65001,COCO_val2014_000000065001.jpg,Is there a car in the image?,yes,adversarial,car
65001,COCO_val2014_000000065001.jpg,Is there a chair in the image?,no,adversarial,chair
65001,COCO_val2014_000000065001.jpg,Is there a book in the image?,no,adversarial,book
65001,COCO_val2014_000000065001.jpg,Is there a bottle in the image?,no,adversarial,bottle
428712,COCO_val2014_000000428712.jpg,Is there a dining table in the image?,yes,random,dining table
428712,COCO_val2014_000000428712.jpg,Is there a sandwich in the image?,yes,random,sandwich
428712,COCO_val2014_000000428712.jpg,Is there a cake in the image?,yes,random,cake
428712,COCO_val2014_000000428712.jpg,Is there a tv in the image?,no,random,tv
428712,COCO_val2014_000000428712.jpg,Is there a cat in the image?,no,random,cat
428712,COCO_val2014_000000428712.jpg,Is there a cow in the image?,no,random,cow
428712,COCO_val2014_000000428712.jpg,Is there a cake in the image?,yes,popular,cake
428712,COCO_val2014_000000428712.jpg,Is there a sandwich in the image?,yes,popular,sandwich
428712,COCO_val2014_000000428712.jpg,Is there a dining table in the image?,yes,popular,dining table
428712,COCO_val2014_000000428712.jpg,Is there a person in the image?,no,popular,person
428712,COCO_val2014_000000428712.jpg,Is there a car in the image?,no,popular,car
428712,COCO_val2014_000000428712.jpg,Is there a chair in the image?,no,popular,chair
428712,COCO_val2014_000000428712.jpg,Is there a cake in the image?,yes,adversarial,cake
428712,COCO_val2014_000000428712.jpg,Is there a sandwich in the image?,yes,adversarial,sandwich
428712,COCO_val2014_000000428712.jpg,Is there a dining table in the image?,yes,adversarial,dining table
428712,COCO_val2014_000000428712.jpg,Is there a person in the image?,no,adversarial,person
428712,COCO_val2014_000000428712.jpg,Is there a car in the image?,no,adversarial,car
428712,COCO_val2014_000000428712.jpg,Is there a chair in the image?,no,adversarial,chair
131280,COCO_val2014_000000131280.jpg,Is there a baseball glove in the image?,yes,random,baseball glove
131280,COCO_val2014_000000131280.jpg,Is there a sports ball in the image?,yes,random,sports ball
131280,COCO_val2014_000000131280.jpg,Is there a person in the image?,yes,random,person
131280,COCO_val2014_000000131280.jpg,Is there a pizza in the image?,no,random,pizza
131280,COCO_val2014_000000131280.jpg,Is there a handbag in the image?,no,random,handbag
131280,COCO_val2014_000000131280.jpg,Is there a oven in the image?,no,random,oven
131280,COCO_val2014_000000131280.jpg,Is there a baseball glove in the image?,yes,popular,baseball glove
131280,COCO_val2014_000000131280.jpg,Is there a person in the image?,yes,popular,person
131280,COCO_val2014_000000131280.jpg,Is there a sports ball in the image?,yes,popular,sports ball
131280,COCO_val2014_000000131280.jpg,Is there a car in the image?,no,popular,car
131280,COCO_val2014_000000131280.jpg,Is there a chair in the image?,no,popular,chair
131280,COCO_val2014_000000131280.jpg,Is there a book in the image?,no,popular,book
131280,COCO_val2014_000000131280.jpg,Is there a sports ball in the image?,yes,adversarial,sports ball
131280,COCO_val2014_000000131280.jpg,Is there a baseball glove in the image?,yes,adversarial,baseball glove
131280,COCO_val2014_000000131280.jpg,Is there a umbrella in the image?,yes,adversarial,umbrella
131280,COCO_val2014_000000131280.jpg,Is there a car in the image?,no,adversarial,car
131280,COCO_val2014_000000131280.jpg,Is there a chair in the image?,no,adversarial,chair
131280,COCO_val2014_000000131280.jpg,Is there a book in the image?,no,adversarial,book
375285,COCO_val2014_000000375285.jpg,Is there a person in the image?,yes,random,person
375285,COCO_val2014_000000375285.jpg,Is there a backpack in the image?,yes,random,backpack
375285,COCO_val2014_000000375285.jpg,Is there a surfboard in the image?,yes,random,surfboard
375285,COCO_val2014_000000375285.jpg,Is there a hair drier in the image?,no,random,hair drier
375285,COCO_val2014_000000375285.jpg,Is there a teddy bear in the image?,no,random,teddy bear
375285,COCO_val2014_000000375285.jpg,Is there a remote in the image?,no,random,remote
375285,COCO_val2014_000000375285.jpg,Is there a person in the image?,yes,popular,person
375285,COCO_val2014_000000375285.jpg,Is there a backpack in the image?,yes,popular,backpack
375285,COCO_val2014_000000375285.jpg,Is there a surfboard in the image?,yes,popular,surfboard
375285,COCO_val2014_000000375285.jpg,Is there a car in the image?,no,popular,car
375285,COCO_val2014_000000375285.jpg,Is there a chair in the image?,no,popular,chair
375285,COCO_val2014_000000375285.jpg,Is there a book in the image?,no,popular,book
375285,COCO_val2014_000000375285.jpg,Is there a backpack in the image?,yes,adversarial,backpack
375285,COCO_val2014_000000375285.jpg,Is there a surfboard in the image?,yes,adversarial,surfboard
375285,COCO_val2014_000000375285.jpg,Is there a person in the image?,yes,adversarial,person
375285,COCO_val2014_000000375285.jpg,Is there a car in the image?,no,adversarial,car
375285,COCO_val2014_000000375285.jpg,Is there a chair in the image?,no,adversarial,chair
375285,COCO_val2014_000000375285.jpg,Is there a book in the image?,no,adversarial,book
403177,COCO_val2014_000000403177.jpg,Is there a dining table in the image?,yes,random,dining table
403177,COCO_val2014_000000403177.jpg,Is there a sandwich in the image?,yes,random,sandwich
403177,COCO_val2014_000000403177.jpg,Is there a person in the image?,yes,random,person
403177,COCO_val2014_000000403177.jpg,Is there a snowboard in the image?,no,random,snowboard
403177,COCO_val2014_000000403177.jpg,Is there a scissors in the image?,no,random,scissors
403177,COCO_val2014_000000403177.jpg,Is there a carrot in the image?,no,random,carrot
403177,COCO_val2014_000000403177.jpg,Is there a person in the image?,yes,popular,person
403177,COCO_val2014_000000403177.jpg,Is there a dining table in the image?,yes,popular,dining table
403177,COCO_val2014_000000403177.jpg,Is there a sandwich in the image?,yes,popular,sandwich
403177,COCO_val2014_000000403177.jpg,Is there a car in the image?,no,popular,car
403177,COCO_val2014_000000403177.jpg,Is there a chair in the image?,no,popular,chair
403177,COCO_val2014_000000403177.jpg,Is there a book in the image?,no,popular,book
403177,COCO_val2014_000000403177.jpg,Is there a dining table in the image?,yes,adversarial,dining table
403177,COCO_val2014_000000403177.jpg,Is there a sandwich in the image?,yes,adversarial,sandwich
403177,COCO_val2014_000000403177.jpg,Is there a person in the image?,yes,adversarial,person
403177,COCO_val2014_000000403177.jpg,Is there a car in the image?,no,adversarial,car
403177,COCO_val2014_000000403177.jpg,Is there a chair in the image?,no,adversarial,chair
403177,COCO_val2014_000000403177.jpg,Is there a book in the image?,no,adversarial,book
520047,COCO_val2014_000000520047.jpg,Is there a truck in the image?,yes,random,truck
520047,COCO_val2014_000000520047.jpg,Is there a person in the image?,yes,random,person
520047,COCO_val2014_000000520047.jpg,Is there a train in the image?,yes,random,train
520047,COCO_val2014_000000520047.jpg,Is there a boat in the image?,no,random,boat
520047,COCO_val2014_000000520047.jpg,Is there a bear in the image?,no,random,bear
520047,COCO_val2014_000000520047.jpg,Is there a oven in the image?,no,random,oven
520047,COCO_val2014_000000520047.jpg,Is there a train in the image?,yes,popular,train
520047,COCO_val2014_000000520047.jpg,Is there a traffic light in the image?,yes,popular,traffic light
520047,COCO_val2014_000000520047.jpg,Is there a car in the image?,yes,popular,car
520047,COCO_val2014_000000520047.jpg,Is there a chair in the image?,no,popular,chair
520047,COCO_val2014_000000520047.jpg,Is there a book in the image?,no,popular,book
520047,COCO_val2014_000000520047.jpg,Is there a bottle in the image?,no,popular,bottle
520047,COCO_val2014_000000520047.jpg,Is there a truck in the image?,yes,adversarial,truck
520047,COCO_val2014_000000520047.jpg,Is there a car in the image?,yes,adversarial,car
520047,COCO_val2014_000000520047.jpg,Is there a traffic light in the image?,yes,adversarial,traffic light
520047,COCO_val2014_000000520047.jpg,Is there a chair in the image?,no,adversarial,chair
520047,COCO_val2014_000000520047.jpg,Is there a book in the image?,no,adversarial,book
520047,COCO_val2014_000000520047.jpg,Is there a bottle in the image?,no,adversarial,bottle
520659,COCO_val2014_000000520659.jpg,Is there a surfboard in the image?,yes,random,surfboard
520659,COCO_val2014_000000520659.jpg,Is there a person in the image?,yes,random,person
520659,COCO_val2014_000000520659.jpg,Is there a umbrella in the image?,yes,random,umbrella
520659,COCO_val2014_000000520659.jpg,Is there a cake in the image?,no,random,cake
520659,COCO_val2014_000000520659.jpg,Is there a elephant in the image?,no,random,elephant
520659,COCO_val2014_000000520659.jpg,Is there a fire hydrant in the image?,no,random,fire hydrant
520659,COCO_val2014_000000520659.jpg,Is there a surfboard in the image?,yes,popular,surfboard
520659,COCO_val2014_000000520659.jpg,Is there a chair in the image?,yes,popular,chair
520659,COCO_val2014_000000520659.jpg,Is there a umbrella in the image?,yes,popular,umbrella
520659,COCO_val2014_000000520659.jpg,Is there a car in the image?,no,popular,car
520659,COCO_val2014_000000520659.jpg,Is there a book in the image?,no,popular,book
520659,COCO_val2014_000000520659.jpg,Is there a bottle in the image?,no,popular,bottle
520659,COCO_val2014_000000520659.jpg,Is there a surfboard in the image?,yes,adversarial,surfboard
520659,COCO_val2014_000000520659.jpg,Is there a umbrella in the image?,yes,adversarial,umbrella
520659,COCO_val2014_000000520659.jpg,Is there a person in the image?,yes,adversarial,person
520659,COCO_val2014_000000520659.jpg,Is there a car in the image?,no,adversarial,car
520659,COCO_val2014_000000520659.jpg,Is there a book in the image?,no,adversarial,book
520659,COCO_val2014_000000520659.jpg,Is there a bottle in the image?,no,adversarial,bottle
564743,COCO_val2014_000000564743.jpg,Is there a skis in the image?,yes,random,skis
564743,COCO_val2014_000000564743.jpg,Is there a snowboard in the image?,yes,random,snowboard
564743,COCO_val2014_000000564743.jpg,Is there a backpack in the image?,yes,random,backpack
564743,COCO_val2014_000000564743.jpg,Is there a spoon in the image?,no,random,spoon
564743,COCO_val2014_000000564743.jpg,Is there a keyboard in the image?,no,random,keyboard
564743,COCO_val2014_000000564743.jpg,Is there a book in the image?,no,random,book
564743,COCO_val2014_000000564743.jpg,Is there a person in the image?,yes,popular,person
564743,COCO_val2014_000000564743.jpg,Is there a skis in the image?,yes,popular,skis
564743,COCO_val2014_000000564743.jpg,Is there a snowboard in the image?,yes,popular,snowboard
564743,COCO_val2014_000000564743.jpg,Is there a car in the image?,no,popular,car
564743,COCO_val2014_000000564743.jpg,Is there a chair in the image?,no,popular,chair
564743,COCO_val2014_000000564743.jpg,Is there a book in the image?,no,popular,book
564743,COCO_val2014_000000564743.jpg,Is there a backpack in the image?,yes,adversarial,backpack
564743,COCO_val2014_000000564743.jpg,Is there a skis in the image?,yes,adversarial,skis
564743,COCO_val2014_000000564743.jpg,Is there a snowboard in the image?,yes,adversarial,snowboard
564743,COCO_val2014_000000564743.jpg,Is there a car in the image?,no,adversarial,car
564743,COCO_val2014_000000564743.jpg,Is there a chair in the image?,no,adversarial,chair
564743,COCO_val2014_000000564743.jpg,Is there a book in the image?,no,adversarial,book
36942,COCO_val2014_000000036942.jpg,Is there a couch in the image?,yes,random,couch
36942,COCO_val2014_000000036942.jpg,Is there a cat in the image?,yes,random,cat
36942,COCO_val2014_000000036942.jpg,Is there a laptop in the image?,yes,random,laptop
36942,COCO_val2014_000000036942.jpg,Is there a bench in the image?,no,random,bench
36942,COCO_val2014_000000036942.jpg,Is there a bed in the image?,no,random,bed
36942,COCO_val2014_000000036942.jpg,Is there a giraffe in the image?,no,random,giraffe
36942,COCO_val2014_000000036942.jpg,Is there a person in the image?,yes,popular,person
36942,COCO_val2014_000000036942.jpg,Is there a cat in the image?,yes,popular,cat
36942,COCO_val2014_000000036942.jpg,Is there a keyboard in the image?,yes,popular,keyboard
36942,COCO_val2014_000000036942.jpg,Is there a car in the image?,no,popular,car
36942,COCO_val2014_000000036942.jpg,Is there a chair in the image?,no,popular,chair
36942,COCO_val2014_000000036942.jpg,Is there a book in the image?,no,popular,book
36942,COCO_val2014_000000036942.jpg,Is there a person in the image?,yes,adversarial,person
36942,COCO_val2014_000000036942.jpg,Is there a cat in the image?,yes,adversarial,cat
36942,COCO_val2014_000000036942.jpg,Is there a couch in the image?,yes,adversarial,couch
36942,COCO_val2014_000000036942.jpg,Is there a car in the image?,no,adversarial,car
36942,COCO_val2014_000000036942.jpg,Is there a chair in the image?,no,adversarial,chair
36942,COCO_val2014_000000036942.jpg,Is there a book in the image?,no,adversarial,book
73445,COCO_val2014_000000073445.jpg,Is there a car in the image?,yes,random,car
73445,COCO_val2014_000000073445.jpg,Is there a horse in the image?,yes,random,horse
73445,COCO_val2014_000000073445.jpg,Is there a person in the image?,yes,random,person
73445,COCO_val2014_000000073445.jpg,Is there a bear in the image?,no,random,bear
73445,COCO_val2014_000000073445.jpg,Is there a baseball bat in the image?,no,random,baseball bat
73445,COCO_val2014_000000073445.jpg,Is there a toaster in the image?,no,random,toaster
73445,COCO_val2014_000000073445.jpg,Is there a car in the image?,yes,popular,car
73445,COCO_val2014_000000073445.jpg,Is there a person in the image?,yes,popular,person
73445,COCO_val2014_000000073445.jpg,Is there a horse in the image?,yes,popular,horse
73445,COCO_val2014_000000073445.jpg,Is there a chair in the image?,no,popular,chair
73445,COCO_val2014_000000073445.jpg,Is there a book in the image?,no,popular,book
73445,COCO_val2014_000000073445.jpg,Is there a bottle in the image?,no,popular,bottle
73445,COCO_val2014_000000073445.jpg,Is there a person in the image?,yes,adversarial,person
73445,COCO_val2014_000000073445.jpg,Is there a horse in the image?,yes,adversarial,horse
73445,COCO_val2014_000000073445.jpg,Is there a car in the image?,yes,adversarial,car
73445,COCO_val2014_000000073445.jpg,Is there a chair in the image?,no,adversarial,chair
73445,COCO_val2014_000000073445.jpg,Is there a book in the image?,no,adversarial,book
73445,COCO_val2014_000000073445.jpg,Is there a bottle in the image?,no,adversarial,bottle
50350,COCO_val2014_000000050350.jpg,Is there a bowl in the image?,yes,random,bowl
50350,COCO_val2014_000000050350.jpg,Is there a toilet in the image?,yes,random,toilet
50350,COCO_val2014_000000050350.jpg,Is there a vase in the image?,yes,random,vase
50350,COCO_val2014_000000050350.jpg,Is there a teddy bear in the image?,no,random,teddy bear
50350,COCO_val2014_000000050350.jpg,Is there a sheep in the image?,no,random,sheep
50350,COCO_val2014_000000050350.jpg,Is there a frisbee in the image?,no,random,frisbee
50350,COCO_val2014_000000050350.jpg,Is there a vase in the image?,yes,popular,vase
50350,COCO_val2014_000000050350.jpg,Is there a bowl in the image?,yes,popular,bowl
50350,COCO_val2014_000000050350.jpg,Is there a toilet in the image?,yes,popular,toilet
50350,COCO_val2014_000000050350.jpg,Is there a person in the image?,no,popular,person
50350,COCO_val2014_000000050350.jpg,Is there a car in the image?,no,popular,car
50350,COCO_val2014_000000050350.jpg,Is there a chair in the image?,no,popular,chair
50350,COCO_val2014_000000050350.jpg,Is there a vase in the image?,yes,adversarial,vase
50350,COCO_val2014_000000050350.jpg,Is there a toilet in the image?,yes,adversarial,toilet
50350,COCO_val2014_000000050350.jpg,Is there a bowl in the image?,yes,adversarial,bowl
50350,COCO_val2014_000000050350.jpg,Is there a person in the image?,no,adversarial,person
50350,COCO_val2014_000000050350.jpg,Is there a car in the image?,no,adversarial,car
50350,COCO_val2014_000000050350.jpg,Is there a chair in the image?,no,adversarial,chair
8333,COCO_val2014_000000008333.jpg,Is there a train in the image?,yes,random,train
8333,COCO_val2014_000000008333.jpg,Is there a traffic light in the image?,yes,random,traffic light
8333,COCO_val2014_000000008333.jpg,Is there a car in the image?,yes,random,car
8333,COCO_val2014_000000008333.jpg,Is there a bench in the image?,no,random,bench
8333,COCO_val2014_000000008333.jpg,Is there a dining table in the image?,no,random,dining table
8333,COCO_val2014_000000008333.jpg,Is there a sandwich in the image?,no,random,sandwich
8333,COCO_val2014_000000008333.jpg,Is there a train in the image?,yes,popular,train
8333,COCO_val2014_000000008333.jpg,Is there a traffic light in the image?,yes,popular,traffic light
8333,COCO_val2014_000000008333.jpg,Is there a bus in the image?,yes,popular,bus
8333,COCO_val2014_000000008333.jpg,Is there a person in the image?,no,popular,person
8333,COCO_val2014_000000008333.jpg,Is there a chair in the image?,no,popular,chair
8333,COCO_val2014_000000008333.jpg,Is there a book in the image?,no,popular,book
8333,COCO_val2014_000000008333.jpg,Is there a train in the image?,yes,adversarial,train
8333,COCO_val2014_000000008333.jpg,Is there a bus in the image?,yes,adversarial,bus
8333,COCO_val2014_000000008333.jpg,Is there a traffic light in the image?,yes,adversarial,traffic light
8333,COCO_val2014_000000008333.jpg,Is there a person in the image?,no,adversarial,person
8333,COCO_val2014_000000008333.jpg,Is there a chair in the image?,no,adversarial,chair
8333,COCO_val2014_000000008333.jpg,Is there a book in the image?,no,adversarial,book
218494,COCO_val2014_000000218494.jpg,Is there a keyboard in the image?,yes,random,keyboard
218494,COCO_val2014_000000218494.jpg,Is there a laptop in the image?,yes,random,laptop
218494,COCO_val2014_000000218494.jpg,Is there a mouse in the image?,yes,random,mouse
218494,COCO_val2014_000000218494.jpg,Is there a bench in the image?,no,random,bench
218494,COCO_val2014_000000218494.jpg,Is there a skis in the image?,no,random,skis
218494,COCO_val2014_000000218494.jpg,Is there a sandwich in the image?,no,random,sandwich
218494,COCO_val2014_000000218494.jpg,Is there a mouse in the image?,yes,popular,mouse
218494,COCO_val2014_000000218494.jpg,Is there a laptop in the image?,yes,popular,laptop
218494,COCO_val2014_000000218494.jpg,Is there a keyboard in the image?,yes,popular,keyboard
218494,COCO_val2014_000000218494.jpg,Is there a person in the image?,no,popular,person
218494,COCO_val2014_000000218494.jpg,Is there a car in the image?,no,popular,car
218494,COCO_val2014_000000218494.jpg,Is there a chair in the image?,no,popular,chair
218494,COCO_val2014_000000218494.jpg,Is there a mouse in the image?,yes,adversarial,mouse
218494,COCO_val2014_000000218494.jpg,Is there a laptop in the image?,yes,adversarial,laptop
218494,COCO_val2014_000000218494.jpg,Is there a keyboard in the image?,yes,adversarial,keyboard
218494,COCO_val2014_000000218494.jpg,Is there a person in the image?,no,adversarial,person
218494,COCO_val2014_000000218494.jpg,Is there a car in the image?,no,adversarial,car
218494,COCO_val2014_000000218494.jpg,Is there a chair in the image?,no,adversarial,chair
480652,COCO_val2014_000000480652.jpg,Is there a handbag in the image?,yes,random,handbag
480652,COCO_val2014_000000480652.jpg,Is there a chair in the image?,yes,random,chair
480652,COCO_val2014_000000480652.jpg,Is there a suitcase in the image?,yes,random,suitcase
480652,COCO_val2014_000000480652.jpg,Is there a scissors in the image?,no,random,scissors
480652,COCO_val2014_000000480652.jpg,Is there a train in the image?,no,random,train
480652,COCO_val2014_000000480652.jpg,Is there a cell phone in the image?,no,random,cell phone
480652,COCO_val2014_000000480652.jpg,Is there a backpack in the image?,yes,popular,backpack
480652,COCO_val2014_000000480652.jpg,Is there a suitcase in the image?,yes,popular,suitcase
480652,COCO_val2014_000000480652.jpg,Is there a chair in the image?,yes,popular,chair
480652,COCO_val2014_000000480652.jpg,Is there a person in the image?,no,popular,person
480652,COCO_val2014_000000480652.jpg,Is there a car in the image?,no,popular,car
480652,COCO_val2014_000000480652.jpg,Is there a book in the image?,no,popular,book
480652,COCO_val2014_000000480652.jpg,Is there a chair in the image?,yes,adversarial,chair
480652,COCO_val2014_000000480652.jpg,Is there a backpack in the image?,yes,adversarial,backpack
480652,COCO_val2014_000000480652.jpg,Is there a suitcase in the image?,yes,adversarial,suitcase
480652,COCO_val2014_000000480652.jpg,Is there a person in the image?,no,adversarial,person
480652,COCO_val2014_000000480652.jpg,Is there a car in the image?,no,adversarial,car
480652,COCO_val2014_000000480652.jpg,Is there a book in the image?,no,adversarial,book
114855,COCO_val2014_000000114855.jpg,Is there a bicycle in the image?,yes,random,bicycle
114855,COCO_val2014_000000114855.jpg,Is there a car in the image?,yes,random,car
114855,COCO_val2014_000000114855.jpg,Is there a person in the image?,yes,random,person
114855,COCO_val2014_000000114855.jpg,Is there a cat in the image?,no,random,cat
114855,COCO_val2014_000000114855.jpg,Is there a boat in the image?,no,random,boat
114855,COCO_val2014_000000114855.jpg,Is there a fork in the image?,no,random,fork
114855,COCO_val2014_000000114855.jpg,Is there a car in the image?,yes,popular,car
114855,COCO_val2014_000000114855.jpg,Is there a person in the image?,yes,popular,person
114855,COCO_val2014_000000114855.jpg,Is there a bicycle in the image?,yes,popular,bicycle
114855,COCO_val2014_000000114855.jpg,Is there a chair in the image?,no,popular,chair
114855,COCO_val2014_000000114855.jpg,Is there a book in the image?,no,popular,book
114855,COCO_val2014_000000114855.jpg,Is there a bottle in the image?,no,popular,bottle
114855,COCO_val2014_000000114855.jpg,Is there a bicycle in the image?,yes,adversarial,bicycle
114855,COCO_val2014_000000114855.jpg,Is there a person in the image?,yes,adversarial,person
114855,COCO_val2014_000000114855.jpg,Is there a car in the image?,yes,adversarial,car
114855,COCO_val2014_000000114855.jpg,Is there a chair in the image?,no,adversarial,chair
114855,COCO_val2014_000000114855.jpg,Is there a book in the image?,no,adversarial,book
114855,COCO_val2014_000000114855.jpg,Is there a bottle in the image?,no,adversarial,bottle
213843,COCO_val2014_000000213843.jpg,Is there a knife in the image?,yes,random,knife
213843,COCO_val2014_000000213843.jpg,Is there a cup in the image?,yes,random,cup
213843,COCO_val2014_000000213843.jpg,Is there a cake in the image?,yes,random,cake
213843,COCO_val2014_000000213843.jpg,Is there a zebra in the image?,no,random,zebra
213843,COCO_val2014_000000213843.jpg,Is there a umbrella in the image?,no,random,umbrella
213843,COCO_val2014_000000213843.jpg,Is there a dog in the image?,no,random,dog
213843,COCO_val2014_000000213843.jpg,Is there a cup in the image?,yes,popular,cup
213843,COCO_val2014_000000213843.jpg,Is there a knife in the image?,yes,popular,knife
213843,COCO_val2014_000000213843.jpg,Is there a cake in the image?,yes,popular,cake
213843,COCO_val2014_000000213843.jpg,Is there a person in the image?,no,popular,person
213843,COCO_val2014_000000213843.jpg,Is there a car in the image?,no,popular,car
213843,COCO_val2014_000000213843.jpg,Is there a chair in the image?,no,popular,chair
213843,COCO_val2014_000000213843.jpg,Is there a cake in the image?,yes,adversarial,cake
213843,COCO_val2014_000000213843.jpg,Is there a knife in the image?,yes,adversarial,knife
213843,COCO_val2014_000000213843.jpg,Is there a cup in the image?,yes,adversarial,cup
213843,COCO_val2014_000000213843.jpg,Is there a person in the image?,no,adversarial,person
213843,COCO_val2014_000000213843.jpg,Is there a car in the image?,no,adversarial,car
213843,COCO_val2014_000000213843.jpg,Is there a chair in the image?,no,adversarial,chair
168250,COCO_val2014_000000168250.jpg,Is there a cup in the image?,yes,random,cup
168250,COCO_val2014_000000168250.jpg,Is there a spoon in the image?,yes,random,spoon
168250,COCO_val2014_000000168250.jpg,Is there a donut in the image?,yes,random,donut
168250,COCO_val2014_000000168250.jpg,Is there a tv in the image?,no,random,tv
168250,COCO_val2014_000000168250.jpg,Is there a traffic light in the image?,no,random,traffic light
168250,COCO_val2014_000000168250.jpg,Is there a sheep in the image?,no,random,sheep
168250,COCO_val2014_000000168250.jpg,Is there a donut in the image?,yes,popular,donut
168250,COCO_val2014_000000168250.jpg,Is there a cup in the image?,yes,popular,cup
168250,COCO_val2014_000000168250.jpg,Is there a spoon in the image?,yes,popular,spoon
168250,COCO_val2014_000000168250.jpg,Is there a person in the image?,no,popular,person
168250,COCO_val2014_000000168250.jpg,Is there a car in the image?,no,popular,car
168250,COCO_val2014_000000168250.jpg,Is there a chair in the image?,no,popular,chair
168250,COCO_val2014_000000168250.jpg,Is there a donut in the image?,yes,adversarial,donut
168250,COCO_val2014_000000168250.jpg,Is there a cup in the image?,yes,adversarial,cup
168250,COCO_val2014_000000168250.jpg,Is there a spoon in the image?,yes,adversarial,spoon
168250,COCO_val2014_000000168250.jpg,Is there a person in the image?,no,adversarial,person
168250,COCO_val2014_000000168250.jpg,Is there a car in the image?,no,adversarial,car
168250,COCO_val2014_000000168250.jpg,Is there a chair in the image?,no,adversarial,chair
307263,COCO_val2014_000000307263.jpg,Is there a bottle in the image?,yes,random,bottle
307263,COCO_val2014_000000307263.jpg,Is there a bowl in the image?,yes,random,bowl
307263,COCO_val2014_000000307263.jpg,Is there a carrot in the image?,yes,random,carrot
307263,COCO_val2014_000000307263.jpg,Is there a tv in the image?,no,random,tv
307263,COCO_val2014_000000307263.jpg,Is there a orange in the image?,no,random,orange
307263,COCO_val2014_000000307263.jpg,Is there a kite in the image?,no,random,kite
307263,COCO_val2014_000000307263.jpg,Is there a bowl in the image?,yes,popular,bowl
307263,COCO_val2014_000000307263.jpg,Is there a bottle in the image?,yes,popular,bottle
307263,COCO_val2014_000000307263.jpg,Is there a broccoli in the image?,yes,popular,broccoli
307263,COCO_val2014_000000307263.jpg,Is there a person in the image?,no,popular,person
307263,COCO_val2014_000000307263.jpg,Is there a car in the image?,no,popular,car
307263,COCO_val2014_000000307263.jpg,Is there a chair in the image?,no,popular,chair
307263,COCO_val2014_000000307263.jpg,Is there a carrot in the image?,yes,adversarial,carrot
307263,COCO_val2014_000000307263.jpg,Is there a bottle in the image?,yes,adversarial,bottle
307263,COCO_val2014_000000307263.jpg,Is there a bowl in the image?,yes,adversarial,bowl
307263,COCO_val2014_000000307263.jpg,Is there a person in the image?,no,adversarial,person
307263,COCO_val2014_000000307263.jpg,Is there a car in the image?,no,adversarial,car
307263,COCO_val2014_000000307263.jpg,Is there a chair in the image?,no,adversarial,chair
496618,COCO_val2014_000000496618.jpg,Is there a sandwich in the image?,yes,random,sandwich
496618,COCO_val2014_000000496618.jpg,Is there a fork in the image?,yes,random,fork
496618,COCO_val2014_000000496618.jpg,Is there a cup in the image?,yes,random,cup
496618,COCO_val2014_000000496618.jpg,Is there a suitcase in the image?,no,random,suitcase
496618,COCO_val2014_000000496618.jpg,Is there a boat in the image?,no,random,boat
496618,COCO_val2014_000000496618.jpg,Is there a tv in the image?,no,random,tv
496618,COCO_val2014_000000496618.jpg,Is there a cup in the image?,yes,popular,cup
496618,COCO_val2014_000000496618.jpg,Is there a sandwich in the image?,yes,popular,sandwich
496618,COCO_val2014_000000496618.jpg,Is there a fork in the image?,yes,popular,fork
496618,COCO_val2014_000000496618.jpg,Is there a person in the image?,no,popular,person
496618,COCO_val2014_000000496618.jpg,Is there a car in the image?,no,popular,car
496618,COCO_val2014_000000496618.jpg,Is there a chair in the image?,no,popular,chair
496618,COCO_val2014_000000496618.jpg,Is there a fork in the image?,yes,adversarial,fork
496618,COCO_val2014_000000496618.jpg,Is there a cup in the image?,yes,adversarial,cup
496618,COCO_val2014_000000496618.jpg,Is there a sandwich in the image?,yes,adversarial,sandwich
496618,COCO_val2014_000000496618.jpg,Is there a person in the image?,no,adversarial,person
496618,COCO_val2014_000000496618.jpg,Is there a car in the image?,no,adversarial,car
496618,COCO_val2014_000000496618.jpg,Is there a chair in the image?,no,adversarial,chair
223804,COCO_val2014_000000223804.jpg,Is there a boat in the image?,yes,random,boat
223804,COCO_val2014_000000223804.jpg,Is there a umbrella in the image?,yes,random,umbrella
223804,COCO_val2014_000000223804.jpg,Is there a person in the image?,yes,random,person
223804,COCO_val2014_000000223804.jpg,Is there a dog in the image?,no,random,dog
223804,COCO_val2014_000000223804.jpg,Is there a bird in the image?,no,random,bird
223804,COCO_val2014_000000223804.jpg,Is there a kite in the image?,no,random,kite
223804,COCO_val2014_000000223804.jpg,Is there a person in the image?,yes,popular,person
223804,COCO_val2014_000000223804.jpg,Is there a boat in the image?,yes,popular,boat
223804,COCO_val2014_000000223804.jpg,Is there a umbrella in the image?,yes,popular,umbrella
223804,COCO_val2014_000000223804.jpg,Is there a car in the image?,no,popular,car
223804,COCO_val2014_000000223804.jpg,Is there a chair in the image?,no,popular,chair
223804,COCO_val2014_000000223804.jpg,Is there a book in the image?,no,popular,book
223804,COCO_val2014_000000223804.jpg,Is there a umbrella in the image?,yes,adversarial,umbrella
223804,COCO_val2014_000000223804.jpg,Is there a person in the image?,yes,adversarial,person
223804,COCO_val2014_000000223804.jpg,Is there a boat in the image?,yes,adversarial,boat
223804,COCO_val2014_000000223804.jpg,Is there a car in the image?,no,adversarial,car
223804,COCO_val2014_000000223804.jpg,Is there a chair in the image?,no,adversarial,chair
223804,COCO_val2014_000000223804.jpg,Is there a book in the image?,no,adversarial,book
115776,COCO_val2014_000000115776.jpg,Is there a fork in the image?,yes,random,fork
115776,COCO_val2014_000000115776.jpg,Is there a cake in the image?,yes,random,cake
115776,COCO_val2014_000000115776.jpg,Is there a cup in the image?,yes,random,cup
115776,COCO_val2014_000000115776.jpg,Is there a parking meter in the image?,no,random,parking meter
115776,COCO_val2014_000000115776.jpg,Is there a cell phone in the image?,no,random,cell phone
115776,COCO_val2014_000000115776.jpg,Is there a chair in the image?,no,random,chair
115776,COCO_val2014_000000115776.jpg,Is there a knife in the image?,yes,popular,knife
115776,COCO_val2014_000000115776.jpg,Is there a dining table in the image?,yes,popular,dining table
115776,COCO_val2014_000000115776.jpg,Is there a fork in the image?,yes,popular,fork
115776,COCO_val2014_000000115776.jpg,Is there a person in the image?,no,popular,person
115776,COCO_val2014_000000115776.jpg,Is there a car in the image?,no,popular,car
115776,COCO_val2014_000000115776.jpg,Is there a chair in the image?,no,popular,chair
115776,COCO_val2014_000000115776.jpg,Is there a knife in the image?,yes,adversarial,knife
115776,COCO_val2014_000000115776.jpg,Is there a cake in the image?,yes,adversarial,cake
115776,COCO_val2014_000000115776.jpg,Is there a cup in the image?,yes,adversarial,cup
115776,COCO_val2014_000000115776.jpg,Is there a person in the image?,no,adversarial,person
115776,COCO_val2014_000000115776.jpg,Is there a car in the image?,no,adversarial,car
115776,COCO_val2014_000000115776.jpg,Is there a chair in the image?,no,adversarial,chair
438560,COCO_val2014_000000438560.jpg,Is there a car in the image?,yes,random,car
438560,COCO_val2014_000000438560.jpg,Is there a person in the image?,yes,random,person
438560,COCO_val2014_000000438560.jpg,Is there a surfboard in the image?,yes,random,surfboard
438560,COCO_val2014_000000438560.jpg,Is there a bird in the image?,no,random,bird
438560,COCO_val2014_000000438560.jpg,Is there a broccoli in the image?,no,random,broccoli
438560,COCO_val2014_000000438560.jpg,Is there a refrigerator in the image?,no,random,refrigerator
438560,COCO_val2014_000000438560.jpg,Is there a surfboard in the image?,yes,popular,surfboard
438560,COCO_val2014_000000438560.jpg,Is there a car in the image?,yes,popular,car
438560,COCO_val2014_000000438560.jpg,Is there a person in the image?,yes,popular,person
438560,COCO_val2014_000000438560.jpg,Is there a chair in the image?,no,popular,chair
438560,COCO_val2014_000000438560.jpg,Is there a book in the image?,no,popular,book
438560,COCO_val2014_000000438560.jpg,Is there a bottle in the image?,no,popular,bottle
438560,COCO_val2014_000000438560.jpg,Is there a car in the image?,yes,adversarial,car
438560,COCO_val2014_000000438560.jpg,Is there a surfboard in the image?,yes,adversarial,surfboard
438560,COCO_val2014_000000438560.jpg,Is there a person in the image?,yes,adversarial,person
438560,COCO_val2014_000000438560.jpg,Is there a chair in the image?,no,adversarial,chair
438560,COCO_val2014_000000438560.jpg,Is there a book in the image?,no,adversarial,book
438560,COCO_val2014_000000438560.jpg,Is there a bottle in the image?,no,adversarial,bottle
64183,COCO_val2014_000000064183.jpg,Is there a person in the image?,yes,random,person
64183,COCO_val2014_000000064183.jpg,Is there a car in the image?,yes,random,car
64183,COCO_val2014_000000064183.jpg,Is there a umbrella in the image?,yes,random,umbrella
64183,COCO_val2014_000000064183.jpg,Is there a snowboard in the image?,no,random,snowboard
64183,COCO_val2014_000000064183.jpg,Is there a airplane in the image?,no,random,airplane
64183,COCO_val2014_000000064183.jpg,Is there a boat in the image?,no,random,boat
64183,COCO_val2014_000000064183.jpg,Is there a fire hydrant in the image?,yes,popular,fire hydrant
64183,COCO_val2014_000000064183.jpg,Is there a person in the image?,yes,popular,person
64183,COCO_val2014_000000064183.jpg,Is there a umbrella in the image?,yes,popular,umbrella
64183,COCO_val2014_000000064183.jpg,Is there a chair in the image?,no,popular,chair
64183,COCO_val2014_000000064183.jpg,Is there a book in the image?,no,popular,book
64183,COCO_val2014_000000064183.jpg,Is there a bottle in the image?,no,popular,bottle
64183,COCO_val2014_000000064183.jpg,Is there a car in the image?,yes,adversarial,car
64183,COCO_val2014_000000064183.jpg,Is there a person in the image?,yes,adversarial,person
64183,COCO_val2014_000000064183.jpg,Is there a fire hydrant in the image?,yes,adversarial,fire hydrant
64183,COCO_val2014_000000064183.jpg,Is there a chair in the image?,no,adversarial,chair
64183,COCO_val2014_000000064183.jpg,Is there a book in the image?,no,adversarial,book
64183,COCO_val2014_000000064183.jpg,Is there a bottle in the image?,no,adversarial,bottle
204360,COCO_val2014_000000204360.jpg,Is there a bus in the image?,yes,random,bus
204360,COCO_val2014_000000204360.jpg,Is there a person in the image?,yes,random,person
204360,COCO_val2014_000000204360.jpg,Is there a bicycle in the image?,yes,random,bicycle
204360,COCO_val2014_000000204360.jpg,Is there a sandwich in the image?,no,random,sandwich
204360,COCO_val2014_000000204360.jpg,Is there a giraffe in the image?,no,random,giraffe
204360,COCO_val2014_000000204360.jpg,Is there a motorcycle in the image?,no,random,motorcycle
204360,COCO_val2014_000000204360.jpg,Is there a backpack in the image?,yes,popular,backpack
204360,COCO_val2014_000000204360.jpg,Is there a person in the image?,yes,popular,person
204360,COCO_val2014_000000204360.jpg,Is there a bus in the image?,yes,popular,bus
204360,COCO_val2014_000000204360.jpg,Is there a chair in the image?,no,popular,chair
204360,COCO_val2014_000000204360.jpg,Is there a book in the image?,no,popular,book
204360,COCO_val2014_000000204360.jpg,Is there a bottle in the image?,no,popular,bottle
204360,COCO_val2014_000000204360.jpg,Is there a bus in the image?,yes,adversarial,bus
204360,COCO_val2014_000000204360.jpg,Is there a backpack in the image?,yes,adversarial,backpack
204360,COCO_val2014_000000204360.jpg,Is there a person in the image?,yes,adversarial,person
204360,COCO_val2014_000000204360.jpg,Is there a chair in the image?,no,adversarial,chair
204360,COCO_val2014_000000204360.jpg,Is there a book in the image?,no,adversarial,book
204360,COCO_val2014_000000204360.jpg,Is there a bottle in the image?,no,adversarial,bottle
299039,COCO_val2014_000000299039.jpg,Is there a cup in the image?,yes,random,cup
299039,COCO_val2014_000000299039.jpg,Is there a potted plant in the image?,yes,random,potted plant
299039,COCO_val2014_000000299039.jpg,Is there a sandwich in the image?,yes,random,sandwich
299039,COCO_val2014_000000299039.jpg,Is there a bicycle in the image?,no,random,bicycle
299039,COCO_val2014_000000299039.jpg,Is there a banana in the image?,no,random,banana
299039,COCO_val2014_000000299039.jpg,Is there a skis in the image?,no,random,skis
299039,COCO_val2014_000000299039.jpg,Is there a potted plant in the image?,yes,popular,potted plant
299039,COCO_val2014_000000299039.jpg,Is there a sandwich in the image?,yes,popular,sandwich
299039,COCO_val2014_000000299039.jpg,Is there a cup in the image?,yes,popular,cup
299039,COCO_val2014_000000299039.jpg,Is there a person in the image?,no,popular,person
299039,COCO_val2014_000000299039.jpg,Is there a car in the image?,no,popular,car
299039,COCO_val2014_000000299039.jpg,Is there a chair in the image?,no,popular,chair
299039,COCO_val2014_000000299039.jpg,Is there a cup in the image?,yes,adversarial,cup
299039,COCO_val2014_000000299039.jpg,Is there a sandwich in the image?,yes,adversarial,sandwich
299039,COCO_val2014_000000299039.jpg,Is there a potted plant in the image?,yes,adversarial,potted plant
299039,COCO_val2014_000000299039.jpg,Is there a person in the image?,no,adversarial,person
299039,COCO_val2014_000000299039.jpg,Is there a car in the image?,no,adversarial,car
299039,COCO_val2014_000000299039.jpg,Is there a chair in the image?,no,adversarial,chair
550350,COCO_val2014_000000550350.jpg,Is there a couch in the image?,yes,random,couch
550350,COCO_val2014_000000550350.jpg,Is there a remote in the image?,yes,random,remote
550350,COCO_val2014_000000550350.jpg,Is there a bottle in the image?,yes,random,bottle
550350,COCO_val2014_000000550350.jpg,Is there a boat in the image?,no,random,boat
550350,COCO_val2014_000000550350.jpg,Is there a tv in the image?,no,random,tv
550350,COCO_val2014_000000550350.jpg,Is there a bed in the image?,no,random,bed
550350,COCO_val2014_000000550350.jpg,Is there a remote in the image?,yes,popular,remote
550350,COCO_val2014_000000550350.jpg,Is there a couch in the image?,yes,popular,couch
550350,COCO_val2014_000000550350.jpg,Is there a bottle in the image?,yes,popular,bottle
550350,COCO_val2014_000000550350.jpg,Is there a person in the image?,no,popular,person
550350,COCO_val2014_000000550350.jpg,Is there a car in the image?,no,popular,car
550350,COCO_val2014_000000550350.jpg,Is there a chair in the image?,no,popular,chair
550350,COCO_val2014_000000550350.jpg,Is there a bottle in the image?,yes,adversarial,bottle
550350,COCO_val2014_000000550350.jpg,Is there a couch in the image?,yes,adversarial,couch
550350,COCO_val2014_000000550350.jpg,Is there a remote in the image?,yes,adversarial,remote
550350,COCO_val2014_000000550350.jpg,Is there a person in the image?,no,adversarial,person
550350,COCO_val2014_000000550350.jpg,Is there a car in the image?,no,adversarial,car
550350,COCO_val2014_000000550350.jpg,Is there a chair in the image?,no,adversarial,chair
450037,COCO_val2014_000000450037.jpg,Is there a horse in the image?,yes,random,horse
450037,COCO_val2014_000000450037.jpg,Is there a car in the image?,yes,random,car
450037,COCO_val2014_000000450037.jpg,Is there a person in the image?,yes,random,person
450037,COCO_val2014_000000450037.jpg,Is there a bus in the image?,no,random,bus
450037,COCO_val2014_000000450037.jpg,Is there a traffic light in the image?,no,random,traffic light
450037,COCO_val2014_000000450037.jpg,Is there a mouse in the image?,no,random,mouse
450037,COCO_val2014_000000450037.jpg,Is there a car in the image?,yes,popular,car
450037,COCO_val2014_000000450037.jpg,Is there a horse in the image?,yes,popular,horse
450037,COCO_val2014_000000450037.jpg,Is there a person in the image?,yes,popular,person
450037,COCO_val2014_000000450037.jpg,Is there a chair in the image?,no,popular,chair
450037,COCO_val2014_000000450037.jpg,Is there a book in the image?,no,popular,book
450037,COCO_val2014_000000450037.jpg,Is there a bottle in the image?,no,popular,bottle
450037,COCO_val2014_000000450037.jpg,Is there a car in the image?,yes,adversarial,car
450037,COCO_val2014_000000450037.jpg,Is there a horse in the image?,yes,adversarial,horse
450037,COCO_val2014_000000450037.jpg,Is there a person in the image?,yes,adversarial,person
450037,COCO_val2014_000000450037.jpg,Is there a chair in the image?,no,adversarial,chair
450037,COCO_val2014_000000450037.jpg,Is there a book in the image?,no,adversarial,book
450037,COCO_val2014_000000450037.jpg,Is there a bottle in the image?,no,adversarial,bottle
228335,COCO_val2014_000000228335.jpg,Is there a refrigerator in the image?,yes,random,refrigerator
228335,COCO_val2014_000000228335.jpg,Is there a book in the image?,yes,random,book
228335,COCO_val2014_000000228335.jpg,Is there a vase in the image?,yes,random,vase
228335,COCO_val2014_000000228335.jpg,Is there a sheep in the image?,no,random,sheep
228335,COCO_val2014_000000228335.jpg,Is there a boat in the image?,no,random,boat
228335,COCO_val2014_000000228335.jpg,Is there a dog in the image?,no,random,dog
228335,COCO_val2014_000000228335.jpg,Is there a vase in the image?,yes,popular,vase
228335,COCO_val2014_000000228335.jpg,Is there a spoon in the image?,yes,popular,spoon
228335,COCO_val2014_000000228335.jpg,Is there a chair in the image?,yes,popular,chair
228335,COCO_val2014_000000228335.jpg,Is there a person in the image?,no,popular,person
228335,COCO_val2014_000000228335.jpg,Is there a car in the image?,no,popular,car
228335,COCO_val2014_000000228335.jpg,Is there a bottle in the image?,no,popular,bottle
228335,COCO_val2014_000000228335.jpg,Is there a chair in the image?,yes,adversarial,chair
228335,COCO_val2014_000000228335.jpg,Is there a potted plant in the image?,yes,adversarial,potted plant
228335,COCO_val2014_000000228335.jpg,Is there a vase in the image?,yes,adversarial,vase
228335,COCO_val2014_000000228335.jpg,Is there a person in the image?,no,adversarial,person
228335,COCO_val2014_000000228335.jpg,Is there a car in the image?,no,adversarial,car
228335,COCO_val2014_000000228335.jpg,Is there a bottle in the image?,no,adversarial,bottle
275979,COCO_val2014_000000275979.jpg,Is there a chair in the image?,yes,random,chair
275979,COCO_val2014_000000275979.jpg,Is there a cat in the image?,yes,random,cat
275979,COCO_val2014_000000275979.jpg,Is there a scissors in the image?,yes,random,scissors
275979,COCO_val2014_000000275979.jpg,Is there a parking meter in the image?,no,random,parking meter
275979,COCO_val2014_000000275979.jpg,Is there a bird in the image?,no,random,bird
275979,COCO_val2014_000000275979.jpg,Is there a book in the image?,no,random,book
275979,COCO_val2014_000000275979.jpg,Is there a cat in the image?,yes,popular,cat
275979,COCO_val2014_000000275979.jpg,Is there a scissors in the image?,yes,popular,scissors
275979,COCO_val2014_000000275979.jpg,Is there a chair in the image?,yes,popular,chair
275979,COCO_val2014_000000275979.jpg,Is there a person in the image?,no,popular,person
275979,COCO_val2014_000000275979.jpg,Is there a car in the image?,no,popular,car
275979,COCO_val2014_000000275979.jpg,Is there a book in the image?,no,popular,book
275979,COCO_val2014_000000275979.jpg,Is there a cat in the image?,yes,adversarial,cat
275979,COCO_val2014_000000275979.jpg,Is there a scissors in the image?,yes,adversarial,scissors
275979,COCO_val2014_000000275979.jpg,Is there a chair in the image?,yes,adversarial,chair
275979,COCO_val2014_000000275979.jpg,Is there a person in the image?,no,adversarial,person
275979,COCO_val2014_000000275979.jpg,Is there a car in the image?,no,adversarial,car
275979,COCO_val2014_000000275979.jpg,Is there a book in the image?,no,adversarial,book
462527,COCO_val2014_000000462527.jpg,Is there a microwave in the image?,yes,random,microwave
462527,COCO_val2014_000000462527.jpg,Is there a sink in the image?,yes,random,sink
462527,COCO_val2014_000000462527.jpg,Is there a refrigerator in the image?,yes,random,refrigerator
462527,COCO_val2014_000000462527.jpg,Is there a parking meter in the image?,no,random,parking meter
462527,COCO_val2014_000000462527.jpg,Is there a wine glass in the image?,no,random,wine glass
462527,COCO_val2014_000000462527.jpg,Is there a donut in the image?,no,random,donut
462527,COCO_val2014_000000462527.jpg,Is there a microwave in the image?,yes,popular,microwave
462527,COCO_val2014_000000462527.jpg,Is there a sink in the image?,yes,popular,sink
462527,COCO_val2014_000000462527.jpg,Is there a refrigerator in the image?,yes,popular,refrigerator
462527,COCO_val2014_000000462527.jpg,Is there a person in the image?,no,popular,person
462527,COCO_val2014_000000462527.jpg,Is there a car in the image?,no,popular,car
462527,COCO_val2014_000000462527.jpg,Is there a chair in the image?,no,popular,chair
462527,COCO_val2014_000000462527.jpg,Is there a refrigerator in the image?,yes,adversarial,refrigerator
462527,COCO_val2014_000000462527.jpg,Is there a microwave in the image?,yes,adversarial,microwave
462527,COCO_val2014_000000462527.jpg,Is there a sink in the image?,yes,adversarial,sink
462527,COCO_val2014_000000462527.jpg,Is there a person in the image?,no,adversarial,person
462527,COCO_val2014_000000462527.jpg,Is there a car in the image?,no,adversarial,car
462527,COCO_val2014_000000462527.jpg,Is there a chair in the image?,no,adversarial,chair
28842,COCO_val2014_000000028842.jpg,Is there a person in the image?,yes,random,person
28842,COCO_val2014_000000028842.jpg,Is there a skateboard in the image?,yes,random,skateboard
28842,COCO_val2014_000000028842.jpg,Is there a dog in the image?,yes,random,dog
28842,COCO_val2014_000000028842.jpg,Is there a potted plant in the image?,no,random,potted plant
28842,COCO_val2014_000000028842.jpg,Is there a bench in the image?,no,random,bench
28842,COCO_val2014_000000028842.jpg,Is there a broccoli in the image?,no,random,broccoli
28842,COCO_val2014_000000028842.jpg,Is there a person in the image?,yes,popular,person
28842,COCO_val2014_000000028842.jpg,Is there a skateboard in the image?,yes,popular,skateboard
28842,COCO_val2014_000000028842.jpg,Is there a dog in the image?,yes,popular,dog
28842,COCO_val2014_000000028842.jpg,Is there a car in the image?,no,popular,car
28842,COCO_val2014_000000028842.jpg,Is there a chair in the image?,no,popular,chair
28842,COCO_val2014_000000028842.jpg,Is there a book in the image?,no,popular,book
28842,COCO_val2014_000000028842.jpg,Is there a skateboard in the image?,yes,adversarial,skateboard
28842,COCO_val2014_000000028842.jpg,Is there a person in the image?,yes,adversarial,person
28842,COCO_val2014_000000028842.jpg,Is there a dog in the image?,yes,adversarial,dog
28842,COCO_val2014_000000028842.jpg,Is there a car in the image?,no,adversarial,car
28842,COCO_val2014_000000028842.jpg,Is there a chair in the image?,no,adversarial,chair
28842,COCO_val2014_000000028842.jpg,Is there a book in the image?,no,adversarial,book
415073,COCO_val2014_000000415073.jpg,Is there a tie in the image?,yes,random,tie
415073,COCO_val2014_000000415073.jpg,Is there a chair in the image?,yes,random,chair
415073,COCO_val2014_000000415073.jpg,Is there a bottle in the image?,yes,random,bottle
415073,COCO_val2014_000000415073.jpg,Is there a truck in the image?,no,random,truck
415073,COCO_val2014_000000415073.jpg,Is there a tennis racket in the image?,no,random,tennis racket
415073,COCO_val2014_000000415073.jpg,Is there a fork in the image?,no,random,fork
415073,COCO_val2014_000000415073.jpg,Is there a tie in the image?,yes,popular,tie
415073,COCO_val2014_000000415073.jpg,Is there a dining table in the image?,yes,popular,dining table
415073,COCO_val2014_000000415073.jpg,Is there a bottle in the image?,yes,popular,bottle
415073,COCO_val2014_000000415073.jpg,Is there a car in the image?,no,popular,car
415073,COCO_val2014_000000415073.jpg,Is there a book in the image?,no,popular,book
415073,COCO_val2014_000000415073.jpg,Is there a cup in the image?,no,popular,cup
415073,COCO_val2014_000000415073.jpg,Is there a bottle in the image?,yes,adversarial,bottle
415073,COCO_val2014_000000415073.jpg,Is there a person in the image?,yes,adversarial,person
415073,COCO_val2014_000000415073.jpg,Is there a dining table in the image?,yes,adversarial,dining table
415073,COCO_val2014_000000415073.jpg,Is there a car in the image?,no,adversarial,car
415073,COCO_val2014_000000415073.jpg,Is there a book in the image?,no,adversarial,book
415073,COCO_val2014_000000415073.jpg,Is there a cup in the image?,no,adversarial,cup
281687,COCO_val2014_000000281687.jpg,Is there a handbag in the image?,yes,random,handbag
281687,COCO_val2014_000000281687.jpg,Is there a person in the image?,yes,random,person
281687,COCO_val2014_000000281687.jpg,Is there a cell phone in the image?,yes,random,cell phone
281687,COCO_val2014_000000281687.jpg,Is there a apple in the image?,no,random,apple
281687,COCO_val2014_000000281687.jpg,Is there a vase in the image?,no,random,vase
281687,COCO_val2014_000000281687.jpg,Is there a broccoli in the image?,no,random,broccoli
281687,COCO_val2014_000000281687.jpg,Is there a person in the image?,yes,popular,person
281687,COCO_val2014_000000281687.jpg,Is there a car in the image?,yes,popular,car
281687,COCO_val2014_000000281687.jpg,Is there a handbag in the image?,yes,popular,handbag
281687,COCO_val2014_000000281687.jpg,Is there a chair in the image?,no,popular,chair
281687,COCO_val2014_000000281687.jpg,Is there a book in the image?,no,popular,book
281687,COCO_val2014_000000281687.jpg,Is there a bottle in the image?,no,popular,bottle
281687,COCO_val2014_000000281687.jpg,Is there a handbag in the image?,yes,adversarial,handbag
281687,COCO_val2014_000000281687.jpg,Is there a cell phone in the image?,yes,adversarial,cell phone
281687,COCO_val2014_000000281687.jpg,Is there a person in the image?,yes,adversarial,person
281687,COCO_val2014_000000281687.jpg,Is there a chair in the image?,no,adversarial,chair
281687,COCO_val2014_000000281687.jpg,Is there a book in the image?,no,adversarial,book
281687,COCO_val2014_000000281687.jpg,Is there a bottle in the image?,no,adversarial,bottle
248089,COCO_val2014_000000248089.jpg,Is there a tv in the image?,yes,random,tv
248089,COCO_val2014_000000248089.jpg,Is there a remote in the image?,yes,random,remote
248089,COCO_val2014_000000248089.jpg,Is there a person in the image?,yes,random,person
248089,COCO_val2014_000000248089.jpg,Is there a backpack in the image?,no,random,backpack
248089,COCO_val2014_000000248089.jpg,Is there a baseball glove in the image?,no,random,baseball glove
248089,COCO_val2014_000000248089.jpg,Is there a wine glass in the image?,no,random,wine glass
248089,COCO_val2014_000000248089.jpg,Is there a remote in the image?,yes,popular,remote
248089,COCO_val2014_000000248089.jpg,Is there a tv in the image?,yes,popular,tv
248089,COCO_val2014_000000248089.jpg,Is there a person in the image?,yes,popular,person
248089,COCO_val2014_000000248089.jpg,Is there a car in the image?,no,popular,car
248089,COCO_val2014_000000248089.jpg,Is there a chair in the image?,no,popular,chair
248089,COCO_val2014_000000248089.jpg,Is there a book in the image?,no,popular,book
248089,COCO_val2014_000000248089.jpg,Is there a person in the image?,yes,adversarial,person
248089,COCO_val2014_000000248089.jpg,Is there a tv in the image?,yes,adversarial,tv
248089,COCO_val2014_000000248089.jpg,Is there a remote in the image?,yes,adversarial,remote
248089,COCO_val2014_000000248089.jpg,Is there a car in the image?,no,adversarial,car
248089,COCO_val2014_000000248089.jpg,Is there a chair in the image?,no,adversarial,chair
248089,COCO_val2014_000000248089.jpg,Is there a book in the image?,no,adversarial,book
44839,COCO_val2014_000000044839.jpg,Is there a dining table in the image?,yes,random,dining table
44839,COCO_val2014_000000044839.jpg,Is there a person in the image?,yes,random,person
44839,COCO_val2014_000000044839.jpg,Is there a spoon in the image?,yes,random,spoon
44839,COCO_val2014_000000044839.jpg,Is there a parking meter in the image?,no,random,parking meter
44839,COCO_val2014_000000044839.jpg,Is there a clock in the image?,no,random,clock
44839,COCO_val2014_000000044839.jpg,Is there a suitcase in the image?,no,random,suitcase
44839,COCO_val2014_000000044839.jpg,Is there a cup in the image?,yes,popular,cup
44839,COCO_val2014_000000044839.jpg,Is there a spoon in the image?,yes,popular,spoon
44839,COCO_val2014_000000044839.jpg,Is there a fork in the image?,yes,popular,fork
44839,COCO_val2014_000000044839.jpg,Is there a car in the image?,no,popular,car
44839,COCO_val2014_000000044839.jpg,Is there a chair in the image?,no,popular,chair
44839,COCO_val2014_000000044839.jpg,Is there a book in the image?,no,popular,book
44839,COCO_val2014_000000044839.jpg,Is there a cake in the image?,yes,adversarial,cake
44839,COCO_val2014_000000044839.jpg,Is there a person in the image?,yes,adversarial,person
44839,COCO_val2014_000000044839.jpg,Is there a spoon in the image?,yes,adversarial,spoon
44839,COCO_val2014_000000044839.jpg,Is there a car in the image?,no,adversarial,car
44839,COCO_val2014_000000044839.jpg,Is there a chair in the image?,no,adversarial,chair
44839,COCO_val2014_000000044839.jpg,Is there a book in the image?,no,adversarial,book
433787,COCO_val2014_000000433787.jpg,Is there a surfboard in the image?,yes,random,surfboard
433787,COCO_val2014_000000433787.jpg,Is there a bird in the image?,yes,random,bird
433787,COCO_val2014_000000433787.jpg,Is there a person in the image?,yes,random,person
433787,COCO_val2014_000000433787.jpg,Is there a truck in the image?,no,random,truck
433787,COCO_val2014_000000433787.jpg,Is there a bear in the image?,no,random,bear
433787,COCO_val2014_000000433787.jpg,Is there a zebra in the image?,no,random,zebra
433787,COCO_val2014_000000433787.jpg,Is there a bird in the image?,yes,popular,bird
433787,COCO_val2014_000000433787.jpg,Is there a person in the image?,yes,popular,person
433787,COCO_val2014_000000433787.jpg,Is there a surfboard in the image?,yes,popular,surfboard
433787,COCO_val2014_000000433787.jpg,Is there a car in the image?,no,popular,car
433787,COCO_val2014_000000433787.jpg,Is there a chair in the image?,no,popular,chair
433787,COCO_val2014_000000433787.jpg,Is there a book in the image?,no,popular,book
433787,COCO_val2014_000000433787.jpg,Is there a surfboard in the image?,yes,adversarial,surfboard
433787,COCO_val2014_000000433787.jpg,Is there a bird in the image?,yes,adversarial,bird
433787,COCO_val2014_000000433787.jpg,Is there a person in the image?,yes,adversarial,person
433787,COCO_val2014_000000433787.jpg,Is there a car in the image?,no,adversarial,car
433787,COCO_val2014_000000433787.jpg,Is there a chair in the image?,no,adversarial,chair
433787,COCO_val2014_000000433787.jpg,Is there a book in the image?,no,adversarial,book
577219,COCO_val2014_000000577219.jpg,Is there a horse in the image?,yes,random,horse
577219,COCO_val2014_000000577219.jpg,Is there a backpack in the image?,yes,random,backpack
577219,COCO_val2014_000000577219.jpg,Is there a person in the image?,yes,random,person
577219,COCO_val2014_000000577219.jpg,Is there a surfboard in the image?,no,random,surfboard
577219,COCO_val2014_000000577219.jpg,Is there a skis in the image?,no,random,skis
577219,COCO_val2014_000000577219.jpg,Is there a microwave in the image?,no,random,microwave
577219,COCO_val2014_000000577219.jpg,Is there a person in the image?,yes,popular,person
577219,COCO_val2014_000000577219.jpg,Is there a horse in the image?,yes,popular,horse
577219,COCO_val2014_000000577219.jpg,Is there a backpack in the image?,yes,popular,backpack
577219,COCO_val2014_000000577219.jpg,Is there a car in the image?,no,popular,car
577219,COCO_val2014_000000577219.jpg,Is there a chair in the image?,no,popular,chair
577219,COCO_val2014_000000577219.jpg,Is there a book in the image?,no,popular,book
577219,COCO_val2014_000000577219.jpg,Is there a person in the image?,yes,adversarial,person
577219,COCO_val2014_000000577219.jpg,Is there a horse in the image?,yes,adversarial,horse
577219,COCO_val2014_000000577219.jpg,Is there a backpack in the image?,yes,adversarial,backpack
577219,COCO_val2014_000000577219.jpg,Is there a car in the image?,no,adversarial,car
577219,COCO_val2014_000000577219.jpg,Is there a chair in the image?,no,adversarial,chair
577219,COCO_val2014_000000577219.jpg,Is there a book in the image?,no,adversarial,book
498400,COCO_val2014_000000498400.jpg,Is there a potted plant in the image?,yes,random,potted plant
498400,COCO_val2014_000000498400.jpg,Is there a truck in the image?,yes,random,truck
498400,COCO_val2014_000000498400.jpg,Is there a person in the image?,yes,random,person
498400,COCO_val2014_000000498400.jpg,Is there a traffic light in the image?,no,random,traffic light
498400,COCO_val2014_000000498400.jpg,Is there a kite in the image?,no,random,kite
498400,COCO_val2014_000000498400.jpg,Is there a chair in the image?,no,random,chair
498400,COCO_val2014_000000498400.jpg,Is there a potted plant in the image?,yes,popular,potted plant
498400,COCO_val2014_000000498400.jpg,Is there a car in the image?,yes,popular,car
498400,COCO_val2014_000000498400.jpg,Is there a truck in the image?,yes,popular,truck
498400,COCO_val2014_000000498400.jpg,Is there a chair in the image?,no,popular,chair
498400,COCO_val2014_000000498400.jpg,Is there a book in the image?,no,popular,book
498400,COCO_val2014_000000498400.jpg,Is there a bottle in the image?,no,popular,bottle
498400,COCO_val2014_000000498400.jpg,Is there a motorcycle in the image?,yes,adversarial,motorcycle
498400,COCO_val2014_000000498400.jpg,Is there a person in the image?,yes,adversarial,person
498400,COCO_val2014_000000498400.jpg,Is there a cow in the image?,yes,adversarial,cow
498400,COCO_val2014_000000498400.jpg,Is there a chair in the image?,no,adversarial,chair
498400,COCO_val2014_000000498400.jpg,Is there a book in the image?,no,adversarial,book
498400,COCO_val2014_000000498400.jpg,Is there a bottle in the image?,no,adversarial,bottle
312878,COCO_val2014_000000312878.jpg,Is there a suitcase in the image?,yes,random,suitcase
312878,COCO_val2014_000000312878.jpg,Is there a traffic light in the image?,yes,random,traffic light
312878,COCO_val2014_000000312878.jpg,Is there a backpack in the image?,yes,random,backpack
312878,COCO_val2014_000000312878.jpg,Is there a bowl in the image?,no,random,bowl
312878,COCO_val2014_000000312878.jpg,Is there a horse in the image?,no,random,horse
312878,COCO_val2014_000000312878.jpg,Is there a bicycle in the image?,no,random,bicycle
312878,COCO_val2014_000000312878.jpg,Is there a traffic light in the image?,yes,popular,traffic light
312878,COCO_val2014_000000312878.jpg,Is there a backpack in the image?,yes,popular,backpack
312878,COCO_val2014_000000312878.jpg,Is there a suitcase in the image?,yes,popular,suitcase
312878,COCO_val2014_000000312878.jpg,Is there a car in the image?,no,popular,car
312878,COCO_val2014_000000312878.jpg,Is there a chair in the image?,no,popular,chair
312878,COCO_val2014_000000312878.jpg,Is there a book in the image?,no,popular,book
312878,COCO_val2014_000000312878.jpg,Is there a suitcase in the image?,yes,adversarial,suitcase
312878,COCO_val2014_000000312878.jpg,Is there a person in the image?,yes,adversarial,person
312878,COCO_val2014_000000312878.jpg,Is there a traffic light in the image?,yes,adversarial,traffic light
312878,COCO_val2014_000000312878.jpg,Is there a car in the image?,no,adversarial,car
312878,COCO_val2014_000000312878.jpg,Is there a chair in the image?,no,adversarial,chair
312878,COCO_val2014_000000312878.jpg,Is there a book in the image?,no,adversarial,book
527887,COCO_val2014_000000527887.jpg,Is there a cup in the image?,yes,random,cup
527887,COCO_val2014_000000527887.jpg,Is there a cell phone in the image?,yes,random,cell phone
527887,COCO_val2014_000000527887.jpg,Is there a handbag in the image?,yes,random,handbag
527887,COCO_val2014_000000527887.jpg,Is there a fire hydrant in the image?,no,random,fire hydrant
527887,COCO_val2014_000000527887.jpg,Is there a pizza in the image?,no,random,pizza
527887,COCO_val2014_000000527887.jpg,Is there a train in the image?,no,random,train
527887,COCO_val2014_000000527887.jpg,Is there a handbag in the image?,yes,popular,handbag
527887,COCO_val2014_000000527887.jpg,Is there a person in the image?,yes,popular,person
527887,COCO_val2014_000000527887.jpg,Is there a cup in the image?,yes,popular,cup
527887,COCO_val2014_000000527887.jpg,Is there a car in the image?,no,popular,car
527887,COCO_val2014_000000527887.jpg,Is there a chair in the image?,no,popular,chair
527887,COCO_val2014_000000527887.jpg,Is there a book in the image?,no,popular,book
527887,COCO_val2014_000000527887.jpg,Is there a person in the image?,yes,adversarial,person
527887,COCO_val2014_000000527887.jpg,Is there a cup in the image?,yes,adversarial,cup
527887,COCO_val2014_000000527887.jpg,Is there a cell phone in the image?,yes,adversarial,cell phone
527887,COCO_val2014_000000527887.jpg,Is there a car in the image?,no,adversarial,car
527887,COCO_val2014_000000527887.jpg,Is there a chair in the image?,no,adversarial,chair
527887,COCO_val2014_000000527887.jpg,Is there a book in the image?,no,adversarial,book
505822,COCO_val2014_000000505822.jpg,Is there a potted plant in the image?,yes,random,potted plant
505822,COCO_val2014_000000505822.jpg,Is there a dining table in the image?,yes,random,dining table
505822,COCO_val2014_000000505822.jpg,Is there a vase in the image?,yes,random,vase
505822,COCO_val2014_000000505822.jpg,Is there a surfboard in the image?,no,random,surfboard
505822,COCO_val2014_000000505822.jpg,Is there a bird in the image?,no,random,bird
505822,COCO_val2014_000000505822.jpg,Is there a carrot in the image?,no,random,carrot
505822,COCO_val2014_000000505822.jpg,Is there a vase in the image?,yes,popular,vase
505822,COCO_val2014_000000505822.jpg,Is there a dining table in the image?,yes,popular,dining table
505822,COCO_val2014_000000505822.jpg,Is there a potted plant in the image?,yes,popular,potted plant
505822,COCO_val2014_000000505822.jpg,Is there a person in the image?,no,popular,person
505822,COCO_val2014_000000505822.jpg,Is there a car in the image?,no,popular,car
505822,COCO_val2014_000000505822.jpg,Is there a chair in the image?,no,popular,chair
505822,COCO_val2014_000000505822.jpg,Is there a potted plant in the image?,yes,adversarial,potted plant
505822,COCO_val2014_000000505822.jpg,Is there a dining table in the image?,yes,adversarial,dining table
505822,COCO_val2014_000000505822.jpg,Is there a vase in the image?,yes,adversarial,vase
505822,COCO_val2014_000000505822.jpg,Is there a person in the image?,no,adversarial,person
505822,COCO_val2014_000000505822.jpg,Is there a car in the image?,no,adversarial,car
505822,COCO_val2014_000000505822.jpg,Is there a chair in the image?,no,adversarial,chair
322029,COCO_val2014_000000322029.jpg,Is there a person in the image?,yes,random,person
322029,COCO_val2014_000000322029.jpg,Is there a car in the image?,yes,random,car
322029,COCO_val2014_000000322029.jpg,Is there a bicycle in the image?,yes,random,bicycle
322029,COCO_val2014_000000322029.jpg,Is there a baseball glove in the image?,no,random,baseball glove
322029,COCO_val2014_000000322029.jpg,Is there a bed in the image?,no,random,bed
322029,COCO_val2014_000000322029.jpg,Is there a toothbrush in the image?,no,random,toothbrush
322029,COCO_val2014_000000322029.jpg,Is there a bicycle in the image?,yes,popular,bicycle
322029,COCO_val2014_000000322029.jpg,Is there a horse in the image?,yes,popular,horse
322029,COCO_val2014_000000322029.jpg,Is there a person in the image?,yes,popular,person
322029,COCO_val2014_000000322029.jpg,Is there a chair in the image?,no,popular,chair
322029,COCO_val2014_000000322029.jpg,Is there a book in the image?,no,popular,book
322029,COCO_val2014_000000322029.jpg,Is there a bottle in the image?,no,popular,bottle
322029,COCO_val2014_000000322029.jpg,Is there a bicycle in the image?,yes,adversarial,bicycle
322029,COCO_val2014_000000322029.jpg,Is there a car in the image?,yes,adversarial,car
322029,COCO_val2014_000000322029.jpg,Is there a horse in the image?,yes,adversarial,horse
322029,COCO_val2014_000000322029.jpg,Is there a chair in the image?,no,adversarial,chair
322029,COCO_val2014_000000322029.jpg,Is there a book in the image?,no,adversarial,book
322029,COCO_val2014_000000322029.jpg,Is there a bottle in the image?,no,adversarial,bottle
2431,COCO_val2014_000000002431.jpg,Is there a person in the image?,yes,random,person
2431,COCO_val2014_000000002431.jpg,Is there a knife in the image?,yes,random,knife
2431,COCO_val2014_000000002431.jpg,Is there a spoon in the image?,yes,random,spoon
2431,COCO_val2014_000000002431.jpg,Is there a fire hydrant in the image?,no,random,fire hydrant
2431,COCO_val2014_000000002431.jpg,Is there a sink in the image?,no,random,sink
2431,COCO_val2014_000000002431.jpg,Is there a cat in the image?,no,random,cat
2431,COCO_val2014_000000002431.jpg,Is there a wine glass in the image?,yes,popular,wine glass
2431,COCO_val2014_000000002431.jpg,Is there a spoon in the image?,yes,popular,spoon
2431,COCO_val2014_000000002431.jpg,Is there a person in the image?,yes,popular,person
2431,COCO_val2014_000000002431.jpg,Is there a car in the image?,no,popular,car
2431,COCO_val2014_000000002431.jpg,Is there a chair in the image?,no,popular,chair
2431,COCO_val2014_000000002431.jpg,Is there a book in the image?,no,popular,book
2431,COCO_val2014_000000002431.jpg,Is there a knife in the image?,yes,adversarial,knife
2431,COCO_val2014_000000002431.jpg,Is there a spoon in the image?,yes,adversarial,spoon
2431,COCO_val2014_000000002431.jpg,Is there a person in the image?,yes,adversarial,person
2431,COCO_val2014_000000002431.jpg,Is there a car in the image?,no,adversarial,car
2431,COCO_val2014_000000002431.jpg,Is there a chair in the image?,no,adversarial,chair
2431,COCO_val2014_000000002431.jpg,Is there a book in the image?,no,adversarial,book
116678,COCO_val2014_000000116678.jpg,Is there a teddy bear in the image?,yes,random,teddy bear
116678,COCO_val2014_000000116678.jpg,Is there a car in the image?,yes,random,car
116678,COCO_val2014_000000116678.jpg,Is there a book in the image?,yes,random,book
116678,COCO_val2014_000000116678.jpg,Is there a kite in the image?,no,random,kite
116678,COCO_val2014_000000116678.jpg,Is there a handbag in the image?,no,random,handbag
116678,COCO_val2014_000000116678.jpg,Is there a giraffe in the image?,no,random,giraffe
116678,COCO_val2014_000000116678.jpg,Is there a teddy bear in the image?,yes,popular,teddy bear
116678,COCO_val2014_000000116678.jpg,Is there a book in the image?,yes,popular,book
116678,COCO_val2014_000000116678.jpg,Is there a car in the image?,yes,popular,car
116678,COCO_val2014_000000116678.jpg,Is there a person in the image?,no,popular,person
116678,COCO_val2014_000000116678.jpg,Is there a chair in the image?,no,popular,chair
116678,COCO_val2014_000000116678.jpg,Is there a bottle in the image?,no,popular,bottle
116678,COCO_val2014_000000116678.jpg,Is there a teddy bear in the image?,yes,adversarial,teddy bear
116678,COCO_val2014_000000116678.jpg,Is there a book in the image?,yes,adversarial,book
116678,COCO_val2014_000000116678.jpg,Is there a bed in the image?,yes,adversarial,bed
116678,COCO_val2014_000000116678.jpg,Is there a person in the image?,no,adversarial,person
116678,COCO_val2014_000000116678.jpg,Is there a chair in the image?,no,adversarial,chair
116678,COCO_val2014_000000116678.jpg,Is there a bottle in the image?,no,adversarial,bottle
57150,COCO_val2014_000000057150.jpg,Is there a teddy bear in the image?,yes,random,teddy bear
57150,COCO_val2014_000000057150.jpg,Is there a backpack in the image?,yes,random,backpack
57150,COCO_val2014_000000057150.jpg,Is there a person in the image?,yes,random,person
57150,COCO_val2014_000000057150.jpg,Is there a fork in the image?,no,random,fork
57150,COCO_val2014_000000057150.jpg,Is there a elephant in the image?,no,random,elephant
57150,COCO_val2014_000000057150.jpg,Is there a potted plant in the image?,no,random,potted plant
57150,COCO_val2014_000000057150.jpg,Is there a person in the image?,yes,popular,person
57150,COCO_val2014_000000057150.jpg,Is there a teddy bear in the image?,yes,popular,teddy bear
57150,COCO_val2014_000000057150.jpg,Is there a backpack in the image?,yes,popular,backpack
57150,COCO_val2014_000000057150.jpg,Is there a car in the image?,no,popular,car
57150,COCO_val2014_000000057150.jpg,Is there a chair in the image?,no,popular,chair
57150,COCO_val2014_000000057150.jpg,Is there a book in the image?,no,popular,book
57150,COCO_val2014_000000057150.jpg,Is there a backpack in the image?,yes,adversarial,backpack
57150,COCO_val2014_000000057150.jpg,Is there a teddy bear in the image?,yes,adversarial,teddy bear
57150,COCO_val2014_000000057150.jpg,Is there a person in the image?,yes,adversarial,person
57150,COCO_val2014_000000057150.jpg,Is there a car in the image?,no,adversarial,car
57150,COCO_val2014_000000057150.jpg,Is there a chair in the image?,no,adversarial,chair
57150,COCO_val2014_000000057150.jpg,Is there a book in the image?,no,adversarial,book
449379,COCO_val2014_000000449379.jpg,Is there a bed in the image?,yes,random,bed
449379,COCO_val2014_000000449379.jpg,Is there a person in the image?,yes,random,person
449379,COCO_val2014_000000449379.jpg,Is there a cat in the image?,yes,random,cat
449379,COCO_val2014_000000449379.jpg,Is there a cell phone in the image?,no,random,cell phone
449379,COCO_val2014_000000449379.jpg,Is there a fire hydrant in the image?,no,random,fire hydrant
449379,COCO_val2014_000000449379.jpg,Is there a cup in the image?,no,random,cup
449379,COCO_val2014_000000449379.jpg,Is there a cat in the image?,yes,popular,cat
449379,COCO_val2014_000000449379.jpg,Is there a bed in the image?,yes,popular,bed
449379,COCO_val2014_000000449379.jpg,Is there a person in the image?,yes,popular,person
449379,COCO_val2014_000000449379.jpg,Is there a car in the image?,no,popular,car
449379,COCO_val2014_000000449379.jpg,Is there a chair in the image?,no,popular,chair
449379,COCO_val2014_000000449379.jpg,Is there a book in the image?,no,popular,book
449379,COCO_val2014_000000449379.jpg,Is there a person in the image?,yes,adversarial,person
449379,COCO_val2014_000000449379.jpg,Is there a cat in the image?,yes,adversarial,cat
449379,COCO_val2014_000000449379.jpg,Is there a bed in the image?,yes,adversarial,bed
449379,COCO_val2014_000000449379.jpg,Is there a car in the image?,no,adversarial,car
449379,COCO_val2014_000000449379.jpg,Is there a chair in the image?,no,adversarial,chair
449379,COCO_val2014_000000449379.jpg,Is there a book in the image?,no,adversarial,book
507087,COCO_val2014_000000507087.jpg,Is there a person in the image?,yes,random,person
507087,COCO_val2014_000000507087.jpg,Is there a surfboard in the image?,yes,random,surfboard
507087,COCO_val2014_000000507087.jpg,Is there a boat in the image?,yes,random,boat
507087,COCO_val2014_000000507087.jpg,Is there a tv in the image?,no,random,tv
507087,COCO_val2014_000000507087.jpg,Is there a teddy bear in the image?,no,random,teddy bear
507087,COCO_val2014_000000507087.jpg,Is there a book in the image?,no,random,book
507087,COCO_val2014_000000507087.jpg,Is there a surfboard in the image?,yes,popular,surfboard
507087,COCO_val2014_000000507087.jpg,Is there a person in the image?,yes,popular,person
507087,COCO_val2014_000000507087.jpg,Is there a boat in the image?,yes,popular,boat
507087,COCO_val2014_000000507087.jpg,Is there a car in the image?,no,popular,car
507087,COCO_val2014_000000507087.jpg,Is there a chair in the image?,no,popular,chair
507087,COCO_val2014_000000507087.jpg,Is there a book in the image?,no,popular,book
507087,COCO_val2014_000000507087.jpg,Is there a surfboard in the image?,yes,adversarial,surfboard
507087,COCO_val2014_000000507087.jpg,Is there a person in the image?,yes,adversarial,person
507087,COCO_val2014_000000507087.jpg,Is there a boat in the image?,yes,adversarial,boat
507087,COCO_val2014_000000507087.jpg,Is there a car in the image?,no,adversarial,car
507087,COCO_val2014_000000507087.jpg,Is there a chair in the image?,no,adversarial,chair
507087,COCO_val2014_000000507087.jpg,Is there a book in the image?,no,adversarial,book
564352,COCO_val2014_000000564352.jpg,Is there a boat in the image?,yes,random,boat
564352,COCO_val2014_000000564352.jpg,Is there a potted plant in the image?,yes,random,potted plant
564352,COCO_val2014_000000564352.jpg,Is there a person in the image?,yes,random,person
564352,COCO_val2014_000000564352.jpg,Is there a traffic light in the image?,no,random,traffic light
564352,COCO_val2014_000000564352.jpg,Is there a laptop in the image?,no,random,laptop
564352,COCO_val2014_000000564352.jpg,Is there a dog in the image?,no,random,dog
564352,COCO_val2014_000000564352.jpg,Is there a bench in the image?,yes,popular,bench
564352,COCO_val2014_000000564352.jpg,Is there a dining table in the image?,yes,popular,dining table
564352,COCO_val2014_000000564352.jpg,Is there a person in the image?,yes,popular,person
564352,COCO_val2014_000000564352.jpg,Is there a car in the image?,no,popular,car
564352,COCO_val2014_000000564352.jpg,Is there a book in the image?,no,popular,book
564352,COCO_val2014_000000564352.jpg,Is there a bottle in the image?,no,popular,bottle
564352,COCO_val2014_000000564352.jpg,Is there a dining table in the image?,yes,adversarial,dining table
564352,COCO_val2014_000000564352.jpg,Is there a person in the image?,yes,adversarial,person
564352,COCO_val2014_000000564352.jpg,Is there a potted plant in the image?,yes,adversarial,potted plant
564352,COCO_val2014_000000564352.jpg,Is there a car in the image?,no,adversarial,car
564352,COCO_val2014_000000564352.jpg,Is there a book in the image?,no,adversarial,book
564352,COCO_val2014_000000564352.jpg,Is there a bottle in the image?,no,adversarial,bottle
370701,COCO_val2014_000000370701.jpg,Is there a truck in the image?,yes,random,truck
370701,COCO_val2014_000000370701.jpg,Is there a person in the image?,yes,random,person
370701,COCO_val2014_000000370701.jpg,Is there a dog in the image?,yes,random,dog
370701,COCO_val2014_000000370701.jpg,Is there a broccoli in the image?,no,random,broccoli
370701,COCO_val2014_000000370701.jpg,Is there a bottle in the image?,no,random,bottle
370701,COCO_val2014_000000370701.jpg,Is there a hot dog in the image?,no,random,hot dog
370701,COCO_val2014_000000370701.jpg,Is there a truck in the image?,yes,popular,truck
370701,COCO_val2014_000000370701.jpg,Is there a dog in the image?,yes,popular,dog
370701,COCO_val2014_000000370701.jpg,Is there a person in the image?,yes,popular,person
370701,COCO_val2014_000000370701.jpg,Is there a car in the image?,no,popular,car
370701,COCO_val2014_000000370701.jpg,Is there a chair in the image?,no,popular,chair
370701,COCO_val2014_000000370701.jpg,Is there a book in the image?,no,popular,book
370701,COCO_val2014_000000370701.jpg,Is there a dog in the image?,yes,adversarial,dog
370701,COCO_val2014_000000370701.jpg,Is there a truck in the image?,yes,adversarial,truck
370701,COCO_val2014_000000370701.jpg,Is there a person in the image?,yes,adversarial,person
370701,COCO_val2014_000000370701.jpg,Is there a car in the image?,no,adversarial,car
370701,COCO_val2014_000000370701.jpg,Is there a chair in the image?,no,adversarial,chair
370701,COCO_val2014_000000370701.jpg,Is there a book in the image?,no,adversarial,book
60069,COCO_val2014_000000060069.jpg,Is there a kite in the image?,yes,random,kite
60069,COCO_val2014_000000060069.jpg,Is there a person in the image?,yes,random,person
60069,COCO_val2014_000000060069.jpg,Is there a surfboard in the image?,yes,random,surfboard
60069,COCO_val2014_000000060069.jpg,Is there a bottle in the image?,no,random,bottle
60069,COCO_val2014_000000060069.jpg,Is there a baseball bat in the image?,no,random,baseball bat
60069,COCO_val2014_000000060069.jpg,Is there a elephant in the image?,no,random,elephant
60069,COCO_val2014_000000060069.jpg,Is there a kite in the image?,yes,popular,kite
60069,COCO_val2014_000000060069.jpg,Is there a person in the image?,yes,popular,person
60069,COCO_val2014_000000060069.jpg,Is there a surfboard in the image?,yes,popular,surfboard
60069,COCO_val2014_000000060069.jpg,Is there a car in the image?,no,popular,car
60069,COCO_val2014_000000060069.jpg,Is there a chair in the image?,no,popular,chair
60069,COCO_val2014_000000060069.jpg,Is there a book in the image?,no,popular,book
60069,COCO_val2014_000000060069.jpg,Is there a kite in the image?,yes,adversarial,kite
60069,COCO_val2014_000000060069.jpg,Is there a surfboard in the image?,yes,adversarial,surfboard
60069,COCO_val2014_000000060069.jpg,Is there a person in the image?,yes,adversarial,person
60069,COCO_val2014_000000060069.jpg,Is there a car in the image?,no,adversarial,car
60069,COCO_val2014_000000060069.jpg,Is there a chair in the image?,no,adversarial,chair
60069,COCO_val2014_000000060069.jpg,Is there a book in the image?,no,adversarial,book
319726,COCO_val2014_000000319726.jpg,Is there a person in the image?,yes,random,person
319726,COCO_val2014_000000319726.jpg,Is there a sports ball in the image?,yes,random,sports ball
319726,COCO_val2014_000000319726.jpg,Is there a tennis racket in the image?,yes,random,tennis racket
319726,COCO_val2014_000000319726.jpg,Is there a clock in the image?,no,random,clock
319726,COCO_val2014_000000319726.jpg,Is there a carrot in the image?,no,random,carrot
319726,COCO_val2014_000000319726.jpg,Is there a bowl in the image?,no,random,bowl
319726,COCO_val2014_000000319726.jpg,Is there a person in the image?,yes,popular,person
319726,COCO_val2014_000000319726.jpg,Is there a sports ball in the image?,yes,popular,sports ball
319726,COCO_val2014_000000319726.jpg,Is there a tennis racket in the image?,yes,popular,tennis racket
319726,COCO_val2014_000000319726.jpg,Is there a car in the image?,no,popular,car
319726,COCO_val2014_000000319726.jpg,Is there a chair in the image?,no,popular,chair
319726,COCO_val2014_000000319726.jpg,Is there a book in the image?,no,popular,book
319726,COCO_val2014_000000319726.jpg,Is there a sports ball in the image?,yes,adversarial,sports ball
319726,COCO_val2014_000000319726.jpg,Is there a tennis racket in the image?,yes,adversarial,tennis racket
319726,COCO_val2014_000000319726.jpg,Is there a person in the image?,yes,adversarial,person
319726,COCO_val2014_000000319726.jpg,Is there a car in the image?,no,adversarial,car
319726,COCO_val2014_000000319726.jpg,Is there a chair in the image?,no,adversarial,chair
319726,COCO_val2014_000000319726.jpg,Is there a book in the image?,no,adversarial,book
113828,COCO_val2014_000000113828.jpg,Is there a car in the image?,yes,random,car
113828,COCO_val2014_000000113828.jpg,Is there a bus in the image?,yes,random,bus
113828,COCO_val2014_000000113828.jpg,Is there a person in the image?,yes,random,person
113828,COCO_val2014_000000113828.jpg,Is there a skis in the image?,no,random,skis
113828,COCO_val2014_000000113828.jpg,Is there a banana in the image?,no,random,banana
113828,COCO_val2014_000000113828.jpg,Is there a remote in the image?,no,random,remote
113828,COCO_val2014_000000113828.jpg,Is there a person in the image?,yes,popular,person
113828,COCO_val2014_000000113828.jpg,Is there a bus in the image?,yes,popular,bus
113828,COCO_val2014_000000113828.jpg,Is there a car in the image?,yes,popular,car
113828,COCO_val2014_000000113828.jpg,Is there a chair in the image?,no,popular,chair
113828,COCO_val2014_000000113828.jpg,Is there a book in the image?,no,popular,book
113828,COCO_val2014_000000113828.jpg,Is there a bottle in the image?,no,popular,bottle
113828,COCO_val2014_000000113828.jpg,Is there a person in the image?,yes,adversarial,person
113828,COCO_val2014_000000113828.jpg,Is there a bus in the image?,yes,adversarial,bus
113828,COCO_val2014_000000113828.jpg,Is there a car in the image?,yes,adversarial,car
113828,COCO_val2014_000000113828.jpg,Is there a chair in the image?,no,adversarial,chair
113828,COCO_val2014_000000113828.jpg,Is there a book in the image?,no,adversarial,book
113828,COCO_val2014_000000113828.jpg,Is there a bottle in the image?,no,adversarial,bottle
87328,COCO_val2014_000000087328.jpg,Is there a person in the image?,yes,random,person
87328,COCO_val2014_000000087328.jpg,Is there a sports ball in the image?,yes,random,sports ball
87328,COCO_val2014_000000087328.jpg,Is there a book in the image?,yes,random,book
87328,COCO_val2014_000000087328.jpg,Is there a horse in the image?,no,random,horse
87328,COCO_val2014_000000087328.jpg,Is there a toothbrush in the image?,no,random,toothbrush
87328,COCO_val2014_000000087328.jpg,Is there a broccoli in the image?,no,random,broccoli
87328,COCO_val2014_000000087328.jpg,Is there a person in the image?,yes,popular,person
87328,COCO_val2014_000000087328.jpg,Is there a sports ball in the image?,yes,popular,sports ball
87328,COCO_val2014_000000087328.jpg,Is there a book in the image?,yes,popular,book
87328,COCO_val2014_000000087328.jpg,Is there a car in the image?,no,popular,car
87328,COCO_val2014_000000087328.jpg,Is there a chair in the image?,no,popular,chair
87328,COCO_val2014_000000087328.jpg,Is there a bottle in the image?,no,popular,bottle
87328,COCO_val2014_000000087328.jpg,Is there a sports ball in the image?,yes,adversarial,sports ball
87328,COCO_val2014_000000087328.jpg,Is there a person in the image?,yes,adversarial,person
87328,COCO_val2014_000000087328.jpg,Is there a book in the image?,yes,adversarial,book
87328,COCO_val2014_000000087328.jpg,Is there a car in the image?,no,adversarial,car
87328,COCO_val2014_000000087328.jpg,Is there a chair in the image?,no,adversarial,chair
87328,COCO_val2014_000000087328.jpg,Is there a bottle in the image?,no,adversarial,bottle
330204,COCO_val2014_000000330204.jpg,Is there a person in the image?,yes,random,person
330204,COCO_val2014_000000330204.jpg,Is there a handbag in the image?,yes,random,handbag
330204,COCO_val2014_000000330204.jpg,Is there a bus in the image?,yes,random,bus
330204,COCO_val2014_000000330204.jpg,Is there a kite in the image?,no,random,kite
330204,COCO_val2014_000000330204.jpg,Is there a bed in the image?,no,random,bed
330204,COCO_val2014_000000330204.jpg,Is there a bottle in the image?,no,random,bottle
330204,COCO_val2014_000000330204.jpg,Is there a bus in the image?,yes,popular,bus
330204,COCO_val2014_000000330204.jpg,Is there a handbag in the image?,yes,popular,handbag
330204,COCO_val2014_000000330204.jpg,Is there a person in the image?,yes,popular,person
330204,COCO_val2014_000000330204.jpg,Is there a car in the image?,no,popular,car
330204,COCO_val2014_000000330204.jpg,Is there a chair in the image?,no,popular,chair
330204,COCO_val2014_000000330204.jpg,Is there a book in the image?,no,popular,book
330204,COCO_val2014_000000330204.jpg,Is there a bus in the image?,yes,adversarial,bus
330204,COCO_val2014_000000330204.jpg,Is there a person in the image?,yes,adversarial,person
330204,COCO_val2014_000000330204.jpg,Is there a handbag in the image?,yes,adversarial,handbag
330204,COCO_val2014_000000330204.jpg,Is there a car in the image?,no,adversarial,car
330204,COCO_val2014_000000330204.jpg,Is there a chair in the image?,no,adversarial,chair
330204,COCO_val2014_000000330204.jpg,Is there a book in the image?,no,adversarial,book
39589,COCO_val2014_000000039589.jpg,Is there a cat in the image?,yes,random,cat
39589,COCO_val2014_000000039589.jpg,Is there a donut in the image?,yes,random,donut
39589,COCO_val2014_000000039589.jpg,Is there a book in the image?,yes,random,book
39589,COCO_val2014_000000039589.jpg,Is there a scissors in the image?,no,random,scissors
39589,COCO_val2014_000000039589.jpg,Is there a potted plant in the image?,no,random,potted plant
39589,COCO_val2014_000000039589.jpg,Is there a toilet in the image?,no,random,toilet
39589,COCO_val2014_000000039589.jpg,Is there a cat in the image?,yes,popular,cat
39589,COCO_val2014_000000039589.jpg,Is there a book in the image?,yes,popular,book
39589,COCO_val2014_000000039589.jpg,Is there a donut in the image?,yes,popular,donut
39589,COCO_val2014_000000039589.jpg,Is there a person in the image?,no,popular,person
39589,COCO_val2014_000000039589.jpg,Is there a car in the image?,no,popular,car
39589,COCO_val2014_000000039589.jpg,Is there a chair in the image?,no,popular,chair
39589,COCO_val2014_000000039589.jpg,Is there a donut in the image?,yes,adversarial,donut
39589,COCO_val2014_000000039589.jpg,Is there a book in the image?,yes,adversarial,book
39589,COCO_val2014_000000039589.jpg,Is there a cat in the image?,yes,adversarial,cat
39589,COCO_val2014_000000039589.jpg,Is there a person in the image?,no,adversarial,person
39589,COCO_val2014_000000039589.jpg,Is there a car in the image?,no,adversarial,car
39589,COCO_val2014_000000039589.jpg,Is there a chair in the image?,no,adversarial,chair
185943,COCO_val2014_000000185943.jpg,Is there a bicycle in the image?,yes,random,bicycle
185943,COCO_val2014_000000185943.jpg,Is there a person in the image?,yes,random,person
185943,COCO_val2014_000000185943.jpg,Is there a car in the image?,yes,random,car
185943,COCO_val2014_000000185943.jpg,Is there a carrot in the image?,no,random,carrot
185943,COCO_val2014_000000185943.jpg,Is there a clock in the image?,no,random,clock
185943,COCO_val2014_000000185943.jpg,Is there a horse in the image?,no,random,horse
185943,COCO_val2014_000000185943.jpg,Is there a person in the image?,yes,popular,person
185943,COCO_val2014_000000185943.jpg,Is there a car in the image?,yes,popular,car
185943,COCO_val2014_000000185943.jpg,Is there a bus in the image?,yes,popular,bus
185943,COCO_val2014_000000185943.jpg,Is there a chair in the image?,no,popular,chair
185943,COCO_val2014_000000185943.jpg,Is there a book in the image?,no,popular,book
185943,COCO_val2014_000000185943.jpg,Is there a bottle in the image?,no,popular,bottle
185943,COCO_val2014_000000185943.jpg,Is there a car in the image?,yes,adversarial,car
185943,COCO_val2014_000000185943.jpg,Is there a bus in the image?,yes,adversarial,bus
185943,COCO_val2014_000000185943.jpg,Is there a bicycle in the image?,yes,adversarial,bicycle
185943,COCO_val2014_000000185943.jpg,Is there a chair in the image?,no,adversarial,chair
185943,COCO_val2014_000000185943.jpg,Is there a book in the image?,no,adversarial,book
185943,COCO_val2014_000000185943.jpg,Is there a bottle in the image?,no,adversarial,bottle
218294,COCO_val2014_000000218294.jpg,Is there a sports ball in the image?,yes,random,sports ball
218294,COCO_val2014_000000218294.jpg,Is there a person in the image?,yes,random,person
218294,COCO_val2014_000000218294.jpg,Is there a tennis racket in the image?,yes,random,tennis racket
218294,COCO_val2014_000000218294.jpg,Is there a parking meter in the image?,no,random,parking meter
218294,COCO_val2014_000000218294.jpg,Is there a frisbee in the image?,no,random,frisbee
218294,COCO_val2014_000000218294.jpg,Is there a dining table in the image?,no,random,dining table
218294,COCO_val2014_000000218294.jpg,Is there a tennis racket in the image?,yes,popular,tennis racket
218294,COCO_val2014_000000218294.jpg,Is there a person in the image?,yes,popular,person
218294,COCO_val2014_000000218294.jpg,Is there a sports ball in the image?,yes,popular,sports ball
218294,COCO_val2014_000000218294.jpg,Is there a car in the image?,no,popular,car
218294,COCO_val2014_000000218294.jpg,Is there a chair in the image?,no,popular,chair
218294,COCO_val2014_000000218294.jpg,Is there a book in the image?,no,popular,book
218294,COCO_val2014_000000218294.jpg,Is there a person in the image?,yes,adversarial,person
218294,COCO_val2014_000000218294.jpg,Is there a tennis racket in the image?,yes,adversarial,tennis racket
218294,COCO_val2014_000000218294.jpg,Is there a sports ball in the image?,yes,adversarial,sports ball
218294,COCO_val2014_000000218294.jpg,Is there a car in the image?,no,adversarial,car
218294,COCO_val2014_000000218294.jpg,Is there a chair in the image?,no,adversarial,chair
218294,COCO_val2014_000000218294.jpg,Is there a book in the image?,no,adversarial,book
124210,COCO_val2014_000000124210.jpg,Is there a bench in the image?,yes,random,bench
124210,COCO_val2014_000000124210.jpg,Is there a backpack in the image?,yes,random,backpack
124210,COCO_val2014_000000124210.jpg,Is there a person in the image?,yes,random,person
124210,COCO_val2014_000000124210.jpg,Is there a carrot in the image?,no,random,carrot
124210,COCO_val2014_000000124210.jpg,Is there a sports ball in the image?,no,random,sports ball
124210,COCO_val2014_000000124210.jpg,Is there a airplane in the image?,no,random,airplane
124210,COCO_val2014_000000124210.jpg,Is there a sink in the image?,yes,popular,sink
124210,COCO_val2014_000000124210.jpg,Is there a person in the image?,yes,popular,person
124210,COCO_val2014_000000124210.jpg,Is there a suitcase in the image?,yes,popular,suitcase
124210,COCO_val2014_000000124210.jpg,Is there a car in the image?,no,popular,car
124210,COCO_val2014_000000124210.jpg,Is there a chair in the image?,no,popular,chair
124210,COCO_val2014_000000124210.jpg,Is there a book in the image?,no,popular,book
124210,COCO_val2014_000000124210.jpg,Is there a sink in the image?,yes,adversarial,sink
124210,COCO_val2014_000000124210.jpg,Is there a bench in the image?,yes,adversarial,bench
124210,COCO_val2014_000000124210.jpg,Is there a person in the image?,yes,adversarial,person
124210,COCO_val2014_000000124210.jpg,Is there a car in the image?,no,adversarial,car
124210,COCO_val2014_000000124210.jpg,Is there a chair in the image?,no,adversarial,chair
124210,COCO_val2014_000000124210.jpg,Is there a book in the image?,no,adversarial,book
317565,COCO_val2014_000000317565.jpg,Is there a couch in the image?,yes,random,couch
317565,COCO_val2014_000000317565.jpg,Is there a tv in the image?,yes,random,tv
317565,COCO_val2014_000000317565.jpg,Is there a potted plant in the image?,yes,random,potted plant
317565,COCO_val2014_000000317565.jpg,Is there a horse in the image?,no,random,horse
317565,COCO_val2014_000000317565.jpg,Is there a remote in the image?,no,random,remote
317565,COCO_val2014_000000317565.jpg,Is there a dining table in the image?,no,random,dining table
317565,COCO_val2014_000000317565.jpg,Is there a toilet in the image?,yes,popular,toilet
317565,COCO_val2014_000000317565.jpg,Is there a couch in the image?,yes,popular,couch
317565,COCO_val2014_000000317565.jpg,Is there a vase in the image?,yes,popular,vase
317565,COCO_val2014_000000317565.jpg,Is there a person in the image?,no,popular,person
317565,COCO_val2014_000000317565.jpg,Is there a car in the image?,no,popular,car
317565,COCO_val2014_000000317565.jpg,Is there a book in the image?,no,popular,book
317565,COCO_val2014_000000317565.jpg,Is there a couch in the image?,yes,adversarial,couch
317565,COCO_val2014_000000317565.jpg,Is there a tv in the image?,yes,adversarial,tv
317565,COCO_val2014_000000317565.jpg,Is there a sink in the image?,yes,adversarial,sink
317565,COCO_val2014_000000317565.jpg,Is there a person in the image?,no,adversarial,person
317565,COCO_val2014_000000317565.jpg,Is there a car in the image?,no,adversarial,car
317565,COCO_val2014_000000317565.jpg,Is there a book in the image?,no,adversarial,book
279331,COCO_val2014_000000279331.jpg,Is there a backpack in the image?,yes,random,backpack
279331,COCO_val2014_000000279331.jpg,Is there a dog in the image?,yes,random,dog
279331,COCO_val2014_000000279331.jpg,Is there a tennis racket in the image?,yes,random,tennis racket
279331,COCO_val2014_000000279331.jpg,Is there a cup in the image?,no,random,cup
279331,COCO_val2014_000000279331.jpg,Is there a kite in the image?,no,random,kite
279331,COCO_val2014_000000279331.jpg,Is there a knife in the image?,no,random,knife
279331,COCO_val2014_000000279331.jpg,Is there a tennis racket in the image?,yes,popular,tennis racket
279331,COCO_val2014_000000279331.jpg,Is there a handbag in the image?,yes,popular,handbag
279331,COCO_val2014_000000279331.jpg,Is there a dog in the image?,yes,popular,dog
279331,COCO_val2014_000000279331.jpg,Is there a person in the image?,no,popular,person
279331,COCO_val2014_000000279331.jpg,Is there a car in the image?,no,popular,car
279331,COCO_val2014_000000279331.jpg,Is there a chair in the image?,no,popular,chair
279331,COCO_val2014_000000279331.jpg,Is there a dog in the image?,yes,adversarial,dog
279331,COCO_val2014_000000279331.jpg,Is there a handbag in the image?,yes,adversarial,handbag
279331,COCO_val2014_000000279331.jpg,Is there a tennis racket in the image?,yes,adversarial,tennis racket
279331,COCO_val2014_000000279331.jpg,Is there a person in the image?,no,adversarial,person
279331,COCO_val2014_000000279331.jpg,Is there a car in the image?,no,adversarial,car
279331,COCO_val2014_000000279331.jpg,Is there a chair in the image?,no,adversarial,chair
287035,COCO_val2014_000000287035.jpg,Is there a tv in the image?,yes,random,tv
287035,COCO_val2014_000000287035.jpg,Is there a mouse in the image?,yes,random,mouse
287035,COCO_val2014_000000287035.jpg,Is there a laptop in the image?,yes,random,laptop
287035,COCO_val2014_000000287035.jpg,Is there a sink in the image?,no,random,sink
287035,COCO_val2014_000000287035.jpg,Is there a toothbrush in the image?,no,random,toothbrush
287035,COCO_val2014_000000287035.jpg,Is there a skis in the image?,no,random,skis
287035,COCO_val2014_000000287035.jpg,Is there a laptop in the image?,yes,popular,laptop
287035,COCO_val2014_000000287035.jpg,Is there a keyboard in the image?,yes,popular,keyboard
287035,COCO_val2014_000000287035.jpg,Is there a cell phone in the image?,yes,popular,cell phone
287035,COCO_val2014_000000287035.jpg,Is there a person in the image?,no,popular,person
287035,COCO_val2014_000000287035.jpg,Is there a car in the image?,no,popular,car
287035,COCO_val2014_000000287035.jpg,Is there a book in the image?,no,popular,book
287035,COCO_val2014_000000287035.jpg,Is there a mouse in the image?,yes,adversarial,mouse
287035,COCO_val2014_000000287035.jpg,Is there a tv in the image?,yes,adversarial,tv
287035,COCO_val2014_000000287035.jpg,Is there a cell phone in the image?,yes,adversarial,cell phone
287035,COCO_val2014_000000287035.jpg,Is there a person in the image?,no,adversarial,person
287035,COCO_val2014_000000287035.jpg,Is there a car in the image?,no,adversarial,car
287035,COCO_val2014_000000287035.jpg,Is there a book in the image?,no,adversarial,book
505099,COCO_val2014_000000505099.jpg,Is there a backpack in the image?,yes,random,backpack
505099,COCO_val2014_000000505099.jpg,Is there a chair in the image?,yes,random,chair
505099,COCO_val2014_000000505099.jpg,Is there a baseball glove in the image?,yes,random,baseball glove
505099,COCO_val2014_000000505099.jpg,Is there a umbrella in the image?,no,random,umbrella
505099,COCO_val2014_000000505099.jpg,Is there a stop sign in the image?,no,random,stop sign
505099,COCO_val2014_000000505099.jpg,Is there a book in the image?,no,random,book
505099,COCO_val2014_000000505099.jpg,Is there a baseball bat in the image?,yes,popular,baseball bat
505099,COCO_val2014_000000505099.jpg,Is there a person in the image?,yes,popular,person
505099,COCO_val2014_000000505099.jpg,Is there a chair in the image?,yes,popular,chair
505099,COCO_val2014_000000505099.jpg,Is there a car in the image?,no,popular,car
505099,COCO_val2014_000000505099.jpg,Is there a book in the image?,no,popular,book
505099,COCO_val2014_000000505099.jpg,Is there a cup in the image?,no,popular,cup
505099,COCO_val2014_000000505099.jpg,Is there a baseball glove in the image?,yes,adversarial,baseball glove
505099,COCO_val2014_000000505099.jpg,Is there a bottle in the image?,yes,adversarial,bottle
505099,COCO_val2014_000000505099.jpg,Is there a person in the image?,yes,adversarial,person
505099,COCO_val2014_000000505099.jpg,Is there a car in the image?,no,adversarial,car
505099,COCO_val2014_000000505099.jpg,Is there a book in the image?,no,adversarial,book
505099,COCO_val2014_000000505099.jpg,Is there a cup in the image?,no,adversarial,cup
565395,COCO_val2014_000000565395.jpg,Is there a truck in the image?,yes,random,truck
565395,COCO_val2014_000000565395.jpg,Is there a frisbee in the image?,yes,random,frisbee
565395,COCO_val2014_000000565395.jpg,Is there a person in the image?,yes,random,person
565395,COCO_val2014_000000565395.jpg,Is there a baseball glove in the image?,no,random,baseball glove
565395,COCO_val2014_000000565395.jpg,Is there a motorcycle in the image?,no,random,motorcycle
565395,COCO_val2014_000000565395.jpg,Is there a sandwich in the image?,no,random,sandwich
565395,COCO_val2014_000000565395.jpg,Is there a person in the image?,yes,popular,person
565395,COCO_val2014_000000565395.jpg,Is there a frisbee in the image?,yes,popular,frisbee
565395,COCO_val2014_000000565395.jpg,Is there a truck in the image?,yes,popular,truck
565395,COCO_val2014_000000565395.jpg,Is there a car in the image?,no,popular,car
565395,COCO_val2014_000000565395.jpg,Is there a chair in the image?,no,popular,chair
565395,COCO_val2014_000000565395.jpg,Is there a book in the image?,no,popular,book
565395,COCO_val2014_000000565395.jpg,Is there a truck in the image?,yes,adversarial,truck
565395,COCO_val2014_000000565395.jpg,Is there a person in the image?,yes,adversarial,person
565395,COCO_val2014_000000565395.jpg,Is there a frisbee in the image?,yes,adversarial,frisbee
565395,COCO_val2014_000000565395.jpg,Is there a car in the image?,no,adversarial,car
565395,COCO_val2014_000000565395.jpg,Is there a chair in the image?,no,adversarial,chair
565395,COCO_val2014_000000565395.jpg,Is there a book in the image?,no,adversarial,book
17714,COCO_val2014_000000017714.jpg,Is there a pizza in the image?,yes,random,pizza
17714,COCO_val2014_000000017714.jpg,Is there a dining table in the image?,yes,random,dining table
17714,COCO_val2014_000000017714.jpg,Is there a banana in the image?,yes,random,banana
17714,COCO_val2014_000000017714.jpg,Is there a scissors in the image?,no,random,scissors
17714,COCO_val2014_000000017714.jpg,Is there a sandwich in the image?,no,random,sandwich
17714,COCO_val2014_000000017714.jpg,Is there a zebra in the image?,no,random,zebra
17714,COCO_val2014_000000017714.jpg,Is there a spoon in the image?,yes,popular,spoon
17714,COCO_val2014_000000017714.jpg,Is there a fork in the image?,yes,popular,fork
17714,COCO_val2014_000000017714.jpg,Is there a knife in the image?,yes,popular,knife
17714,COCO_val2014_000000017714.jpg,Is there a person in the image?,no,popular,person
17714,COCO_val2014_000000017714.jpg,Is there a car in the image?,no,popular,car
17714,COCO_val2014_000000017714.jpg,Is there a chair in the image?,no,popular,chair
17714,COCO_val2014_000000017714.jpg,Is there a fork in the image?,yes,adversarial,fork
17714,COCO_val2014_000000017714.jpg,Is there a knife in the image?,yes,adversarial,knife
17714,COCO_val2014_000000017714.jpg,Is there a pizza in the image?,yes,adversarial,pizza
17714,COCO_val2014_000000017714.jpg,Is there a person in the image?,no,adversarial,person
17714,COCO_val2014_000000017714.jpg,Is there a car in the image?,no,adversarial,car
17714,COCO_val2014_000000017714.jpg,Is there a chair in the image?,no,adversarial,chair
257036,COCO_val2014_000000257036.jpg,Is there a chair in the image?,yes,random,chair
257036,COCO_val2014_000000257036.jpg,Is there a cat in the image?,yes,random,cat
257036,COCO_val2014_000000257036.jpg,Is there a bicycle in the image?,yes,random,bicycle
257036,COCO_val2014_000000257036.jpg,Is there a bus in the image?,no,random,bus
257036,COCO_val2014_000000257036.jpg,Is there a wine glass in the image?,no,random,wine glass
257036,COCO_val2014_000000257036.jpg,Is there a suitcase in the image?,no,random,suitcase
257036,COCO_val2014_000000257036.jpg,Is there a cat in the image?,yes,popular,cat
257036,COCO_val2014_000000257036.jpg,Is there a bicycle in the image?,yes,popular,bicycle
257036,COCO_val2014_000000257036.jpg,Is there a backpack in the image?,yes,popular,backpack
257036,COCO_val2014_000000257036.jpg,Is there a person in the image?,no,popular,person
257036,COCO_val2014_000000257036.jpg,Is there a car in the image?,no,popular,car
257036,COCO_val2014_000000257036.jpg,Is there a book in the image?,no,popular,book
257036,COCO_val2014_000000257036.jpg,Is there a backpack in the image?,yes,adversarial,backpack
257036,COCO_val2014_000000257036.jpg,Is there a chair in the image?,yes,adversarial,chair
257036,COCO_val2014_000000257036.jpg,Is there a bicycle in the image?,yes,adversarial,bicycle
257036,COCO_val2014_000000257036.jpg,Is there a person in the image?,no,adversarial,person
257036,COCO_val2014_000000257036.jpg,Is there a car in the image?,no,adversarial,car
257036,COCO_val2014_000000257036.jpg,Is there a book in the image?,no,adversarial,book
478736,COCO_val2014_000000478736.jpg,Is there a traffic light in the image?,yes,random,traffic light
478736,COCO_val2014_000000478736.jpg,Is there a car in the image?,yes,random,car
478736,COCO_val2014_000000478736.jpg,Is there a stop sign in the image?,yes,random,stop sign
478736,COCO_val2014_000000478736.jpg,Is there a bus in the image?,no,random,bus
478736,COCO_val2014_000000478736.jpg,Is there a tie in the image?,no,random,tie
478736,COCO_val2014_000000478736.jpg,Is there a bottle in the image?,no,random,bottle
478736,COCO_val2014_000000478736.jpg,Is there a car in the image?,yes,popular,car
478736,COCO_val2014_000000478736.jpg,Is there a stop sign in the image?,yes,popular,stop sign
478736,COCO_val2014_000000478736.jpg,Is there a traffic light in the image?,yes,popular,traffic light
478736,COCO_val2014_000000478736.jpg,Is there a person in the image?,no,popular,person
478736,COCO_val2014_000000478736.jpg,Is there a chair in the image?,no,popular,chair
478736,COCO_val2014_000000478736.jpg,Is there a book in the image?,no,popular,book
478736,COCO_val2014_000000478736.jpg,Is there a car in the image?,yes,adversarial,car
478736,COCO_val2014_000000478736.jpg,Is there a stop sign in the image?,yes,adversarial,stop sign
478736,COCO_val2014_000000478736.jpg,Is there a traffic light in the image?,yes,adversarial,traffic light
478736,COCO_val2014_000000478736.jpg,Is there a person in the image?,no,adversarial,person
478736,COCO_val2014_000000478736.jpg,Is there a chair in the image?,no,adversarial,chair
478736,COCO_val2014_000000478736.jpg,Is there a book in the image?,no,adversarial,book
370013,COCO_val2014_000000370013.jpg,Is there a banana in the image?,yes,random,banana
370013,COCO_val2014_000000370013.jpg,Is there a knife in the image?,yes,random,knife
370013,COCO_val2014_000000370013.jpg,Is there a person in the image?,yes,random,person
370013,COCO_val2014_000000370013.jpg,Is there a hot dog in the image?,no,random,hot dog
370013,COCO_val2014_000000370013.jpg,Is there a bowl in the image?,no,random,bowl
370013,COCO_val2014_000000370013.jpg,Is there a backpack in the image?,no,random,backpack
370013,COCO_val2014_000000370013.jpg,Is there a banana in the image?,yes,popular,banana
370013,COCO_val2014_000000370013.jpg,Is there a knife in the image?,yes,popular,knife
370013,COCO_val2014_000000370013.jpg,Is there a person in the image?,yes,popular,person
370013,COCO_val2014_000000370013.jpg,Is there a car in the image?,no,popular,car
370013,COCO_val2014_000000370013.jpg,Is there a chair in the image?,no,popular,chair
370013,COCO_val2014_000000370013.jpg,Is there a book in the image?,no,popular,book
370013,COCO_val2014_000000370013.jpg,Is there a knife in the image?,yes,adversarial,knife
370013,COCO_val2014_000000370013.jpg,Is there a banana in the image?,yes,adversarial,banana
370013,COCO_val2014_000000370013.jpg,Is there a person in the image?,yes,adversarial,person
370013,COCO_val2014_000000370013.jpg,Is there a car in the image?,no,adversarial,car
370013,COCO_val2014_000000370013.jpg,Is there a chair in the image?,no,adversarial,chair
370013,COCO_val2014_000000370013.jpg,Is there a book in the image?,no,adversarial,book
552273,COCO_val2014_000000552273.jpg,Is there a stop sign in the image?,yes,random,stop sign
552273,COCO_val2014_000000552273.jpg,Is there a person in the image?,yes,random,person
552273,COCO_val2014_000000552273.jpg,Is there a horse in the image?,yes,random,horse
552273,COCO_val2014_000000552273.jpg,Is there a suitcase in the image?,no,random,suitcase
552273,COCO_val2014_000000552273.jpg,Is there a clock in the image?,no,random,clock
552273,COCO_val2014_000000552273.jpg,Is there a fork in the image?,no,random,fork
552273,COCO_val2014_000000552273.jpg,Is there a backpack in the image?,yes,popular,backpack
552273,COCO_val2014_000000552273.jpg,Is there a person in the image?,yes,popular,person
552273,COCO_val2014_000000552273.jpg,Is there a stop sign in the image?,yes,popular,stop sign
552273,COCO_val2014_000000552273.jpg,Is there a car in the image?,no,popular,car
552273,COCO_val2014_000000552273.jpg,Is there a chair in the image?,no,popular,chair
552273,COCO_val2014_000000552273.jpg,Is there a book in the image?,no,popular,book
552273,COCO_val2014_000000552273.jpg,Is there a backpack in the image?,yes,adversarial,backpack
552273,COCO_val2014_000000552273.jpg,Is there a handbag in the image?,yes,adversarial,handbag
552273,COCO_val2014_000000552273.jpg,Is there a horse in the image?,yes,adversarial,horse
552273,COCO_val2014_000000552273.jpg,Is there a car in the image?,no,adversarial,car
552273,COCO_val2014_000000552273.jpg,Is there a chair in the image?,no,adversarial,chair
552273,COCO_val2014_000000552273.jpg,Is there a book in the image?,no,adversarial,book
342377,COCO_val2014_000000342377.jpg,Is there a carrot in the image?,yes,random,carrot
342377,COCO_val2014_000000342377.jpg,Is there a person in the image?,yes,random,person
342377,COCO_val2014_000000342377.jpg,Is there a refrigerator in the image?,yes,random,refrigerator
342377,COCO_val2014_000000342377.jpg,Is there a potted plant in the image?,no,random,potted plant
342377,COCO_val2014_000000342377.jpg,Is there a bowl in the image?,no,random,bowl
342377,COCO_val2014_000000342377.jpg,Is there a bed in the image?,no,random,bed
342377,COCO_val2014_000000342377.jpg,Is there a refrigerator in the image?,yes,popular,refrigerator
342377,COCO_val2014_000000342377.jpg,Is there a carrot in the image?,yes,popular,carrot
342377,COCO_val2014_000000342377.jpg,Is there a person in the image?,yes,popular,person
342377,COCO_val2014_000000342377.jpg,Is there a car in the image?,no,popular,car
342377,COCO_val2014_000000342377.jpg,Is there a chair in the image?,no,popular,chair
342377,COCO_val2014_000000342377.jpg,Is there a book in the image?,no,popular,book
342377,COCO_val2014_000000342377.jpg,Is there a carrot in the image?,yes,adversarial,carrot
342377,COCO_val2014_000000342377.jpg,Is there a refrigerator in the image?,yes,adversarial,refrigerator
342377,COCO_val2014_000000342377.jpg,Is there a person in the image?,yes,adversarial,person
342377,COCO_val2014_000000342377.jpg,Is there a car in the image?,no,adversarial,car
342377,COCO_val2014_000000342377.jpg,Is there a chair in the image?,no,adversarial,chair
342377,COCO_val2014_000000342377.jpg,Is there a book in the image?,no,adversarial,book
101703,COCO_val2014_000000101703.jpg,Is there a bus in the image?,yes,random,bus
101703,COCO_val2014_000000101703.jpg,Is there a clock in the image?,yes,random,clock
101703,COCO_val2014_000000101703.jpg,Is there a person in the image?,yes,random,person
101703,COCO_val2014_000000101703.jpg,Is there a cell phone in the image?,no,random,cell phone
101703,COCO_val2014_000000101703.jpg,Is there a zebra in the image?,no,random,zebra
101703,COCO_val2014_000000101703.jpg,Is there a airplane in the image?,no,random,airplane
101703,COCO_val2014_000000101703.jpg,Is there a person in the image?,yes,popular,person
101703,COCO_val2014_000000101703.jpg,Is there a clock in the image?,yes,popular,clock
101703,COCO_val2014_000000101703.jpg,Is there a bus in the image?,yes,popular,bus
101703,COCO_val2014_000000101703.jpg,Is there a car in the image?,no,popular,car
101703,COCO_val2014_000000101703.jpg,Is there a chair in the image?,no,popular,chair
101703,COCO_val2014_000000101703.jpg,Is there a book in the image?,no,popular,book
101703,COCO_val2014_000000101703.jpg,Is there a person in the image?,yes,adversarial,person
101703,COCO_val2014_000000101703.jpg,Is there a bus in the image?,yes,adversarial,bus
101703,COCO_val2014_000000101703.jpg,Is there a clock in the image?,yes,adversarial,clock
101703,COCO_val2014_000000101703.jpg,Is there a car in the image?,no,adversarial,car
101703,COCO_val2014_000000101703.jpg,Is there a chair in the image?,no,adversarial,chair
101703,COCO_val2014_000000101703.jpg,Is there a book in the image?,no,adversarial,book
579081,COCO_val2014_000000579081.jpg,Is there a skis in the image?,yes,random,skis
579081,COCO_val2014_000000579081.jpg,Is there a bench in the image?,yes,random,bench
579081,COCO_val2014_000000579081.jpg,Is there a person in the image?,yes,random,person
579081,COCO_val2014_000000579081.jpg,Is there a hot dog in the image?,no,random,hot dog
579081,COCO_val2014_000000579081.jpg,Is there a vase in the image?,no,random,vase
579081,COCO_val2014_000000579081.jpg,Is there a bus in the image?,no,random,bus
579081,COCO_val2014_000000579081.jpg,Is there a skis in the image?,yes,popular,skis
579081,COCO_val2014_000000579081.jpg,Is there a person in the image?,yes,popular,person
579081,COCO_val2014_000000579081.jpg,Is there a bench in the image?,yes,popular,bench
579081,COCO_val2014_000000579081.jpg,Is there a car in the image?,no,popular,car
579081,COCO_val2014_000000579081.jpg,Is there a chair in the image?,no,popular,chair
579081,COCO_val2014_000000579081.jpg,Is there a book in the image?,no,popular,book
579081,COCO_val2014_000000579081.jpg,Is there a bench in the image?,yes,adversarial,bench
579081,COCO_val2014_000000579081.jpg,Is there a skis in the image?,yes,adversarial,skis
579081,COCO_val2014_000000579081.jpg,Is there a person in the image?,yes,adversarial,person
579081,COCO_val2014_000000579081.jpg,Is there a car in the image?,no,adversarial,car
579081,COCO_val2014_000000579081.jpg,Is there a chair in the image?,no,adversarial,chair
579081,COCO_val2014_000000579081.jpg,Is there a book in the image?,no,adversarial,book
99428,COCO_val2014_000000099428.jpg,Is there a remote in the image?,yes,random,remote
99428,COCO_val2014_000000099428.jpg,Is there a laptop in the image?,yes,random,laptop
99428,COCO_val2014_000000099428.jpg,Is there a cell phone in the image?,yes,random,cell phone
99428,COCO_val2014_000000099428.jpg,Is there a broccoli in the image?,no,random,broccoli
99428,COCO_val2014_000000099428.jpg,Is there a wine glass in the image?,no,random,wine glass
99428,COCO_val2014_000000099428.jpg,Is there a baseball glove in the image?,no,random,baseball glove
99428,COCO_val2014_000000099428.jpg,Is there a remote in the image?,yes,popular,remote
99428,COCO_val2014_000000099428.jpg,Is there a laptop in the image?,yes,popular,laptop
99428,COCO_val2014_000000099428.jpg,Is there a cell phone in the image?,yes,popular,cell phone
99428,COCO_val2014_000000099428.jpg,Is there a person in the image?,no,popular,person
99428,COCO_val2014_000000099428.jpg,Is there a car in the image?,no,popular,car
99428,COCO_val2014_000000099428.jpg,Is there a chair in the image?,no,popular,chair
99428,COCO_val2014_000000099428.jpg,Is there a laptop in the image?,yes,adversarial,laptop
99428,COCO_val2014_000000099428.jpg,Is there a remote in the image?,yes,adversarial,remote
99428,COCO_val2014_000000099428.jpg,Is there a cell phone in the image?,yes,adversarial,cell phone
99428,COCO_val2014_000000099428.jpg,Is there a person in the image?,no,adversarial,person
99428,COCO_val2014_000000099428.jpg,Is there a car in the image?,no,adversarial,car
99428,COCO_val2014_000000099428.jpg,Is there a chair in the image?,no,adversarial,chair
215456,COCO_val2014_000000215456.jpg,Is there a stop sign in the image?,yes,random,stop sign
215456,COCO_val2014_000000215456.jpg,Is there a bicycle in the image?,yes,random,bicycle
215456,COCO_val2014_000000215456.jpg,Is there a person in the image?,yes,random,person
215456,COCO_val2014_000000215456.jpg,Is there a surfboard in the image?,no,random,surfboard
215456,COCO_val2014_000000215456.jpg,Is there a toilet in the image?,no,random,toilet
215456,COCO_val2014_000000215456.jpg,Is there a snowboard in the image?,no,random,snowboard
215456,COCO_val2014_000000215456.jpg,Is there a bicycle in the image?,yes,popular,bicycle
215456,COCO_val2014_000000215456.jpg,Is there a stop sign in the image?,yes,popular,stop sign
215456,COCO_val2014_000000215456.jpg,Is there a car in the image?,yes,popular,car
215456,COCO_val2014_000000215456.jpg,Is there a chair in the image?,no,popular,chair
215456,COCO_val2014_000000215456.jpg,Is there a book in the image?,no,popular,book
215456,COCO_val2014_000000215456.jpg,Is there a bottle in the image?,no,popular,bottle
215456,COCO_val2014_000000215456.jpg,Is there a car in the image?,yes,adversarial,car
215456,COCO_val2014_000000215456.jpg,Is there a person in the image?,yes,adversarial,person
215456,COCO_val2014_000000215456.jpg,Is there a bicycle in the image?,yes,adversarial,bicycle
215456,COCO_val2014_000000215456.jpg,Is there a chair in the image?,no,adversarial,chair
215456,COCO_val2014_000000215456.jpg,Is there a book in the image?,no,adversarial,book
215456,COCO_val2014_000000215456.jpg,Is there a bottle in the image?,no,adversarial,bottle
534787,COCO_val2014_000000534787.jpg,Is there a person in the image?,yes,random,person
534787,COCO_val2014_000000534787.jpg,Is there a remote in the image?,yes,random,remote
534787,COCO_val2014_000000534787.jpg,Is there a couch in the image?,yes,random,couch
534787,COCO_val2014_000000534787.jpg,Is there a potted plant in the image?,no,random,potted plant
534787,COCO_val2014_000000534787.jpg,Is there a parking meter in the image?,no,random,parking meter
534787,COCO_val2014_000000534787.jpg,Is there a cup in the image?,no,random,cup
534787,COCO_val2014_000000534787.jpg,Is there a keyboard in the image?,yes,popular,keyboard
534787,COCO_val2014_000000534787.jpg,Is there a couch in the image?,yes,popular,couch
534787,COCO_val2014_000000534787.jpg,Is there a person in the image?,yes,popular,person
534787,COCO_val2014_000000534787.jpg,Is there a car in the image?,no,popular,car
534787,COCO_val2014_000000534787.jpg,Is there a chair in the image?,no,popular,chair
534787,COCO_val2014_000000534787.jpg,Is there a book in the image?,no,popular,book
534787,COCO_val2014_000000534787.jpg,Is there a keyboard in the image?,yes,adversarial,keyboard
534787,COCO_val2014_000000534787.jpg,Is there a remote in the image?,yes,adversarial,remote
534787,COCO_val2014_000000534787.jpg,Is there a person in the image?,yes,adversarial,person
534787,COCO_val2014_000000534787.jpg,Is there a car in the image?,no,adversarial,car
534787,COCO_val2014_000000534787.jpg,Is there a chair in the image?,no,adversarial,chair
534787,COCO_val2014_000000534787.jpg,Is there a book in the image?,no,adversarial,book
216861,COCO_val2014_000000216861.jpg,Is there a bicycle in the image?,yes,random,bicycle
216861,COCO_val2014_000000216861.jpg,Is there a person in the image?,yes,random,person
216861,COCO_val2014_000000216861.jpg,Is there a dog in the image?,yes,random,dog
216861,COCO_val2014_000000216861.jpg,Is there a microwave in the image?,no,random,microwave
216861,COCO_val2014_000000216861.jpg,Is there a snowboard in the image?,no,random,snowboard
216861,COCO_val2014_000000216861.jpg,Is there a sheep in the image?,no,random,sheep
216861,COCO_val2014_000000216861.jpg,Is there a person in the image?,yes,popular,person
216861,COCO_val2014_000000216861.jpg,Is there a bicycle in the image?,yes,popular,bicycle
216861,COCO_val2014_000000216861.jpg,Is there a dog in the image?,yes,popular,dog
216861,COCO_val2014_000000216861.jpg,Is there a car in the image?,no,popular,car
216861,COCO_val2014_000000216861.jpg,Is there a chair in the image?,no,popular,chair
216861,COCO_val2014_000000216861.jpg,Is there a book in the image?,no,popular,book
216861,COCO_val2014_000000216861.jpg,Is there a dog in the image?,yes,adversarial,dog
216861,COCO_val2014_000000216861.jpg,Is there a person in the image?,yes,adversarial,person
216861,COCO_val2014_000000216861.jpg,Is there a bicycle in the image?,yes,adversarial,bicycle
216861,COCO_val2014_000000216861.jpg,Is there a car in the image?,no,adversarial,car
216861,COCO_val2014_000000216861.jpg,Is there a chair in the image?,no,adversarial,chair
216861,COCO_val2014_000000216861.jpg,Is there a book in the image?,no,adversarial,book
208450,COCO_val2014_000000208450.jpg,Is there a horse in the image?,yes,random,horse
208450,COCO_val2014_000000208450.jpg,Is there a car in the image?,yes,random,car
208450,COCO_val2014_000000208450.jpg,Is there a person in the image?,yes,random,person
208450,COCO_val2014_000000208450.jpg,Is there a book in the image?,no,random,book
208450,COCO_val2014_000000208450.jpg,Is there a cow in the image?,no,random,cow
208450,COCO_val2014_000000208450.jpg,Is there a bench in the image?,no,random,bench
208450,COCO_val2014_000000208450.jpg,Is there a person in the image?,yes,popular,person
208450,COCO_val2014_000000208450.jpg,Is there a car in the image?,yes,popular,car
208450,COCO_val2014_000000208450.jpg,Is there a horse in the image?,yes,popular,horse
208450,COCO_val2014_000000208450.jpg,Is there a chair in the image?,no,popular,chair
208450,COCO_val2014_000000208450.jpg,Is there a book in the image?,no,popular,book
208450,COCO_val2014_000000208450.jpg,Is there a bottle in the image?,no,popular,bottle
208450,COCO_val2014_000000208450.jpg,Is there a horse in the image?,yes,adversarial,horse
208450,COCO_val2014_000000208450.jpg,Is there a car in the image?,yes,adversarial,car
208450,COCO_val2014_000000208450.jpg,Is there a person in the image?,yes,adversarial,person
208450,COCO_val2014_000000208450.jpg,Is there a chair in the image?,no,adversarial,chair
208450,COCO_val2014_000000208450.jpg,Is there a book in the image?,no,adversarial,book
208450,COCO_val2014_000000208450.jpg,Is there a bottle in the image?,no,adversarial,bottle
399573,COCO_val2014_000000399573.jpg,Is there a clock in the image?,yes,random,clock
399573,COCO_val2014_000000399573.jpg,Is there a person in the image?,yes,random,person
399573,COCO_val2014_000000399573.jpg,Is there a bird in the image?,yes,random,bird
399573,COCO_val2014_000000399573.jpg,Is there a fork in the image?,no,random,fork
399573,COCO_val2014_000000399573.jpg,Is there a fire hydrant in the image?,no,random,fire hydrant
399573,COCO_val2014_000000399573.jpg,Is there a bed in the image?,no,random,bed
399573,COCO_val2014_000000399573.jpg,Is there a clock in the image?,yes,popular,clock
399573,COCO_val2014_000000399573.jpg,Is there a bird in the image?,yes,popular,bird
399573,COCO_val2014_000000399573.jpg,Is there a person in the image?,yes,popular,person
399573,COCO_val2014_000000399573.jpg,Is there a car in the image?,no,popular,car
399573,COCO_val2014_000000399573.jpg,Is there a chair in the image?,no,popular,chair
399573,COCO_val2014_000000399573.jpg,Is there a book in the image?,no,popular,book
399573,COCO_val2014_000000399573.jpg,Is there a bird in the image?,yes,adversarial,bird
399573,COCO_val2014_000000399573.jpg,Is there a person in the image?,yes,adversarial,person
399573,COCO_val2014_000000399573.jpg,Is there a clock in the image?,yes,adversarial,clock
399573,COCO_val2014_000000399573.jpg,Is there a car in the image?,no,adversarial,car
399573,COCO_val2014_000000399573.jpg,Is there a chair in the image?,no,adversarial,chair
399573,COCO_val2014_000000399573.jpg,Is there a book in the image?,no,adversarial,book
493682,COCO_val2014_000000493682.jpg,Is there a fire hydrant in the image?,yes,random,fire hydrant
493682,COCO_val2014_000000493682.jpg,Is there a stop sign in the image?,yes,random,stop sign
493682,COCO_val2014_000000493682.jpg,Is there a bench in the image?,yes,random,bench
493682,COCO_val2014_000000493682.jpg,Is there a oven in the image?,no,random,oven
493682,COCO_val2014_000000493682.jpg,Is there a zebra in the image?,no,random,zebra
493682,COCO_val2014_000000493682.jpg,Is there a cup in the image?,no,random,cup
493682,COCO_val2014_000000493682.jpg,Is there a stop sign in the image?,yes,popular,stop sign
493682,COCO_val2014_000000493682.jpg,Is there a bench in the image?,yes,popular,bench
493682,COCO_val2014_000000493682.jpg,Is there a fire hydrant in the image?,yes,popular,fire hydrant
493682,COCO_val2014_000000493682.jpg,Is there a person in the image?,no,popular,person
493682,COCO_val2014_000000493682.jpg,Is there a car in the image?,no,popular,car
493682,COCO_val2014_000000493682.jpg,Is there a chair in the image?,no,popular,chair
493682,COCO_val2014_000000493682.jpg,Is there a bench in the image?,yes,adversarial,bench
493682,COCO_val2014_000000493682.jpg,Is there a stop sign in the image?,yes,adversarial,stop sign
493682,COCO_val2014_000000493682.jpg,Is there a fire hydrant in the image?,yes,adversarial,fire hydrant
493682,COCO_val2014_000000493682.jpg,Is there a person in the image?,no,adversarial,person
493682,COCO_val2014_000000493682.jpg,Is there a car in the image?,no,adversarial,car
493682,COCO_val2014_000000493682.jpg,Is there a chair in the image?,no,adversarial,chair
85556,COCO_val2014_000000085556.jpg,Is there a chair in the image?,yes,random,chair
85556,COCO_val2014_000000085556.jpg,Is there a knife in the image?,yes,random,knife
85556,COCO_val2014_000000085556.jpg,Is there a dining table in the image?,yes,random,dining table
85556,COCO_val2014_000000085556.jpg,Is there a sports ball in the image?,no,random,sports ball
85556,COCO_val2014_000000085556.jpg,Is there a umbrella in the image?,no,random,umbrella
85556,COCO_val2014_000000085556.jpg,Is there a scissors in the image?,no,random,scissors
85556,COCO_val2014_000000085556.jpg,Is there a knife in the image?,yes,popular,knife
85556,COCO_val2014_000000085556.jpg,Is there a pizza in the image?,yes,popular,pizza
85556,COCO_val2014_000000085556.jpg,Is there a fork in the image?,yes,popular,fork
85556,COCO_val2014_000000085556.jpg,Is there a person in the image?,no,popular,person
85556,COCO_val2014_000000085556.jpg,Is there a car in the image?,no,popular,car
85556,COCO_val2014_000000085556.jpg,Is there a book in the image?,no,popular,book
85556,COCO_val2014_000000085556.jpg,Is there a chair in the image?,yes,adversarial,chair
85556,COCO_val2014_000000085556.jpg,Is there a fork in the image?,yes,adversarial,fork
85556,COCO_val2014_000000085556.jpg,Is there a dining table in the image?,yes,adversarial,dining table
85556,COCO_val2014_000000085556.jpg,Is there a person in the image?,no,adversarial,person
85556,COCO_val2014_000000085556.jpg,Is there a car in the image?,no,adversarial,car
85556,COCO_val2014_000000085556.jpg,Is there a book in the image?,no,adversarial,book
550055,COCO_val2014_000000550055.jpg,Is there a truck in the image?,yes,random,truck
550055,COCO_val2014_000000550055.jpg,Is there a airplane in the image?,yes,random,airplane
550055,COCO_val2014_000000550055.jpg,Is there a person in the image?,yes,random,person
550055,COCO_val2014_000000550055.jpg,Is there a toothbrush in the image?,no,random,toothbrush
550055,COCO_val2014_000000550055.jpg,Is there a backpack in the image?,no,random,backpack
550055,COCO_val2014_000000550055.jpg,Is there a handbag in the image?,no,random,handbag
550055,COCO_val2014_000000550055.jpg,Is there a truck in the image?,yes,popular,truck
550055,COCO_val2014_000000550055.jpg,Is there a person in the image?,yes,popular,person
550055,COCO_val2014_000000550055.jpg,Is there a bus in the image?,yes,popular,bus
550055,COCO_val2014_000000550055.jpg,Is there a chair in the image?,no,popular,chair
550055,COCO_val2014_000000550055.jpg,Is there a book in the image?,no,popular,book
550055,COCO_val2014_000000550055.jpg,Is there a bottle in the image?,no,popular,bottle
550055,COCO_val2014_000000550055.jpg,Is there a car in the image?,yes,adversarial,car
550055,COCO_val2014_000000550055.jpg,Is there a truck in the image?,yes,adversarial,truck
550055,COCO_val2014_000000550055.jpg,Is there a bus in the image?,yes,adversarial,bus
550055,COCO_val2014_000000550055.jpg,Is there a chair in the image?,no,adversarial,chair
550055,COCO_val2014_000000550055.jpg,Is there a book in the image?,no,adversarial,book
550055,COCO_val2014_000000550055.jpg,Is there a bottle in the image?,no,adversarial,bottle
97946,COCO_val2014_000000097946.jpg,Is there a person in the image?,yes,random,person
97946,COCO_val2014_000000097946.jpg,Is there a bench in the image?,yes,random,bench
97946,COCO_val2014_000000097946.jpg,Is there a skateboard in the image?,yes,random,skateboard
97946,COCO_val2014_000000097946.jpg,Is there a scissors in the image?,no,random,scissors
97946,COCO_val2014_000000097946.jpg,Is there a chair in the image?,no,random,chair
97946,COCO_val2014_000000097946.jpg,Is there a airplane in the image?,no,random,airplane
97946,COCO_val2014_000000097946.jpg,Is there a bench in the image?,yes,popular,bench
97946,COCO_val2014_000000097946.jpg,Is there a skateboard in the image?,yes,popular,skateboard
97946,COCO_val2014_000000097946.jpg,Is there a person in the image?,yes,popular,person
97946,COCO_val2014_000000097946.jpg,Is there a car in the image?,no,popular,car
97946,COCO_val2014_000000097946.jpg,Is there a chair in the image?,no,popular,chair
97946,COCO_val2014_000000097946.jpg,Is there a book in the image?,no,popular,book
97946,COCO_val2014_000000097946.jpg,Is there a bench in the image?,yes,adversarial,bench
97946,COCO_val2014_000000097946.jpg,Is there a person in the image?,yes,adversarial,person
97946,COCO_val2014_000000097946.jpg,Is there a skateboard in the image?,yes,adversarial,skateboard
97946,COCO_val2014_000000097946.jpg,Is there a car in the image?,no,adversarial,car
97946,COCO_val2014_000000097946.jpg,Is there a chair in the image?,no,adversarial,chair
97946,COCO_val2014_000000097946.jpg,Is there a book in the image?,no,adversarial,book
470699,COCO_val2014_000000470699.jpg,Is there a dog in the image?,yes,random,dog
470699,COCO_val2014_000000470699.jpg,Is there a surfboard in the image?,yes,random,surfboard
470699,COCO_val2014_000000470699.jpg,Is there a person in the image?,yes,random,person
470699,COCO_val2014_000000470699.jpg,Is there a boat in the image?,no,random,boat
470699,COCO_val2014_000000470699.jpg,Is there a zebra in the image?,no,random,zebra
470699,COCO_val2014_000000470699.jpg,Is there a bed in the image?,no,random,bed
470699,COCO_val2014_000000470699.jpg,Is there a dog in the image?,yes,popular,dog
470699,COCO_val2014_000000470699.jpg,Is there a surfboard in the image?,yes,popular,surfboard
470699,COCO_val2014_000000470699.jpg,Is there a person in the image?,yes,popular,person
470699,COCO_val2014_000000470699.jpg,Is there a car in the image?,no,popular,car
470699,COCO_val2014_000000470699.jpg,Is there a chair in the image?,no,popular,chair
470699,COCO_val2014_000000470699.jpg,Is there a book in the image?,no,popular,book
470699,COCO_val2014_000000470699.jpg,Is there a person in the image?,yes,adversarial,person
470699,COCO_val2014_000000470699.jpg,Is there a dog in the image?,yes,adversarial,dog
470699,COCO_val2014_000000470699.jpg,Is there a surfboard in the image?,yes,adversarial,surfboard
470699,COCO_val2014_000000470699.jpg,Is there a car in the image?,no,adversarial,car
470699,COCO_val2014_000000470699.jpg,Is there a chair in the image?,no,adversarial,chair
470699,COCO_val2014_000000470699.jpg,Is there a book in the image?,no,adversarial,book
239625,COCO_val2014_000000239625.jpg,Is there a pizza in the image?,yes,random,pizza
239625,COCO_val2014_000000239625.jpg,Is there a fork in the image?,yes,random,fork
239625,COCO_val2014_000000239625.jpg,Is there a knife in the image?,yes,random,knife
239625,COCO_val2014_000000239625.jpg,Is there a apple in the image?,no,random,apple
239625,COCO_val2014_000000239625.jpg,Is there a cake in the image?,no,random,cake
239625,COCO_val2014_000000239625.jpg,Is there a horse in the image?,no,random,horse
239625,COCO_val2014_000000239625.jpg,Is there a pizza in the image?,yes,popular,pizza
239625,COCO_val2014_000000239625.jpg,Is there a dining table in the image?,yes,popular,dining table
239625,COCO_val2014_000000239625.jpg,Is there a person in the image?,yes,popular,person
239625,COCO_val2014_000000239625.jpg,Is there a car in the image?,no,popular,car
239625,COCO_val2014_000000239625.jpg,Is there a chair in the image?,no,popular,chair
239625,COCO_val2014_000000239625.jpg,Is there a book in the image?,no,popular,book
239625,COCO_val2014_000000239625.jpg,Is there a person in the image?,yes,adversarial,person
239625,COCO_val2014_000000239625.jpg,Is there a knife in the image?,yes,adversarial,knife
239625,COCO_val2014_000000239625.jpg,Is there a dining table in the image?,yes,adversarial,dining table
239625,COCO_val2014_000000239625.jpg,Is there a car in the image?,no,adversarial,car
239625,COCO_val2014_000000239625.jpg,Is there a chair in the image?,no,adversarial,chair
239625,COCO_val2014_000000239625.jpg,Is there a book in the image?,no,adversarial,book
39811,COCO_val2014_000000039811.jpg,Is there a bus in the image?,yes,random,bus
39811,COCO_val2014_000000039811.jpg,Is there a tie in the image?,yes,random,tie
39811,COCO_val2014_000000039811.jpg,Is there a car in the image?,yes,random,car
39811,COCO_val2014_000000039811.jpg,Is there a bear in the image?,no,random,bear
39811,COCO_val2014_000000039811.jpg,Is there a cat in the image?,no,random,cat
39811,COCO_val2014_000000039811.jpg,Is there a traffic light in the image?,no,random,traffic light
39811,COCO_val2014_000000039811.jpg,Is there a bus in the image?,yes,popular,bus
39811,COCO_val2014_000000039811.jpg,Is there a tie in the image?,yes,popular,tie
39811,COCO_val2014_000000039811.jpg,Is there a handbag in the image?,yes,popular,handbag
39811,COCO_val2014_000000039811.jpg,Is there a chair in the image?,no,popular,chair
39811,COCO_val2014_000000039811.jpg,Is there a book in the image?,no,popular,book
39811,COCO_val2014_000000039811.jpg,Is there a bottle in the image?,no,popular,bottle
39811,COCO_val2014_000000039811.jpg,Is there a tie in the image?,yes,adversarial,tie
39811,COCO_val2014_000000039811.jpg,Is there a person in the image?,yes,adversarial,person
39811,COCO_val2014_000000039811.jpg,Is there a car in the image?,yes,adversarial,car
39811,COCO_val2014_000000039811.jpg,Is there a chair in the image?,no,adversarial,chair
39811,COCO_val2014_000000039811.jpg,Is there a book in the image?,no,adversarial,book
39811,COCO_val2014_000000039811.jpg,Is there a bottle in the image?,no,adversarial,bottle
306127,COCO_val2014_000000306127.jpg,Is there a chair in the image?,yes,random,chair
306127,COCO_val2014_000000306127.jpg,Is there a laptop in the image?,yes,random,laptop
306127,COCO_val2014_000000306127.jpg,Is there a tv in the image?,yes,random,tv
306127,COCO_val2014_000000306127.jpg,Is there a umbrella in the image?,no,random,umbrella
306127,COCO_val2014_000000306127.jpg,Is there a bear in the image?,no,random,bear
306127,COCO_val2014_000000306127.jpg,Is there a cell phone in the image?,no,random,cell phone
306127,COCO_val2014_000000306127.jpg,Is there a laptop in the image?,yes,popular,laptop
306127,COCO_val2014_000000306127.jpg,Is there a tv in the image?,yes,popular,tv
306127,COCO_val2014_000000306127.jpg,Is there a chair in the image?,yes,popular,chair
306127,COCO_val2014_000000306127.jpg,Is there a car in the image?,no,popular,car
306127,COCO_val2014_000000306127.jpg,Is there a book in the image?,no,popular,book
306127,COCO_val2014_000000306127.jpg,Is there a bottle in the image?,no,popular,bottle
306127,COCO_val2014_000000306127.jpg,Is there a laptop in the image?,yes,adversarial,laptop
306127,COCO_val2014_000000306127.jpg,Is there a person in the image?,yes,adversarial,person
306127,COCO_val2014_000000306127.jpg,Is there a chair in the image?,yes,adversarial,chair
306127,COCO_val2014_000000306127.jpg,Is there a car in the image?,no,adversarial,car
306127,COCO_val2014_000000306127.jpg,Is there a book in the image?,no,adversarial,book
306127,COCO_val2014_000000306127.jpg,Is there a bottle in the image?,no,adversarial,bottle
200267,COCO_val2014_000000200267.jpg,Is there a tennis racket in the image?,yes,random,tennis racket
200267,COCO_val2014_000000200267.jpg,Is there a sports ball in the image?,yes,random,sports ball
200267,COCO_val2014_000000200267.jpg,Is there a person in the image?,yes,random,person
200267,COCO_val2014_000000200267.jpg,Is there a suitcase in the image?,no,random,suitcase
200267,COCO_val2014_000000200267.jpg,Is there a teddy bear in the image?,no,random,teddy bear
200267,COCO_val2014_000000200267.jpg,Is there a sandwich in the image?,no,random,sandwich
200267,COCO_val2014_000000200267.jpg,Is there a person in the image?,yes,popular,person
200267,COCO_val2014_000000200267.jpg,Is there a sports ball in the image?,yes,popular,sports ball
200267,COCO_val2014_000000200267.jpg,Is there a tennis racket in the image?,yes,popular,tennis racket
200267,COCO_val2014_000000200267.jpg,Is there a car in the image?,no,popular,car
200267,COCO_val2014_000000200267.jpg,Is there a chair in the image?,no,popular,chair
200267,COCO_val2014_000000200267.jpg,Is there a book in the image?,no,popular,book
200267,COCO_val2014_000000200267.jpg,Is there a tennis racket in the image?,yes,adversarial,tennis racket
200267,COCO_val2014_000000200267.jpg,Is there a sports ball in the image?,yes,adversarial,sports ball
200267,COCO_val2014_000000200267.jpg,Is there a person in the image?,yes,adversarial,person
200267,COCO_val2014_000000200267.jpg,Is there a car in the image?,no,adversarial,car
200267,COCO_val2014_000000200267.jpg,Is there a chair in the image?,no,adversarial,chair
200267,COCO_val2014_000000200267.jpg,Is there a book in the image?,no,adversarial,book
158497,COCO_val2014_000000158497.jpg,Is there a bowl in the image?,yes,random,bowl
158497,COCO_val2014_000000158497.jpg,Is there a refrigerator in the image?,yes,random,refrigerator
158497,COCO_val2014_000000158497.jpg,Is there a spoon in the image?,yes,random,spoon
158497,COCO_val2014_000000158497.jpg,Is there a bench in the image?,no,random,bench
158497,COCO_val2014_000000158497.jpg,Is there a tv in the image?,no,random,tv
158497,COCO_val2014_000000158497.jpg,Is there a sheep in the image?,no,random,sheep
158497,COCO_val2014_000000158497.jpg,Is there a cup in the image?,yes,popular,cup
158497,COCO_val2014_000000158497.jpg,Is there a dog in the image?,yes,popular,dog
158497,COCO_val2014_000000158497.jpg,Is there a spoon in the image?,yes,popular,spoon
158497,COCO_val2014_000000158497.jpg,Is there a person in the image?,no,popular,person
158497,COCO_val2014_000000158497.jpg,Is there a car in the image?,no,popular,car
158497,COCO_val2014_000000158497.jpg,Is there a chair in the image?,no,popular,chair
158497,COCO_val2014_000000158497.jpg,Is there a spoon in the image?,yes,adversarial,spoon
158497,COCO_val2014_000000158497.jpg,Is there a dog in the image?,yes,adversarial,dog
158497,COCO_val2014_000000158497.jpg,Is there a refrigerator in the image?,yes,adversarial,refrigerator
158497,COCO_val2014_000000158497.jpg,Is there a person in the image?,no,adversarial,person
158497,COCO_val2014_000000158497.jpg,Is there a car in the image?,no,adversarial,car
158497,COCO_val2014_000000158497.jpg,Is there a chair in the image?,no,adversarial,chair
439982,COCO_val2014_000000439982.jpg,Is there a person in the image?,yes,random,person
439982,COCO_val2014_000000439982.jpg,Is there a dining table in the image?,yes,random,dining table
439982,COCO_val2014_000000439982.jpg,Is there a carrot in the image?,yes,random,carrot
439982,COCO_val2014_000000439982.jpg,Is there a orange in the image?,no,random,orange
439982,COCO_val2014_000000439982.jpg,Is there a scissors in the image?,no,random,scissors
439982,COCO_val2014_000000439982.jpg,Is there a surfboard in the image?,no,random,surfboard
439982,COCO_val2014_000000439982.jpg,Is there a dining table in the image?,yes,popular,dining table
439982,COCO_val2014_000000439982.jpg,Is there a person in the image?,yes,popular,person
439982,COCO_val2014_000000439982.jpg,Is there a cup in the image?,yes,popular,cup
439982,COCO_val2014_000000439982.jpg,Is there a car in the image?,no,popular,car
439982,COCO_val2014_000000439982.jpg,Is there a chair in the image?,no,popular,chair
439982,COCO_val2014_000000439982.jpg,Is there a book in the image?,no,popular,book
439982,COCO_val2014_000000439982.jpg,Is there a cup in the image?,yes,adversarial,cup
439982,COCO_val2014_000000439982.jpg,Is there a broccoli in the image?,yes,adversarial,broccoli
439982,COCO_val2014_000000439982.jpg,Is there a dining table in the image?,yes,adversarial,dining table
439982,COCO_val2014_000000439982.jpg,Is there a car in the image?,no,adversarial,car
439982,COCO_val2014_000000439982.jpg,Is there a chair in the image?,no,adversarial,chair
439982,COCO_val2014_000000439982.jpg,Is there a book in the image?,no,adversarial,book
75234,COCO_val2014_000000075234.jpg,Is there a person in the image?,yes,random,person
75234,COCO_val2014_000000075234.jpg,Is there a sports ball in the image?,yes,random,sports ball
75234,COCO_val2014_000000075234.jpg,Is there a tennis racket in the image?,yes,random,tennis racket
75234,COCO_val2014_000000075234.jpg,Is there a broccoli in the image?,no,random,broccoli
75234,COCO_val2014_000000075234.jpg,Is there a banana in the image?,no,random,banana
75234,COCO_val2014_000000075234.jpg,Is there a clock in the image?,no,random,clock
75234,COCO_val2014_000000075234.jpg,Is there a tennis racket in the image?,yes,popular,tennis racket
75234,COCO_val2014_000000075234.jpg,Is there a person in the image?,yes,popular,person
75234,COCO_val2014_000000075234.jpg,Is there a sports ball in the image?,yes,popular,sports ball
75234,COCO_val2014_000000075234.jpg,Is there a car in the image?,no,popular,car
75234,COCO_val2014_000000075234.jpg,Is there a chair in the image?,no,popular,chair
75234,COCO_val2014_000000075234.jpg,Is there a book in the image?,no,popular,book
75234,COCO_val2014_000000075234.jpg,Is there a sports ball in the image?,yes,adversarial,sports ball
75234,COCO_val2014_000000075234.jpg,Is there a tennis racket in the image?,yes,adversarial,tennis racket
75234,COCO_val2014_000000075234.jpg,Is there a person in the image?,yes,adversarial,person
75234,COCO_val2014_000000075234.jpg,Is there a car in the image?,no,adversarial,car
75234,COCO_val2014_000000075234.jpg,Is there a chair in the image?,no,adversarial,chair
75234,COCO_val2014_000000075234.jpg,Is there a book in the image?,no,adversarial,book
386424,COCO_val2014_000000386424.jpg,Is there a dining table in the image?,yes,random,dining table
386424,COCO_val2014_000000386424.jpg,Is there a wine glass in the image?,yes,random,wine glass
386424,COCO_val2014_000000386424.jpg,Is there a person in the image?,yes,random,person
386424,COCO_val2014_000000386424.jpg,Is there a bowl in the image?,no,random,bowl
386424,COCO_val2014_000000386424.jpg,Is there a remote in the image?,no,random,remote
386424,COCO_val2014_000000386424.jpg,Is there a sink in the image?,no,random,sink
386424,COCO_val2014_000000386424.jpg,Is there a bottle in the image?,yes,popular,bottle
386424,COCO_val2014_000000386424.jpg,Is there a person in the image?,yes,popular,person
386424,COCO_val2014_000000386424.jpg,Is there a vase in the image?,yes,popular,vase
386424,COCO_val2014_000000386424.jpg,Is there a car in the image?,no,popular,car
386424,COCO_val2014_000000386424.jpg,Is there a book in the image?,no,popular,book
386424,COCO_val2014_000000386424.jpg,Is there a cup in the image?,no,popular,cup
386424,COCO_val2014_000000386424.jpg,Is there a vase in the image?,yes,adversarial,vase
386424,COCO_val2014_000000386424.jpg,Is there a person in the image?,yes,adversarial,person
386424,COCO_val2014_000000386424.jpg,Is there a clock in the image?,yes,adversarial,clock
386424,COCO_val2014_000000386424.jpg,Is there a car in the image?,no,adversarial,car
386424,COCO_val2014_000000386424.jpg,Is there a book in the image?,no,adversarial,book
386424,COCO_val2014_000000386424.jpg,Is there a cup in the image?,no,adversarial,cup
371139,COCO_val2014_000000371139.jpg,Is there a suitcase in the image?,yes,random,suitcase
371139,COCO_val2014_000000371139.jpg,Is there a backpack in the image?,yes,random,backpack
371139,COCO_val2014_000000371139.jpg,Is there a bus in the image?,yes,random,bus
371139,COCO_val2014_000000371139.jpg,Is there a banana in the image?,no,random,banana
371139,COCO_val2014_000000371139.jpg,Is there a carrot in the image?,no,random,carrot
371139,COCO_val2014_000000371139.jpg,Is there a refrigerator in the image?,no,random,refrigerator
371139,COCO_val2014_000000371139.jpg,Is there a handbag in the image?,yes,popular,handbag
371139,COCO_val2014_000000371139.jpg,Is there a suitcase in the image?,yes,popular,suitcase
371139,COCO_val2014_000000371139.jpg,Is there a truck in the image?,yes,popular,truck
371139,COCO_val2014_000000371139.jpg,Is there a car in the image?,no,popular,car
371139,COCO_val2014_000000371139.jpg,Is there a chair in the image?,no,popular,chair
371139,COCO_val2014_000000371139.jpg,Is there a book in the image?,no,popular,book
371139,COCO_val2014_000000371139.jpg,Is there a truck in the image?,yes,adversarial,truck
371139,COCO_val2014_000000371139.jpg,Is there a bus in the image?,yes,adversarial,bus
371139,COCO_val2014_000000371139.jpg,Is there a person in the image?,yes,adversarial,person
371139,COCO_val2014_000000371139.jpg,Is there a car in the image?,no,adversarial,car
371139,COCO_val2014_000000371139.jpg,Is there a chair in the image?,no,adversarial,chair
371139,COCO_val2014_000000371139.jpg,Is there a book in the image?,no,adversarial,book
511852,COCO_val2014_000000511852.jpg,Is there a backpack in the image?,yes,random,backpack
511852,COCO_val2014_000000511852.jpg,Is there a skis in the image?,yes,random,skis
511852,COCO_val2014_000000511852.jpg,Is there a person in the image?,yes,random,person
511852,COCO_val2014_000000511852.jpg,Is there a chair in the image?,no,random,chair
511852,COCO_val2014_000000511852.jpg,Is there a teddy bear in the image?,no,random,teddy bear
511852,COCO_val2014_000000511852.jpg,Is there a fork in the image?,no,random,fork
511852,COCO_val2014_000000511852.jpg,Is there a skis in the image?,yes,popular,skis
511852,COCO_val2014_000000511852.jpg,Is there a person in the image?,yes,popular,person
511852,COCO_val2014_000000511852.jpg,Is there a backpack in the image?,yes,popular,backpack
511852,COCO_val2014_000000511852.jpg,Is there a car in the image?,no,popular,car
511852,COCO_val2014_000000511852.jpg,Is there a chair in the image?,no,popular,chair
511852,COCO_val2014_000000511852.jpg,Is there a book in the image?,no,popular,book
511852,COCO_val2014_000000511852.jpg,Is there a backpack in the image?,yes,adversarial,backpack
511852,COCO_val2014_000000511852.jpg,Is there a person in the image?,yes,adversarial,person
511852,COCO_val2014_000000511852.jpg,Is there a skis in the image?,yes,adversarial,skis
511852,COCO_val2014_000000511852.jpg,Is there a car in the image?,no,adversarial,car
511852,COCO_val2014_000000511852.jpg,Is there a chair in the image?,no,adversarial,chair
511852,COCO_val2014_000000511852.jpg,Is there a book in the image?,no,adversarial,book
493941,COCO_val2014_000000493941.jpg,Is there a bowl in the image?,yes,random,bowl
493941,COCO_val2014_000000493941.jpg,Is there a dining table in the image?,yes,random,dining table
493941,COCO_val2014_000000493941.jpg,Is there a broccoli in the image?,yes,random,broccoli
493941,COCO_val2014_000000493941.jpg,Is there a sheep in the image?,no,random,sheep
493941,COCO_val2014_000000493941.jpg,Is there a snowboard in the image?,no,random,snowboard
493941,COCO_val2014_000000493941.jpg,Is there a airplane in the image?,no,random,airplane
493941,COCO_val2014_000000493941.jpg,Is there a dining table in the image?,yes,popular,dining table
493941,COCO_val2014_000000493941.jpg,Is there a bowl in the image?,yes,popular,bowl
493941,COCO_val2014_000000493941.jpg,Is there a banana in the image?,yes,popular,banana
493941,COCO_val2014_000000493941.jpg,Is there a person in the image?,no,popular,person
493941,COCO_val2014_000000493941.jpg,Is there a car in the image?,no,popular,car
493941,COCO_val2014_000000493941.jpg,Is there a chair in the image?,no,popular,chair
493941,COCO_val2014_000000493941.jpg,Is there a bowl in the image?,yes,adversarial,bowl
493941,COCO_val2014_000000493941.jpg,Is there a broccoli in the image?,yes,adversarial,broccoli
493941,COCO_val2014_000000493941.jpg,Is there a banana in the image?,yes,adversarial,banana
493941,COCO_val2014_000000493941.jpg,Is there a person in the image?,no,adversarial,person
493941,COCO_val2014_000000493941.jpg,Is there a car in the image?,no,adversarial,car
493941,COCO_val2014_000000493941.jpg,Is there a chair in the image?,no,adversarial,chair
8021,COCO_val2014_000000008021.jpg,Is there a tie in the image?,yes,random,tie
8021,COCO_val2014_000000008021.jpg,Is there a person in the image?,yes,random,person
8021,COCO_val2014_000000008021.jpg,Is there a bottle in the image?,yes,random,bottle
8021,COCO_val2014_000000008021.jpg,Is there a cake in the image?,no,random,cake
8021,COCO_val2014_000000008021.jpg,Is there a cell phone in the image?,no,random,cell phone
8021,COCO_val2014_000000008021.jpg,Is there a laptop in the image?,no,random,laptop
8021,COCO_val2014_000000008021.jpg,Is there a bottle in the image?,yes,popular,bottle
8021,COCO_val2014_000000008021.jpg,Is there a tie in the image?,yes,popular,tie
8021,COCO_val2014_000000008021.jpg,Is there a person in the image?,yes,popular,person
8021,COCO_val2014_000000008021.jpg,Is there a car in the image?,no,popular,car
8021,COCO_val2014_000000008021.jpg,Is there a chair in the image?,no,popular,chair
8021,COCO_val2014_000000008021.jpg,Is there a book in the image?,no,popular,book
8021,COCO_val2014_000000008021.jpg,Is there a bottle in the image?,yes,adversarial,bottle
8021,COCO_val2014_000000008021.jpg,Is there a tie in the image?,yes,adversarial,tie
8021,COCO_val2014_000000008021.jpg,Is there a person in the image?,yes,adversarial,person
8021,COCO_val2014_000000008021.jpg,Is there a car in the image?,no,adversarial,car
8021,COCO_val2014_000000008021.jpg,Is there a chair in the image?,no,adversarial,chair
8021,COCO_val2014_000000008021.jpg,Is there a book in the image?,no,adversarial,book
319579,COCO_val2014_000000319579.jpg,Is there a chair in the image?,yes,random,chair
319579,COCO_val2014_000000319579.jpg,Is there a laptop in the image?,yes,random,laptop
319579,COCO_val2014_000000319579.jpg,Is there a person in the image?,yes,random,person
319579,COCO_val2014_000000319579.jpg,Is there a giraffe in the image?,no,random,giraffe
319579,COCO_val2014_000000319579.jpg,Is there a toilet in the image?,no,random,toilet
319579,COCO_val2014_000000319579.jpg,Is there a refrigerator in the image?,no,random,refrigerator
319579,COCO_val2014_000000319579.jpg,Is there a backpack in the image?,yes,popular,backpack
319579,COCO_val2014_000000319579.jpg,Is there a laptop in the image?,yes,popular,laptop
319579,COCO_val2014_000000319579.jpg,Is there a chair in the image?,yes,popular,chair
319579,COCO_val2014_000000319579.jpg,Is there a car in the image?,no,popular,car
319579,COCO_val2014_000000319579.jpg,Is there a bottle in the image?,no,popular,bottle
319579,COCO_val2014_000000319579.jpg,Is there a cup in the image?,no,popular,cup
319579,COCO_val2014_000000319579.jpg,Is there a backpack in the image?,yes,adversarial,backpack
319579,COCO_val2014_000000319579.jpg,Is there a chair in the image?,yes,adversarial,chair
319579,COCO_val2014_000000319579.jpg,Is there a book in the image?,yes,adversarial,book
319579,COCO_val2014_000000319579.jpg,Is there a car in the image?,no,adversarial,car
319579,COCO_val2014_000000319579.jpg,Is there a bottle in the image?,no,adversarial,bottle
319579,COCO_val2014_000000319579.jpg,Is there a cup in the image?,no,adversarial,cup
119641,COCO_val2014_000000119641.jpg,Is there a tie in the image?,yes,random,tie
119641,COCO_val2014_000000119641.jpg,Is there a elephant in the image?,yes,random,elephant
119641,COCO_val2014_000000119641.jpg,Is there a person in the image?,yes,random,person
119641,COCO_val2014_000000119641.jpg,Is there a snowboard in the image?,no,random,snowboard
119641,COCO_val2014_000000119641.jpg,Is there a cup in the image?,no,random,cup
119641,COCO_val2014_000000119641.jpg,Is there a bottle in the image?,no,random,bottle
119641,COCO_val2014_000000119641.jpg,Is there a person in the image?,yes,popular,person
119641,COCO_val2014_000000119641.jpg,Is there a tie in the image?,yes,popular,tie
119641,COCO_val2014_000000119641.jpg,Is there a elephant in the image?,yes,popular,elephant
119641,COCO_val2014_000000119641.jpg,Is there a car in the image?,no,popular,car
119641,COCO_val2014_000000119641.jpg,Is there a chair in the image?,no,popular,chair
119641,COCO_val2014_000000119641.jpg,Is there a book in the image?,no,popular,book
119641,COCO_val2014_000000119641.jpg,Is there a elephant in the image?,yes,adversarial,elephant
119641,COCO_val2014_000000119641.jpg,Is there a person in the image?,yes,adversarial,person
119641,COCO_val2014_000000119641.jpg,Is there a tie in the image?,yes,adversarial,tie
119641,COCO_val2014_000000119641.jpg,Is there a car in the image?,no,adversarial,car
119641,COCO_val2014_000000119641.jpg,Is there a chair in the image?,no,adversarial,chair
119641,COCO_val2014_000000119641.jpg,Is there a book in the image?,no,adversarial,book
463898,COCO_val2014_000000463898.jpg,Is there a bird in the image?,yes,random,bird
463898,COCO_val2014_000000463898.jpg,Is there a person in the image?,yes,random,person
463898,COCO_val2014_000000463898.jpg,Is there a refrigerator in the image?,yes,random,refrigerator
463898,COCO_val2014_000000463898.jpg,Is there a horse in the image?,no,random,horse
463898,COCO_val2014_000000463898.jpg,Is there a scissors in the image?,no,random,scissors
463898,COCO_val2014_000000463898.jpg,Is there a sink in the image?,no,random,sink
463898,COCO_val2014_000000463898.jpg,Is there a person in the image?,yes,popular,person
463898,COCO_val2014_000000463898.jpg,Is there a bird in the image?,yes,popular,bird
463898,COCO_val2014_000000463898.jpg,Is there a refrigerator in the image?,yes,popular,refrigerator
463898,COCO_val2014_000000463898.jpg,Is there a car in the image?,no,popular,car
463898,COCO_val2014_000000463898.jpg,Is there a chair in the image?,no,popular,chair
463898,COCO_val2014_000000463898.jpg,Is there a book in the image?,no,popular,book
463898,COCO_val2014_000000463898.jpg,Is there a refrigerator in the image?,yes,adversarial,refrigerator
463898,COCO_val2014_000000463898.jpg,Is there a person in the image?,yes,adversarial,person
463898,COCO_val2014_000000463898.jpg,Is there a bird in the image?,yes,adversarial,bird
463898,COCO_val2014_000000463898.jpg,Is there a car in the image?,no,adversarial,car
463898,COCO_val2014_000000463898.jpg,Is there a chair in the image?,no,adversarial,chair
463898,COCO_val2014_000000463898.jpg,Is there a book in the image?,no,adversarial,book
255279,COCO_val2014_000000255279.jpg,Is there a potted plant in the image?,yes,random,potted plant
255279,COCO_val2014_000000255279.jpg,Is there a motorcycle in the image?,yes,random,motorcycle
255279,COCO_val2014_000000255279.jpg,Is there a car in the image?,yes,random,car
255279,COCO_val2014_000000255279.jpg,Is there a apple in the image?,no,random,apple
255279,COCO_val2014_000000255279.jpg,Is there a dining table in the image?,no,random,dining table
255279,COCO_val2014_000000255279.jpg,Is there a baseball glove in the image?,no,random,baseball glove
255279,COCO_val2014_000000255279.jpg,Is there a motorcycle in the image?,yes,popular,motorcycle
255279,COCO_val2014_000000255279.jpg,Is there a car in the image?,yes,popular,car
255279,COCO_val2014_000000255279.jpg,Is there a potted plant in the image?,yes,popular,potted plant
255279,COCO_val2014_000000255279.jpg,Is there a person in the image?,no,popular,person
255279,COCO_val2014_000000255279.jpg,Is there a chair in the image?,no,popular,chair
255279,COCO_val2014_000000255279.jpg,Is there a book in the image?,no,popular,book
255279,COCO_val2014_000000255279.jpg,Is there a potted plant in the image?,yes,adversarial,potted plant
255279,COCO_val2014_000000255279.jpg,Is there a motorcycle in the image?,yes,adversarial,motorcycle
255279,COCO_val2014_000000255279.jpg,Is there a backpack in the image?,yes,adversarial,backpack
255279,COCO_val2014_000000255279.jpg,Is there a person in the image?,no,adversarial,person
255279,COCO_val2014_000000255279.jpg,Is there a chair in the image?,no,adversarial,chair
255279,COCO_val2014_000000255279.jpg,Is there a book in the image?,no,adversarial,book
113139,COCO_val2014_000000113139.jpg,Is there a cup in the image?,yes,random,cup
113139,COCO_val2014_000000113139.jpg,Is there a dining table in the image?,yes,random,dining table
113139,COCO_val2014_000000113139.jpg,Is there a bottle in the image?,yes,random,bottle
113139,COCO_val2014_000000113139.jpg,Is there a skis in the image?,no,random,skis
113139,COCO_val2014_000000113139.jpg,Is there a snowboard in the image?,no,random,snowboard
113139,COCO_val2014_000000113139.jpg,Is there a train in the image?,no,random,train
113139,COCO_val2014_000000113139.jpg,Is there a wine glass in the image?,yes,popular,wine glass
113139,COCO_val2014_000000113139.jpg,Is there a cup in the image?,yes,popular,cup
113139,COCO_val2014_000000113139.jpg,Is there a bottle in the image?,yes,popular,bottle
113139,COCO_val2014_000000113139.jpg,Is there a person in the image?,no,popular,person
113139,COCO_val2014_000000113139.jpg,Is there a car in the image?,no,popular,car
113139,COCO_val2014_000000113139.jpg,Is there a book in the image?,no,popular,book
113139,COCO_val2014_000000113139.jpg,Is there a cup in the image?,yes,adversarial,cup
113139,COCO_val2014_000000113139.jpg,Is there a dining table in the image?,yes,adversarial,dining table
113139,COCO_val2014_000000113139.jpg,Is there a chair in the image?,yes,adversarial,chair
113139,COCO_val2014_000000113139.jpg,Is there a person in the image?,no,adversarial,person
113139,COCO_val2014_000000113139.jpg,Is there a car in the image?,no,adversarial,car
113139,COCO_val2014_000000113139.jpg,Is there a book in the image?,no,adversarial,book
367872,COCO_val2014_000000367872.jpg,Is there a baseball glove in the image?,yes,random,baseball glove
367872,COCO_val2014_000000367872.jpg,Is there a baseball bat in the image?,yes,random,baseball bat
367872,COCO_val2014_000000367872.jpg,Is there a sports ball in the image?,yes,random,sports ball
367872,COCO_val2014_000000367872.jpg,Is there a remote in the image?,no,random,remote
367872,COCO_val2014_000000367872.jpg,Is there a bench in the image?,no,random,bench
367872,COCO_val2014_000000367872.jpg,Is there a sheep in the image?,no,random,sheep
367872,COCO_val2014_000000367872.jpg,Is there a umbrella in the image?,yes,popular,umbrella
367872,COCO_val2014_000000367872.jpg,Is there a person in the image?,yes,popular,person
367872,COCO_val2014_000000367872.jpg,Is there a baseball glove in the image?,yes,popular,baseball glove
367872,COCO_val2014_000000367872.jpg,Is there a car in the image?,no,popular,car
367872,COCO_val2014_000000367872.jpg,Is there a chair in the image?,no,popular,chair
367872,COCO_val2014_000000367872.jpg,Is there a book in the image?,no,popular,book
367872,COCO_val2014_000000367872.jpg,Is there a baseball glove in the image?,yes,adversarial,baseball glove
367872,COCO_val2014_000000367872.jpg,Is there a sports ball in the image?,yes,adversarial,sports ball
367872,COCO_val2014_000000367872.jpg,Is there a baseball bat in the image?,yes,adversarial,baseball bat
367872,COCO_val2014_000000367872.jpg,Is there a car in the image?,no,adversarial,car
367872,COCO_val2014_000000367872.jpg,Is there a chair in the image?,no,adversarial,chair
367872,COCO_val2014_000000367872.jpg,Is there a book in the image?,no,adversarial,book
44279,COCO_val2014_000000044279.jpg,Is there a knife in the image?,yes,random,knife
44279,COCO_val2014_000000044279.jpg,Is there a bowl in the image?,yes,random,bowl
44279,COCO_val2014_000000044279.jpg,Is there a person in the image?,yes,random,person
44279,COCO_val2014_000000044279.jpg,Is there a surfboard in the image?,no,random,surfboard
44279,COCO_val2014_000000044279.jpg,Is there a boat in the image?,no,random,boat
44279,COCO_val2014_000000044279.jpg,Is there a parking meter in the image?,no,random,parking meter
44279,COCO_val2014_000000044279.jpg,Is there a knife in the image?,yes,popular,knife
44279,COCO_val2014_000000044279.jpg,Is there a person in the image?,yes,popular,person
44279,COCO_val2014_000000044279.jpg,Is there a oven in the image?,yes,popular,oven
44279,COCO_val2014_000000044279.jpg,Is there a car in the image?,no,popular,car
44279,COCO_val2014_000000044279.jpg,Is there a chair in the image?,no,popular,chair
44279,COCO_val2014_000000044279.jpg,Is there a book in the image?,no,popular,book
44279,COCO_val2014_000000044279.jpg,Is there a knife in the image?,yes,adversarial,knife
44279,COCO_val2014_000000044279.jpg,Is there a bowl in the image?,yes,adversarial,bowl
44279,COCO_val2014_000000044279.jpg,Is there a oven in the image?,yes,adversarial,oven
44279,COCO_val2014_000000044279.jpg,Is there a car in the image?,no,adversarial,car
44279,COCO_val2014_000000044279.jpg,Is there a chair in the image?,no,adversarial,chair
44279,COCO_val2014_000000044279.jpg,Is there a book in the image?,no,adversarial,book
157789,COCO_val2014_000000157789.jpg,Is there a pizza in the image?,yes,random,pizza
157789,COCO_val2014_000000157789.jpg,Is there a fork in the image?,yes,random,fork
157789,COCO_val2014_000000157789.jpg,Is there a knife in the image?,yes,random,knife
157789,COCO_val2014_000000157789.jpg,Is there a giraffe in the image?,no,random,giraffe
157789,COCO_val2014_000000157789.jpg,Is there a surfboard in the image?,no,random,surfboard
157789,COCO_val2014_000000157789.jpg,Is there a airplane in the image?,no,random,airplane
157789,COCO_val2014_000000157789.jpg,Is there a pizza in the image?,yes,popular,pizza
157789,COCO_val2014_000000157789.jpg,Is there a fork in the image?,yes,popular,fork
157789,COCO_val2014_000000157789.jpg,Is there a knife in the image?,yes,popular,knife
157789,COCO_val2014_000000157789.jpg,Is there a person in the image?,no,popular,person
157789,COCO_val2014_000000157789.jpg,Is there a car in the image?,no,popular,car
157789,COCO_val2014_000000157789.jpg,Is there a chair in the image?,no,popular,chair
157789,COCO_val2014_000000157789.jpg,Is there a fork in the image?,yes,adversarial,fork
157789,COCO_val2014_000000157789.jpg,Is there a knife in the image?,yes,adversarial,knife
157789,COCO_val2014_000000157789.jpg,Is there a pizza in the image?,yes,adversarial,pizza
157789,COCO_val2014_000000157789.jpg,Is there a person in the image?,no,adversarial,person
157789,COCO_val2014_000000157789.jpg,Is there a car in the image?,no,adversarial,car
157789,COCO_val2014_000000157789.jpg,Is there a chair in the image?,no,adversarial,chair
382625,COCO_val2014_000000382625.jpg,Is there a fork in the image?,yes,random,fork
382625,COCO_val2014_000000382625.jpg,Is there a tie in the image?,yes,random,tie
382625,COCO_val2014_000000382625.jpg,Is there a knife in the image?,yes,random,knife
382625,COCO_val2014_000000382625.jpg,Is there a sheep in the image?,no,random,sheep
382625,COCO_val2014_000000382625.jpg,Is there a toaster in the image?,no,random,toaster
382625,COCO_val2014_000000382625.jpg,Is there a remote in the image?,no,random,remote
382625,COCO_val2014_000000382625.jpg,Is there a cake in the image?,yes,popular,cake
382625,COCO_val2014_000000382625.jpg,Is there a person in the image?,yes,popular,person
382625,COCO_val2014_000000382625.jpg,Is there a dining table in the image?,yes,popular,dining table
382625,COCO_val2014_000000382625.jpg,Is there a car in the image?,no,popular,car
382625,COCO_val2014_000000382625.jpg,Is there a chair in the image?,no,popular,chair
382625,COCO_val2014_000000382625.jpg,Is there a book in the image?,no,popular,book
382625,COCO_val2014_000000382625.jpg,Is there a cake in the image?,yes,adversarial,cake
382625,COCO_val2014_000000382625.jpg,Is there a person in the image?,yes,adversarial,person
382625,COCO_val2014_000000382625.jpg,Is there a knife in the image?,yes,adversarial,knife
382625,COCO_val2014_000000382625.jpg,Is there a car in the image?,no,adversarial,car
382625,COCO_val2014_000000382625.jpg,Is there a chair in the image?,no,adversarial,chair
382625,COCO_val2014_000000382625.jpg,Is there a book in the image?,no,adversarial,book
150265,COCO_val2014_000000150265.jpg,Is there a handbag in the image?,yes,random,handbag
150265,COCO_val2014_000000150265.jpg,Is there a fire hydrant in the image?,yes,random,fire hydrant
150265,COCO_val2014_000000150265.jpg,Is there a person in the image?,yes,random,person
150265,COCO_val2014_000000150265.jpg,Is there a car in the image?,no,random,car
150265,COCO_val2014_000000150265.jpg,Is there a banana in the image?,no,random,banana
150265,COCO_val2014_000000150265.jpg,Is there a wine glass in the image?,no,random,wine glass
150265,COCO_val2014_000000150265.jpg,Is there a handbag in the image?,yes,popular,handbag
150265,COCO_val2014_000000150265.jpg,Is there a person in the image?,yes,popular,person
150265,COCO_val2014_000000150265.jpg,Is there a fire hydrant in the image?,yes,popular,fire hydrant
150265,COCO_val2014_000000150265.jpg,Is there a car in the image?,no,popular,car
150265,COCO_val2014_000000150265.jpg,Is there a chair in the image?,no,popular,chair
150265,COCO_val2014_000000150265.jpg,Is there a book in the image?,no,popular,book
150265,COCO_val2014_000000150265.jpg,Is there a handbag in the image?,yes,adversarial,handbag
150265,COCO_val2014_000000150265.jpg,Is there a fire hydrant in the image?,yes,adversarial,fire hydrant
150265,COCO_val2014_000000150265.jpg,Is there a person in the image?,yes,adversarial,person
150265,COCO_val2014_000000150265.jpg,Is there a car in the image?,no,adversarial,car
150265,COCO_val2014_000000150265.jpg,Is there a chair in the image?,no,adversarial,chair
150265,COCO_val2014_000000150265.jpg,Is there a book in the image?,no,adversarial,book
471789,COCO_val2014_000000471789.jpg,Is there a dog in the image?,yes,random,dog
471789,COCO_val2014_000000471789.jpg,Is there a person in the image?,yes,random,person
471789,COCO_val2014_000000471789.jpg,Is there a frisbee in the image?,yes,random,frisbee
471789,COCO_val2014_000000471789.jpg,Is there a bench in the image?,no,random,bench
471789,COCO_val2014_000000471789.jpg,Is there a umbrella in the image?,no,random,umbrella
471789,COCO_val2014_000000471789.jpg,Is there a cow in the image?,no,random,cow
471789,COCO_val2014_000000471789.jpg,Is there a kite in the image?,yes,popular,kite
471789,COCO_val2014_000000471789.jpg,Is there a frisbee in the image?,yes,popular,frisbee
471789,COCO_val2014_000000471789.jpg,Is there a person in the image?,yes,popular,person
471789,COCO_val2014_000000471789.jpg,Is there a car in the image?,no,popular,car
471789,COCO_val2014_000000471789.jpg,Is there a chair in the image?,no,popular,chair
471789,COCO_val2014_000000471789.jpg,Is there a book in the image?,no,popular,book
471789,COCO_val2014_000000471789.jpg,Is there a person in the image?,yes,adversarial,person
471789,COCO_val2014_000000471789.jpg,Is there a frisbee in the image?,yes,adversarial,frisbee
471789,COCO_val2014_000000471789.jpg,Is there a dog in the image?,yes,adversarial,dog
471789,COCO_val2014_000000471789.jpg,Is there a car in the image?,no,adversarial,car
471789,COCO_val2014_000000471789.jpg,Is there a chair in the image?,no,adversarial,chair
471789,COCO_val2014_000000471789.jpg,Is there a book in the image?,no,adversarial,book
383087,COCO_val2014_000000383087.jpg,Is there a cake in the image?,yes,random,cake
383087,COCO_val2014_000000383087.jpg,Is there a bowl in the image?,yes,random,bowl
383087,COCO_val2014_000000383087.jpg,Is there a person in the image?,yes,random,person
383087,COCO_val2014_000000383087.jpg,Is there a banana in the image?,no,random,banana
383087,COCO_val2014_000000383087.jpg,Is there a bottle in the image?,no,random,bottle
383087,COCO_val2014_000000383087.jpg,Is there a car in the image?,no,random,car
383087,COCO_val2014_000000383087.jpg,Is there a knife in the image?,yes,popular,knife
383087,COCO_val2014_000000383087.jpg,Is there a cup in the image?,yes,popular,cup
383087,COCO_val2014_000000383087.jpg,Is there a person in the image?,yes,popular,person
383087,COCO_val2014_000000383087.jpg,Is there a car in the image?,no,popular,car
383087,COCO_val2014_000000383087.jpg,Is there a book in the image?,no,popular,book
383087,COCO_val2014_000000383087.jpg,Is there a bottle in the image?,no,popular,bottle
383087,COCO_val2014_000000383087.jpg,Is there a cake in the image?,yes,adversarial,cake
383087,COCO_val2014_000000383087.jpg,Is there a dining table in the image?,yes,adversarial,dining table
383087,COCO_val2014_000000383087.jpg,Is there a cup in the image?,yes,adversarial,cup
383087,COCO_val2014_000000383087.jpg,Is there a car in the image?,no,adversarial,car
383087,COCO_val2014_000000383087.jpg,Is there a book in the image?,no,adversarial,book
383087,COCO_val2014_000000383087.jpg,Is there a bottle in the image?,no,adversarial,bottle
224554,COCO_val2014_000000224554.jpg,Is there a car in the image?,yes,random,car
224554,COCO_val2014_000000224554.jpg,Is there a train in the image?,yes,random,train
224554,COCO_val2014_000000224554.jpg,Is there a traffic light in the image?,yes,random,traffic light
224554,COCO_val2014_000000224554.jpg,Is there a giraffe in the image?,no,random,giraffe
224554,COCO_val2014_000000224554.jpg,Is there a donut in the image?,no,random,donut
224554,COCO_val2014_000000224554.jpg,Is there a cell phone in the image?,no,random,cell phone
224554,COCO_val2014_000000224554.jpg,Is there a traffic light in the image?,yes,popular,traffic light
224554,COCO_val2014_000000224554.jpg,Is there a train in the image?,yes,popular,train
224554,COCO_val2014_000000224554.jpg,Is there a car in the image?,yes,popular,car
224554,COCO_val2014_000000224554.jpg,Is there a person in the image?,no,popular,person
224554,COCO_val2014_000000224554.jpg,Is there a chair in the image?,no,popular,chair
224554,COCO_val2014_000000224554.jpg,Is there a book in the image?,no,popular,book
224554,COCO_val2014_000000224554.jpg,Is there a traffic light in the image?,yes,adversarial,traffic light
224554,COCO_val2014_000000224554.jpg,Is there a train in the image?,yes,adversarial,train
224554,COCO_val2014_000000224554.jpg,Is there a car in the image?,yes,adversarial,car
224554,COCO_val2014_000000224554.jpg,Is there a person in the image?,no,adversarial,person
224554,COCO_val2014_000000224554.jpg,Is there a chair in the image?,no,adversarial,chair
224554,COCO_val2014_000000224554.jpg,Is there a book in the image?,no,adversarial,book
313718,COCO_val2014_000000313718.jpg,Is there a car in the image?,yes,random,car
313718,COCO_val2014_000000313718.jpg,Is there a person in the image?,yes,random,person
313718,COCO_val2014_000000313718.jpg,Is there a horse in the image?,yes,random,horse
313718,COCO_val2014_000000313718.jpg,Is there a remote in the image?,no,random,remote
313718,COCO_val2014_000000313718.jpg,Is there a giraffe in the image?,no,random,giraffe
313718,COCO_val2014_000000313718.jpg,Is there a tv in the image?,no,random,tv
313718,COCO_val2014_000000313718.jpg,Is there a horse in the image?,yes,popular,horse
313718,COCO_val2014_000000313718.jpg,Is there a car in the image?,yes,popular,car
313718,COCO_val2014_000000313718.jpg,Is there a bus in the image?,yes,popular,bus
313718,COCO_val2014_000000313718.jpg,Is there a chair in the image?,no,popular,chair
313718,COCO_val2014_000000313718.jpg,Is there a book in the image?,no,popular,book
313718,COCO_val2014_000000313718.jpg,Is there a bottle in the image?,no,popular,bottle
313718,COCO_val2014_000000313718.jpg,Is there a car in the image?,yes,adversarial,car
313718,COCO_val2014_000000313718.jpg,Is there a person in the image?,yes,adversarial,person
313718,COCO_val2014_000000313718.jpg,Is there a horse in the image?,yes,adversarial,horse
313718,COCO_val2014_000000313718.jpg,Is there a chair in the image?,no,adversarial,chair
313718,COCO_val2014_000000313718.jpg,Is there a book in the image?,no,adversarial,book
313718,COCO_val2014_000000313718.jpg,Is there a bottle in the image?,no,adversarial,bottle
445574,COCO_val2014_000000445574.jpg,Is there a sports ball in the image?,yes,random,sports ball
445574,COCO_val2014_000000445574.jpg,Is there a baseball glove in the image?,yes,random,baseball glove
445574,COCO_val2014_000000445574.jpg,Is there a baseball bat in the image?,yes,random,baseball bat
445574,COCO_val2014_000000445574.jpg,Is there a carrot in the image?,no,random,carrot
445574,COCO_val2014_000000445574.jpg,Is there a fire hydrant in the image?,no,random,fire hydrant
445574,COCO_val2014_000000445574.jpg,Is there a teddy bear in the image?,no,random,teddy bear
445574,COCO_val2014_000000445574.jpg,Is there a person in the image?,yes,popular,person
445574,COCO_val2014_000000445574.jpg,Is there a sports ball in the image?,yes,popular,sports ball
445574,COCO_val2014_000000445574.jpg,Is there a baseball bat in the image?,yes,popular,baseball bat
445574,COCO_val2014_000000445574.jpg,Is there a car in the image?,no,popular,car
445574,COCO_val2014_000000445574.jpg,Is there a chair in the image?,no,popular,chair
445574,COCO_val2014_000000445574.jpg,Is there a book in the image?,no,popular,book
445574,COCO_val2014_000000445574.jpg,Is there a sports ball in the image?,yes,adversarial,sports ball
445574,COCO_val2014_000000445574.jpg,Is there a bench in the image?,yes,adversarial,bench
445574,COCO_val2014_000000445574.jpg,Is there a baseball bat in the image?,yes,adversarial,baseball bat
445574,COCO_val2014_000000445574.jpg,Is there a car in the image?,no,adversarial,car
445574,COCO_val2014_000000445574.jpg,Is there a chair in the image?,no,adversarial,chair
445574,COCO_val2014_000000445574.jpg,Is there a book in the image?,no,adversarial,book
501898,COCO_val2014_000000501898.jpg,Is there a bottle in the image?,yes,random,bottle
501898,COCO_val2014_000000501898.jpg,Is there a person in the image?,yes,random,person
501898,COCO_val2014_000000501898.jpg,Is there a tennis racket in the image?,yes,random,tennis racket
501898,COCO_val2014_000000501898.jpg,Is there a banana in the image?,no,random,banana
501898,COCO_val2014_000000501898.jpg,Is there a sink in the image?,no,random,sink
501898,COCO_val2014_000000501898.jpg,Is there a toilet in the image?,no,random,toilet
501898,COCO_val2014_000000501898.jpg,Is there a tennis racket in the image?,yes,popular,tennis racket
501898,COCO_val2014_000000501898.jpg,Is there a person in the image?,yes,popular,person
501898,COCO_val2014_000000501898.jpg,Is there a bench in the image?,yes,popular,bench
501898,COCO_val2014_000000501898.jpg,Is there a car in the image?,no,popular,car
501898,COCO_val2014_000000501898.jpg,Is there a chair in the image?,no,popular,chair
501898,COCO_val2014_000000501898.jpg,Is there a book in the image?,no,popular,book
501898,COCO_val2014_000000501898.jpg,Is there a bottle in the image?,yes,adversarial,bottle
501898,COCO_val2014_000000501898.jpg,Is there a sports ball in the image?,yes,adversarial,sports ball
501898,COCO_val2014_000000501898.jpg,Is there a tennis racket in the image?,yes,adversarial,tennis racket
501898,COCO_val2014_000000501898.jpg,Is there a car in the image?,no,adversarial,car
501898,COCO_val2014_000000501898.jpg,Is there a chair in the image?,no,adversarial,chair
501898,COCO_val2014_000000501898.jpg,Is there a book in the image?,no,adversarial,book
342165,COCO_val2014_000000342165.jpg,Is there a horse in the image?,yes,random,horse
342165,COCO_val2014_000000342165.jpg,Is there a cow in the image?,yes,random,cow
342165,COCO_val2014_000000342165.jpg,Is there a person in the image?,yes,random,person
342165,COCO_val2014_000000342165.jpg,Is there a toilet in the image?,no,random,toilet
342165,COCO_val2014_000000342165.jpg,Is there a sheep in the image?,no,random,sheep
342165,COCO_val2014_000000342165.jpg,Is there a microwave in the image?,no,random,microwave
342165,COCO_val2014_000000342165.jpg,Is there a cow in the image?,yes,popular,cow
342165,COCO_val2014_000000342165.jpg,Is there a horse in the image?,yes,popular,horse
342165,COCO_val2014_000000342165.jpg,Is there a person in the image?,yes,popular,person
342165,COCO_val2014_000000342165.jpg,Is there a car in the image?,no,popular,car
342165,COCO_val2014_000000342165.jpg,Is there a chair in the image?,no,popular,chair
342165,COCO_val2014_000000342165.jpg,Is there a book in the image?,no,popular,book
342165,COCO_val2014_000000342165.jpg,Is there a horse in the image?,yes,adversarial,horse
342165,COCO_val2014_000000342165.jpg,Is there a cow in the image?,yes,adversarial,cow
342165,COCO_val2014_000000342165.jpg,Is there a person in the image?,yes,adversarial,person
342165,COCO_val2014_000000342165.jpg,Is there a car in the image?,no,adversarial,car
342165,COCO_val2014_000000342165.jpg,Is there a chair in the image?,no,adversarial,chair
342165,COCO_val2014_000000342165.jpg,Is there a book in the image?,no,adversarial,book
300403,COCO_val2014_000000300403.jpg,Is there a dining table in the image?,yes,random,dining table
300403,COCO_val2014_000000300403.jpg,Is there a fork in the image?,yes,random,fork
300403,COCO_val2014_000000300403.jpg,Is there a person in the image?,yes,random,person
300403,COCO_val2014_000000300403.jpg,Is there a bicycle in the image?,no,random,bicycle
300403,COCO_val2014_000000300403.jpg,Is there a suitcase in the image?,no,random,suitcase
300403,COCO_val2014_000000300403.jpg,Is there a fire hydrant in the image?,no,random,fire hydrant
300403,COCO_val2014_000000300403.jpg,Is there a dining table in the image?,yes,popular,dining table
300403,COCO_val2014_000000300403.jpg,Is there a fork in the image?,yes,popular,fork
300403,COCO_val2014_000000300403.jpg,Is there a person in the image?,yes,popular,person
300403,COCO_val2014_000000300403.jpg,Is there a car in the image?,no,popular,car
300403,COCO_val2014_000000300403.jpg,Is there a chair in the image?,no,popular,chair
300403,COCO_val2014_000000300403.jpg,Is there a book in the image?,no,popular,book
300403,COCO_val2014_000000300403.jpg,Is there a wine glass in the image?,yes,adversarial,wine glass
300403,COCO_val2014_000000300403.jpg,Is there a dining table in the image?,yes,adversarial,dining table
300403,COCO_val2014_000000300403.jpg,Is there a bottle in the image?,yes,adversarial,bottle
300403,COCO_val2014_000000300403.jpg,Is there a car in the image?,no,adversarial,car
300403,COCO_val2014_000000300403.jpg,Is there a chair in the image?,no,adversarial,chair
300403,COCO_val2014_000000300403.jpg,Is there a book in the image?,no,adversarial,book
442761,COCO_val2014_000000442761.jpg,Is there a frisbee in the image?,yes,random,frisbee
442761,COCO_val2014_000000442761.jpg,Is there a person in the image?,yes,random,person
442761,COCO_val2014_000000442761.jpg,Is there a dog in the image?,yes,random,dog
442761,COCO_val2014_000000442761.jpg,Is there a cake in the image?,no,random,cake
442761,COCO_val2014_000000442761.jpg,Is there a umbrella in the image?,no,random,umbrella
442761,COCO_val2014_000000442761.jpg,Is there a cow in the image?,no,random,cow
442761,COCO_val2014_000000442761.jpg,Is there a dog in the image?,yes,popular,dog
442761,COCO_val2014_000000442761.jpg,Is there a frisbee in the image?,yes,popular,frisbee
442761,COCO_val2014_000000442761.jpg,Is there a person in the image?,yes,popular,person
442761,COCO_val2014_000000442761.jpg,Is there a car in the image?,no,popular,car
442761,COCO_val2014_000000442761.jpg,Is there a chair in the image?,no,popular,chair
442761,COCO_val2014_000000442761.jpg,Is there a book in the image?,no,popular,book
442761,COCO_val2014_000000442761.jpg,Is there a frisbee in the image?,yes,adversarial,frisbee
442761,COCO_val2014_000000442761.jpg,Is there a dog in the image?,yes,adversarial,dog
442761,COCO_val2014_000000442761.jpg,Is there a person in the image?,yes,adversarial,person
442761,COCO_val2014_000000442761.jpg,Is there a car in the image?,no,adversarial,car
442761,COCO_val2014_000000442761.jpg,Is there a chair in the image?,no,adversarial,chair
442761,COCO_val2014_000000442761.jpg,Is there a book in the image?,no,adversarial,book
200627,COCO_val2014_000000200627.jpg,Is there a broccoli in the image?,yes,random,broccoli
200627,COCO_val2014_000000200627.jpg,Is there a book in the image?,yes,random,book
200627,COCO_val2014_000000200627.jpg,Is there a cup in the image?,yes,random,cup
200627,COCO_val2014_000000200627.jpg,Is there a bowl in the image?,no,random,bowl
200627,COCO_val2014_000000200627.jpg,Is there a cat in the image?,no,random,cat
200627,COCO_val2014_000000200627.jpg,Is there a zebra in the image?,no,random,zebra
200627,COCO_val2014_000000200627.jpg,Is there a cup in the image?,yes,popular,cup
200627,COCO_val2014_000000200627.jpg,Is there a broccoli in the image?,yes,popular,broccoli
200627,COCO_val2014_000000200627.jpg,Is there a book in the image?,yes,popular,book
200627,COCO_val2014_000000200627.jpg,Is there a person in the image?,no,popular,person
200627,COCO_val2014_000000200627.jpg,Is there a car in the image?,no,popular,car
200627,COCO_val2014_000000200627.jpg,Is there a chair in the image?,no,popular,chair
200627,COCO_val2014_000000200627.jpg,Is there a cup in the image?,yes,adversarial,cup
200627,COCO_val2014_000000200627.jpg,Is there a book in the image?,yes,adversarial,book
200627,COCO_val2014_000000200627.jpg,Is there a broccoli in the image?,yes,adversarial,broccoli
200627,COCO_val2014_000000200627.jpg,Is there a person in the image?,no,adversarial,person
200627,COCO_val2014_000000200627.jpg,Is there a car in the image?,no,adversarial,car
200627,COCO_val2014_000000200627.jpg,Is there a chair in the image?,no,adversarial,chair
395644,COCO_val2014_000000395644.jpg,Is there a clock in the image?,yes,random,clock
395644,COCO_val2014_000000395644.jpg,Is there a cat in the image?,yes,random,cat
395644,COCO_val2014_000000395644.jpg,Is there a book in the image?,yes,random,book
395644,COCO_val2014_000000395644.jpg,Is there a sink in the image?,no,random,sink
395644,COCO_val2014_000000395644.jpg,Is there a cake in the image?,no,random,cake
395644,COCO_val2014_000000395644.jpg,Is there a toaster in the image?,no,random,toaster
395644,COCO_val2014_000000395644.jpg,Is there a bed in the image?,yes,popular,bed
395644,COCO_val2014_000000395644.jpg,Is there a clock in the image?,yes,popular,clock
395644,COCO_val2014_000000395644.jpg,Is there a book in the image?,yes,popular,book
395644,COCO_val2014_000000395644.jpg,Is there a person in the image?,no,popular,person
395644,COCO_val2014_000000395644.jpg,Is there a car in the image?,no,popular,car
395644,COCO_val2014_000000395644.jpg,Is there a chair in the image?,no,popular,chair
395644,COCO_val2014_000000395644.jpg,Is there a bed in the image?,yes,adversarial,bed
395644,COCO_val2014_000000395644.jpg,Is there a cat in the image?,yes,adversarial,cat
395644,COCO_val2014_000000395644.jpg,Is there a clock in the image?,yes,adversarial,clock
395644,COCO_val2014_000000395644.jpg,Is there a person in the image?,no,adversarial,person
395644,COCO_val2014_000000395644.jpg,Is there a car in the image?,no,adversarial,car
395644,COCO_val2014_000000395644.jpg,Is there a chair in the image?,no,adversarial,chair
167572,COCO_val2014_000000167572.jpg,Is there a orange in the image?,yes,random,orange
167572,COCO_val2014_000000167572.jpg,Is there a cup in the image?,yes,random,cup
167572,COCO_val2014_000000167572.jpg,Is there a sandwich in the image?,yes,random,sandwich
167572,COCO_val2014_000000167572.jpg,Is there a cat in the image?,no,random,cat
167572,COCO_val2014_000000167572.jpg,Is there a bus in the image?,no,random,bus
167572,COCO_val2014_000000167572.jpg,Is there a tv in the image?,no,random,tv
167572,COCO_val2014_000000167572.jpg,Is there a dining table in the image?,yes,popular,dining table
167572,COCO_val2014_000000167572.jpg,Is there a cup in the image?,yes,popular,cup
167572,COCO_val2014_000000167572.jpg,Is there a person in the image?,yes,popular,person
167572,COCO_val2014_000000167572.jpg,Is there a car in the image?,no,popular,car
167572,COCO_val2014_000000167572.jpg,Is there a book in the image?,no,popular,book
167572,COCO_val2014_000000167572.jpg,Is there a bottle in the image?,no,popular,bottle
167572,COCO_val2014_000000167572.jpg,Is there a person in the image?,yes,adversarial,person
167572,COCO_val2014_000000167572.jpg,Is there a bowl in the image?,yes,adversarial,bowl
167572,COCO_val2014_000000167572.jpg,Is there a orange in the image?,yes,adversarial,orange
167572,COCO_val2014_000000167572.jpg,Is there a car in the image?,no,adversarial,car
167572,COCO_val2014_000000167572.jpg,Is there a book in the image?,no,adversarial,book
167572,COCO_val2014_000000167572.jpg,Is there a bottle in the image?,no,adversarial,bottle
7274,COCO_val2014_000000007274.jpg,Is there a fork in the image?,yes,random,fork
7274,COCO_val2014_000000007274.jpg,Is there a chair in the image?,yes,random,chair
7274,COCO_val2014_000000007274.jpg,Is there a spoon in the image?,yes,random,spoon
7274,COCO_val2014_000000007274.jpg,Is there a sports ball in the image?,no,random,sports ball
7274,COCO_val2014_000000007274.jpg,Is there a train in the image?,no,random,train
7274,COCO_val2014_000000007274.jpg,Is there a toilet in the image?,no,random,toilet
7274,COCO_val2014_000000007274.jpg,Is there a chair in the image?,yes,popular,chair
7274,COCO_val2014_000000007274.jpg,Is there a person in the image?,yes,popular,person
7274,COCO_val2014_000000007274.jpg,Is there a bottle in the image?,yes,popular,bottle
7274,COCO_val2014_000000007274.jpg,Is there a car in the image?,no,popular,car
7274,COCO_val2014_000000007274.jpg,Is there a book in the image?,no,popular,book
7274,COCO_val2014_000000007274.jpg,Is there a traffic light in the image?,no,popular,traffic light
7274,COCO_val2014_000000007274.jpg,Is there a fork in the image?,yes,adversarial,fork
7274,COCO_val2014_000000007274.jpg,Is there a bowl in the image?,yes,adversarial,bowl
7274,COCO_val2014_000000007274.jpg,Is there a pizza in the image?,yes,adversarial,pizza
7274,COCO_val2014_000000007274.jpg,Is there a car in the image?,no,adversarial,car
7274,COCO_val2014_000000007274.jpg,Is there a book in the image?,no,adversarial,book
7274,COCO_val2014_000000007274.jpg,Is there a traffic light in the image?,no,adversarial,traffic light
262016,COCO_val2014_000000262016.jpg,Is there a person in the image?,yes,random,person
262016,COCO_val2014_000000262016.jpg,Is there a tv in the image?,yes,random,tv
262016,COCO_val2014_000000262016.jpg,Is there a oven in the image?,yes,random,oven
262016,COCO_val2014_000000262016.jpg,Is there a snowboard in the image?,no,random,snowboard
262016,COCO_val2014_000000262016.jpg,Is there a bottle in the image?,no,random,bottle
262016,COCO_val2014_000000262016.jpg,Is there a cow in the image?,no,random,cow
262016,COCO_val2014_000000262016.jpg,Is there a oven in the image?,yes,popular,oven
262016,COCO_val2014_000000262016.jpg,Is there a person in the image?,yes,popular,person
262016,COCO_val2014_000000262016.jpg,Is there a tv in the image?,yes,popular,tv
262016,COCO_val2014_000000262016.jpg,Is there a car in the image?,no,popular,car
262016,COCO_val2014_000000262016.jpg,Is there a chair in the image?,no,popular,chair
262016,COCO_val2014_000000262016.jpg,Is there a book in the image?,no,popular,book
262016,COCO_val2014_000000262016.jpg,Is there a tv in the image?,yes,adversarial,tv
262016,COCO_val2014_000000262016.jpg,Is there a oven in the image?,yes,adversarial,oven
262016,COCO_val2014_000000262016.jpg,Is there a person in the image?,yes,adversarial,person
262016,COCO_val2014_000000262016.jpg,Is there a car in the image?,no,adversarial,car
262016,COCO_val2014_000000262016.jpg,Is there a chair in the image?,no,adversarial,chair
262016,COCO_val2014_000000262016.jpg,Is there a book in the image?,no,adversarial,book
501491,COCO_val2014_000000501491.jpg,Is there a cup in the image?,yes,random,cup
501491,COCO_val2014_000000501491.jpg,Is there a bowl in the image?,yes,random,bowl
501491,COCO_val2014_000000501491.jpg,Is there a person in the image?,yes,random,person
501491,COCO_val2014_000000501491.jpg,Is there a toilet in the image?,no,random,toilet
501491,COCO_val2014_000000501491.jpg,Is there a hair drier in the image?,no,random,hair drier
501491,COCO_val2014_000000501491.jpg,Is there a toaster in the image?,no,random,toaster
501491,COCO_val2014_000000501491.jpg,Is there a dining table in the image?,yes,popular,dining table
501491,COCO_val2014_000000501491.jpg,Is there a cake in the image?,yes,popular,cake
501491,COCO_val2014_000000501491.jpg,Is there a knife in the image?,yes,popular,knife
501491,COCO_val2014_000000501491.jpg,Is there a car in the image?,no,popular,car
501491,COCO_val2014_000000501491.jpg,Is there a chair in the image?,no,popular,chair
501491,COCO_val2014_000000501491.jpg,Is there a book in the image?,no,popular,book
501491,COCO_val2014_000000501491.jpg,Is there a bowl in the image?,yes,adversarial,bowl
501491,COCO_val2014_000000501491.jpg,Is there a cup in the image?,yes,adversarial,cup
501491,COCO_val2014_000000501491.jpg,Is there a cake in the image?,yes,adversarial,cake
501491,COCO_val2014_000000501491.jpg,Is there a car in the image?,no,adversarial,car
501491,COCO_val2014_000000501491.jpg,Is there a chair in the image?,no,adversarial,chair
501491,COCO_val2014_000000501491.jpg,Is there a book in the image?,no,adversarial,book
233711,COCO_val2014_000000233711.jpg,Is there a stop sign in the image?,yes,random,stop sign
233711,COCO_val2014_000000233711.jpg,Is there a car in the image?,yes,random,car
233711,COCO_val2014_000000233711.jpg,Is there a person in the image?,yes,random,person
233711,COCO_val2014_000000233711.jpg,Is there a fork in the image?,no,random,fork
233711,COCO_val2014_000000233711.jpg,Is there a hot dog in the image?,no,random,hot dog
233711,COCO_val2014_000000233711.jpg,Is there a tie in the image?,no,random,tie
233711,COCO_val2014_000000233711.jpg,Is there a stop sign in the image?,yes,popular,stop sign
233711,COCO_val2014_000000233711.jpg,Is there a person in the image?,yes,popular,person
233711,COCO_val2014_000000233711.jpg,Is there a fire hydrant in the image?,yes,popular,fire hydrant
233711,COCO_val2014_000000233711.jpg,Is there a chair in the image?,no,popular,chair
233711,COCO_val2014_000000233711.jpg,Is there a book in the image?,no,popular,book
233711,COCO_val2014_000000233711.jpg,Is there a bottle in the image?,no,popular,bottle
233711,COCO_val2014_000000233711.jpg,Is there a fire hydrant in the image?,yes,adversarial,fire hydrant
233711,COCO_val2014_000000233711.jpg,Is there a stop sign in the image?,yes,adversarial,stop sign
233711,COCO_val2014_000000233711.jpg,Is there a person in the image?,yes,adversarial,person
233711,COCO_val2014_000000233711.jpg,Is there a chair in the image?,no,adversarial,chair
233711,COCO_val2014_000000233711.jpg,Is there a book in the image?,no,adversarial,book
233711,COCO_val2014_000000233711.jpg,Is there a bottle in the image?,no,adversarial,bottle
422025,COCO_val2014_000000422025.jpg,Is there a truck in the image?,yes,random,truck
422025,COCO_val2014_000000422025.jpg,Is there a person in the image?,yes,random,person
422025,COCO_val2014_000000422025.jpg,Is there a frisbee in the image?,yes,random,frisbee
422025,COCO_val2014_000000422025.jpg,Is there a couch in the image?,no,random,couch
422025,COCO_val2014_000000422025.jpg,Is there a vase in the image?,no,random,vase
422025,COCO_val2014_000000422025.jpg,Is there a sink in the image?,no,random,sink
422025,COCO_val2014_000000422025.jpg,Is there a frisbee in the image?,yes,popular,frisbee
422025,COCO_val2014_000000422025.jpg,Is there a truck in the image?,yes,popular,truck
422025,COCO_val2014_000000422025.jpg,Is there a person in the image?,yes,popular,person
422025,COCO_val2014_000000422025.jpg,Is there a car in the image?,no,popular,car
422025,COCO_val2014_000000422025.jpg,Is there a book in the image?,no,popular,book
422025,COCO_val2014_000000422025.jpg,Is there a bottle in the image?,no,popular,bottle
422025,COCO_val2014_000000422025.jpg,Is there a chair in the image?,yes,adversarial,chair
422025,COCO_val2014_000000422025.jpg,Is there a person in the image?,yes,adversarial,person
422025,COCO_val2014_000000422025.jpg,Is there a frisbee in the image?,yes,adversarial,frisbee
422025,COCO_val2014_000000422025.jpg,Is there a car in the image?,no,adversarial,car
422025,COCO_val2014_000000422025.jpg,Is there a book in the image?,no,adversarial,book
422025,COCO_val2014_000000422025.jpg,Is there a bottle in the image?,no,adversarial,bottle
150224,COCO_val2014_000000150224.jpg,Is there a umbrella in the image?,yes,random,umbrella
150224,COCO_val2014_000000150224.jpg,Is there a chair in the image?,yes,random,chair
150224,COCO_val2014_000000150224.jpg,Is there a person in the image?,yes,random,person
150224,COCO_val2014_000000150224.jpg,Is there a parking meter in the image?,no,random,parking meter
150224,COCO_val2014_000000150224.jpg,Is there a book in the image?,no,random,book
150224,COCO_val2014_000000150224.jpg,Is there a suitcase in the image?,no,random,suitcase
150224,COCO_val2014_000000150224.jpg,Is there a umbrella in the image?,yes,popular,umbrella
150224,COCO_val2014_000000150224.jpg,Is there a backpack in the image?,yes,popular,backpack
150224,COCO_val2014_000000150224.jpg,Is there a person in the image?,yes,popular,person
150224,COCO_val2014_000000150224.jpg,Is there a car in the image?,no,popular,car
150224,COCO_val2014_000000150224.jpg,Is there a book in the image?,no,popular,book
150224,COCO_val2014_000000150224.jpg,Is there a bottle in the image?,no,popular,bottle
150224,COCO_val2014_000000150224.jpg,Is there a handbag in the image?,yes,adversarial,handbag
150224,COCO_val2014_000000150224.jpg,Is there a umbrella in the image?,yes,adversarial,umbrella
150224,COCO_val2014_000000150224.jpg,Is there a chair in the image?,yes,adversarial,chair
150224,COCO_val2014_000000150224.jpg,Is there a car in the image?,no,adversarial,car
150224,COCO_val2014_000000150224.jpg,Is there a book in the image?,no,adversarial,book
150224,COCO_val2014_000000150224.jpg,Is there a bottle in the image?,no,adversarial,bottle
3156,COCO_val2014_000000003156.jpg,Is there a person in the image?,yes,random,person
3156,COCO_val2014_000000003156.jpg,Is there a sink in the image?,yes,random,sink
3156,COCO_val2014_000000003156.jpg,Is there a toilet in the image?,yes,random,toilet
3156,COCO_val2014_000000003156.jpg,Is there a tie in the image?,no,random,tie
3156,COCO_val2014_000000003156.jpg,Is there a knife in the image?,no,random,knife
3156,COCO_val2014_000000003156.jpg,Is there a bottle in the image?,no,random,bottle
3156,COCO_val2014_000000003156.jpg,Is there a person in the image?,yes,popular,person
3156,COCO_val2014_000000003156.jpg,Is there a sink in the image?,yes,popular,sink
3156,COCO_val2014_000000003156.jpg,Is there a toilet in the image?,yes,popular,toilet
3156,COCO_val2014_000000003156.jpg,Is there a car in the image?,no,popular,car
3156,COCO_val2014_000000003156.jpg,Is there a chair in the image?,no,popular,chair
3156,COCO_val2014_000000003156.jpg,Is there a book in the image?,no,popular,book
3156,COCO_val2014_000000003156.jpg,Is there a sink in the image?,yes,adversarial,sink
3156,COCO_val2014_000000003156.jpg,Is there a person in the image?,yes,adversarial,person
3156,COCO_val2014_000000003156.jpg,Is there a toilet in the image?,yes,adversarial,toilet
3156,COCO_val2014_000000003156.jpg,Is there a car in the image?,no,adversarial,car
3156,COCO_val2014_000000003156.jpg,Is there a chair in the image?,no,adversarial,chair
3156,COCO_val2014_000000003156.jpg,Is there a book in the image?,no,adversarial,book
208793,COCO_val2014_000000208793.jpg,Is there a person in the image?,yes,random,person
208793,COCO_val2014_000000208793.jpg,Is there a chair in the image?,yes,random,chair
208793,COCO_val2014_000000208793.jpg,Is there a sandwich in the image?,yes,random,sandwich
208793,COCO_val2014_000000208793.jpg,Is there a sports ball in the image?,no,random,sports ball
208793,COCO_val2014_000000208793.jpg,Is there a vase in the image?,no,random,vase
208793,COCO_val2014_000000208793.jpg,Is there a knife in the image?,no,random,knife
208793,COCO_val2014_000000208793.jpg,Is there a cell phone in the image?,yes,popular,cell phone
208793,COCO_val2014_000000208793.jpg,Is there a sandwich in the image?,yes,popular,sandwich
208793,COCO_val2014_000000208793.jpg,Is there a person in the image?,yes,popular,person
208793,COCO_val2014_000000208793.jpg,Is there a book in the image?,no,popular,book
208793,COCO_val2014_000000208793.jpg,Is there a bottle in the image?,no,popular,bottle
208793,COCO_val2014_000000208793.jpg,Is there a cup in the image?,no,popular,cup
208793,COCO_val2014_000000208793.jpg,Is there a chair in the image?,yes,adversarial,chair
208793,COCO_val2014_000000208793.jpg,Is there a cell phone in the image?,yes,adversarial,cell phone
208793,COCO_val2014_000000208793.jpg,Is there a person in the image?,yes,adversarial,person
208793,COCO_val2014_000000208793.jpg,Is there a book in the image?,no,adversarial,book
208793,COCO_val2014_000000208793.jpg,Is there a bottle in the image?,no,adversarial,bottle
208793,COCO_val2014_000000208793.jpg,Is there a cup in the image?,no,adversarial,cup
327892,COCO_val2014_000000327892.jpg,Is there a cell phone in the image?,yes,random,cell phone
327892,COCO_val2014_000000327892.jpg,Is there a bottle in the image?,yes,random,bottle
327892,COCO_val2014_000000327892.jpg,Is there a cup in the image?,yes,random,cup
327892,COCO_val2014_000000327892.jpg,Is there a tv in the image?,no,random,tv
327892,COCO_val2014_000000327892.jpg,Is there a bench in the image?,no,random,bench
327892,COCO_val2014_000000327892.jpg,Is there a mouse in the image?,no,random,mouse
327892,COCO_val2014_000000327892.jpg,Is there a cell phone in the image?,yes,popular,cell phone
327892,COCO_val2014_000000327892.jpg,Is there a keyboard in the image?,yes,popular,keyboard
327892,COCO_val2014_000000327892.jpg,Is there a bottle in the image?,yes,popular,bottle
327892,COCO_val2014_000000327892.jpg,Is there a car in the image?,no,popular,car
327892,COCO_val2014_000000327892.jpg,Is there a chair in the image?,no,popular,chair
327892,COCO_val2014_000000327892.jpg,Is there a book in the image?,no,popular,book
327892,COCO_val2014_000000327892.jpg,Is there a cell phone in the image?,yes,adversarial,cell phone
327892,COCO_val2014_000000327892.jpg,Is there a cup in the image?,yes,adversarial,cup
327892,COCO_val2014_000000327892.jpg,Is there a person in the image?,yes,adversarial,person
327892,COCO_val2014_000000327892.jpg,Is there a car in the image?,no,adversarial,car
327892,COCO_val2014_000000327892.jpg,Is there a chair in the image?,no,adversarial,chair
327892,COCO_val2014_000000327892.jpg,Is there a book in the image?,no,adversarial,book
99115,COCO_val2014_000000099115.jpg,Is there a bottle in the image?,yes,random,bottle
99115,COCO_val2014_000000099115.jpg,Is there a cup in the image?,yes,random,cup
99115,COCO_val2014_000000099115.jpg,Is there a bowl in the image?,yes,random,bowl
99115,COCO_val2014_000000099115.jpg,Is there a car in the image?,no,random,car
99115,COCO_val2014_000000099115.jpg,Is there a kite in the image?,no,random,kite
99115,COCO_val2014_000000099115.jpg,Is there a scissors in the image?,no,random,scissors
99115,COCO_val2014_000000099115.jpg,Is there a bottle in the image?,yes,popular,bottle
99115,COCO_val2014_000000099115.jpg,Is there a bowl in the image?,yes,popular,bowl
99115,COCO_val2014_000000099115.jpg,Is there a spoon in the image?,yes,popular,spoon
99115,COCO_val2014_000000099115.jpg,Is there a person in the image?,no,popular,person
99115,COCO_val2014_000000099115.jpg,Is there a car in the image?,no,popular,car
99115,COCO_val2014_000000099115.jpg,Is there a chair in the image?,no,popular,chair
99115,COCO_val2014_000000099115.jpg,Is there a fork in the image?,yes,adversarial,fork
99115,COCO_val2014_000000099115.jpg,Is there a cup in the image?,yes,adversarial,cup
99115,COCO_val2014_000000099115.jpg,Is there a bottle in the image?,yes,adversarial,bottle
99115,COCO_val2014_000000099115.jpg,Is there a person in the image?,no,adversarial,person
99115,COCO_val2014_000000099115.jpg,Is there a car in the image?,no,adversarial,car
99115,COCO_val2014_000000099115.jpg,Is there a chair in the image?,no,adversarial,chair
119516,COCO_val2014_000000119516.jpg,Is there a cell phone in the image?,yes,random,cell phone
119516,COCO_val2014_000000119516.jpg,Is there a person in the image?,yes,random,person
119516,COCO_val2014_000000119516.jpg,Is there a traffic light in the image?,yes,random,traffic light
119516,COCO_val2014_000000119516.jpg,Is there a hair drier in the image?,no,random,hair drier
119516,COCO_val2014_000000119516.jpg,Is there a skateboard in the image?,no,random,skateboard
119516,COCO_val2014_000000119516.jpg,Is there a oven in the image?,no,random,oven
119516,COCO_val2014_000000119516.jpg,Is there a bicycle in the image?,yes,popular,bicycle
119516,COCO_val2014_000000119516.jpg,Is there a cell phone in the image?,yes,popular,cell phone
119516,COCO_val2014_000000119516.jpg,Is there a handbag in the image?,yes,popular,handbag
119516,COCO_val2014_000000119516.jpg,Is there a car in the image?,no,popular,car
119516,COCO_val2014_000000119516.jpg,Is there a chair in the image?,no,popular,chair
119516,COCO_val2014_000000119516.jpg,Is there a book in the image?,no,popular,book
119516,COCO_val2014_000000119516.jpg,Is there a traffic light in the image?,yes,adversarial,traffic light
119516,COCO_val2014_000000119516.jpg,Is there a handbag in the image?,yes,adversarial,handbag
119516,COCO_val2014_000000119516.jpg,Is there a bicycle in the image?,yes,adversarial,bicycle
119516,COCO_val2014_000000119516.jpg,Is there a car in the image?,no,adversarial,car
119516,COCO_val2014_000000119516.jpg,Is there a chair in the image?,no,adversarial,chair
119516,COCO_val2014_000000119516.jpg,Is there a book in the image?,no,adversarial,book
323576,COCO_val2014_000000323576.jpg,Is there a person in the image?,yes,random,person
323576,COCO_val2014_000000323576.jpg,Is there a chair in the image?,yes,random,chair
323576,COCO_val2014_000000323576.jpg,Is there a umbrella in the image?,yes,random,umbrella
323576,COCO_val2014_000000323576.jpg,Is there a sheep in the image?,no,random,sheep
323576,COCO_val2014_000000323576.jpg,Is there a refrigerator in the image?,no,random,refrigerator
323576,COCO_val2014_000000323576.jpg,Is there a remote in the image?,no,random,remote
323576,COCO_val2014_000000323576.jpg,Is there a person in the image?,yes,popular,person
323576,COCO_val2014_000000323576.jpg,Is there a umbrella in the image?,yes,popular,umbrella
323576,COCO_val2014_000000323576.jpg,Is there a chair in the image?,yes,popular,chair
323576,COCO_val2014_000000323576.jpg,Is there a car in the image?,no,popular,car
323576,COCO_val2014_000000323576.jpg,Is there a book in the image?,no,popular,book
323576,COCO_val2014_000000323576.jpg,Is there a bottle in the image?,no,popular,bottle
323576,COCO_val2014_000000323576.jpg,Is there a person in the image?,yes,adversarial,person
323576,COCO_val2014_000000323576.jpg,Is there a umbrella in the image?,yes,adversarial,umbrella
323576,COCO_val2014_000000323576.jpg,Is there a chair in the image?,yes,adversarial,chair
323576,COCO_val2014_000000323576.jpg,Is there a car in the image?,no,adversarial,car
323576,COCO_val2014_000000323576.jpg,Is there a book in the image?,no,adversarial,book
323576,COCO_val2014_000000323576.jpg,Is there a bottle in the image?,no,adversarial,bottle
215207,COCO_val2014_000000215207.jpg,Is there a cup in the image?,yes,random,cup
215207,COCO_val2014_000000215207.jpg,Is there a dining table in the image?,yes,random,dining table
215207,COCO_val2014_000000215207.jpg,Is there a spoon in the image?,yes,random,spoon
215207,COCO_val2014_000000215207.jpg,Is there a boat in the image?,no,random,boat
215207,COCO_val2014_000000215207.jpg,Is there a cow in the image?,no,random,cow
215207,COCO_val2014_000000215207.jpg,Is there a bicycle in the image?,no,random,bicycle
215207,COCO_val2014_000000215207.jpg,Is there a dining table in the image?,yes,popular,dining table
215207,COCO_val2014_000000215207.jpg,Is there a cup in the image?,yes,popular,cup
215207,COCO_val2014_000000215207.jpg,Is there a spoon in the image?,yes,popular,spoon
215207,COCO_val2014_000000215207.jpg,Is there a person in the image?,no,popular,person
215207,COCO_val2014_000000215207.jpg,Is there a car in the image?,no,popular,car
215207,COCO_val2014_000000215207.jpg,Is there a chair in the image?,no,popular,chair
215207,COCO_val2014_000000215207.jpg,Is there a dining table in the image?,yes,adversarial,dining table
215207,COCO_val2014_000000215207.jpg,Is there a cup in the image?,yes,adversarial,cup
215207,COCO_val2014_000000215207.jpg,Is there a spoon in the image?,yes,adversarial,spoon
215207,COCO_val2014_000000215207.jpg,Is there a person in the image?,no,adversarial,person
215207,COCO_val2014_000000215207.jpg,Is there a car in the image?,no,adversarial,car
215207,COCO_val2014_000000215207.jpg,Is there a chair in the image?,no,adversarial,chair
133964,COCO_val2014_000000133964.jpg,Is there a boat in the image?,yes,random,boat
133964,COCO_val2014_000000133964.jpg,Is there a bird in the image?,yes,random,bird
133964,COCO_val2014_000000133964.jpg,Is there a person in the image?,yes,random,person
133964,COCO_val2014_000000133964.jpg,Is there a car in the image?,no,random,car
133964,COCO_val2014_000000133964.jpg,Is there a motorcycle in the image?,no,random,motorcycle
133964,COCO_val2014_000000133964.jpg,Is there a toaster in the image?,no,random,toaster
133964,COCO_val2014_000000133964.jpg,Is there a bird in the image?,yes,popular,bird
133964,COCO_val2014_000000133964.jpg,Is there a person in the image?,yes,popular,person
133964,COCO_val2014_000000133964.jpg,Is there a boat in the image?,yes,popular,boat
133964,COCO_val2014_000000133964.jpg,Is there a car in the image?,no,popular,car
133964,COCO_val2014_000000133964.jpg,Is there a chair in the image?,no,popular,chair
133964,COCO_val2014_000000133964.jpg,Is there a book in the image?,no,popular,book
133964,COCO_val2014_000000133964.jpg,Is there a boat in the image?,yes,adversarial,boat
133964,COCO_val2014_000000133964.jpg,Is there a person in the image?,yes,adversarial,person
133964,COCO_val2014_000000133964.jpg,Is there a bird in the image?,yes,adversarial,bird
133964,COCO_val2014_000000133964.jpg,Is there a car in the image?,no,adversarial,car
133964,COCO_val2014_000000133964.jpg,Is there a chair in the image?,no,adversarial,chair
133964,COCO_val2014_000000133964.jpg,Is there a book in the image?,no,adversarial,book
520862,COCO_val2014_000000520862.jpg,Is there a dining table in the image?,yes,random,dining table
520862,COCO_val2014_000000520862.jpg,Is there a chair in the image?,yes,random,chair
520862,COCO_val2014_000000520862.jpg,Is there a book in the image?,yes,random,book
520862,COCO_val2014_000000520862.jpg,Is there a skis in the image?,no,random,skis
520862,COCO_val2014_000000520862.jpg,Is there a backpack in the image?,no,random,backpack
520862,COCO_val2014_000000520862.jpg,Is there a refrigerator in the image?,no,random,refrigerator
520862,COCO_val2014_000000520862.jpg,Is there a carrot in the image?,yes,popular,carrot
520862,COCO_val2014_000000520862.jpg,Is there a chair in the image?,yes,popular,chair
520862,COCO_val2014_000000520862.jpg,Is there a cup in the image?,yes,popular,cup
520862,COCO_val2014_000000520862.jpg,Is there a person in the image?,no,popular,person
520862,COCO_val2014_000000520862.jpg,Is there a car in the image?,no,popular,car
520862,COCO_val2014_000000520862.jpg,Is there a bottle in the image?,no,popular,bottle
520862,COCO_val2014_000000520862.jpg,Is there a tv in the image?,yes,adversarial,tv
520862,COCO_val2014_000000520862.jpg,Is there a dining table in the image?,yes,adversarial,dining table
520862,COCO_val2014_000000520862.jpg,Is there a carrot in the image?,yes,adversarial,carrot
520862,COCO_val2014_000000520862.jpg,Is there a person in the image?,no,adversarial,person
520862,COCO_val2014_000000520862.jpg,Is there a car in the image?,no,adversarial,car
520862,COCO_val2014_000000520862.jpg,Is there a bottle in the image?,no,adversarial,bottle
1803,COCO_val2014_000000001803.jpg,Is there a toilet in the image?,yes,random,toilet
1803,COCO_val2014_000000001803.jpg,Is there a bowl in the image?,yes,random,bowl
1803,COCO_val2014_000000001803.jpg,Is there a sink in the image?,yes,random,sink
1803,COCO_val2014_000000001803.jpg,Is there a suitcase in the image?,no,random,suitcase
1803,COCO_val2014_000000001803.jpg,Is there a tennis racket in the image?,no,random,tennis racket
1803,COCO_val2014_000000001803.jpg,Is there a fire hydrant in the image?,no,random,fire hydrant
1803,COCO_val2014_000000001803.jpg,Is there a bowl in the image?,yes,popular,bowl
1803,COCO_val2014_000000001803.jpg,Is there a sink in the image?,yes,popular,sink
1803,COCO_val2014_000000001803.jpg,Is there a toilet in the image?,yes,popular,toilet
1803,COCO_val2014_000000001803.jpg,Is there a person in the image?,no,popular,person
1803,COCO_val2014_000000001803.jpg,Is there a car in the image?,no,popular,car
1803,COCO_val2014_000000001803.jpg,Is there a chair in the image?,no,popular,chair
1803,COCO_val2014_000000001803.jpg,Is there a toilet in the image?,yes,adversarial,toilet
1803,COCO_val2014_000000001803.jpg,Is there a bowl in the image?,yes,adversarial,bowl
1803,COCO_val2014_000000001803.jpg,Is there a sink in the image?,yes,adversarial,sink
1803,COCO_val2014_000000001803.jpg,Is there a person in the image?,no,adversarial,person
1803,COCO_val2014_000000001803.jpg,Is there a car in the image?,no,adversarial,car
1803,COCO_val2014_000000001803.jpg,Is there a chair in the image?,no,adversarial,chair
8718,COCO_val2014_000000008718.jpg,Is there a bowl in the image?,yes,random,bowl
8718,COCO_val2014_000000008718.jpg,Is there a spoon in the image?,yes,random,spoon
8718,COCO_val2014_000000008718.jpg,Is there a dining table in the image?,yes,random,dining table
8718,COCO_val2014_000000008718.jpg,Is there a bicycle in the image?,no,random,bicycle
8718,COCO_val2014_000000008718.jpg,Is there a bear in the image?,no,random,bear
8718,COCO_val2014_000000008718.jpg,Is there a fire hydrant in the image?,no,random,fire hydrant
8718,COCO_val2014_000000008718.jpg,Is there a spoon in the image?,yes,popular,spoon
8718,COCO_val2014_000000008718.jpg,Is there a bowl in the image?,yes,popular,bowl
8718,COCO_val2014_000000008718.jpg,Is there a cup in the image?,yes,popular,cup
8718,COCO_val2014_000000008718.jpg,Is there a person in the image?,no,popular,person
8718,COCO_val2014_000000008718.jpg,Is there a car in the image?,no,popular,car
8718,COCO_val2014_000000008718.jpg,Is there a chair in the image?,no,popular,chair
8718,COCO_val2014_000000008718.jpg,Is there a cup in the image?,yes,adversarial,cup
8718,COCO_val2014_000000008718.jpg,Is there a dining table in the image?,yes,adversarial,dining table
8718,COCO_val2014_000000008718.jpg,Is there a bowl in the image?,yes,adversarial,bowl
8718,COCO_val2014_000000008718.jpg,Is there a person in the image?,no,adversarial,person
8718,COCO_val2014_000000008718.jpg,Is there a car in the image?,no,adversarial,car
8718,COCO_val2014_000000008718.jpg,Is there a chair in the image?,no,adversarial,chair
95583,COCO_val2014_000000095583.jpg,Is there a person in the image?,yes,random,person
95583,COCO_val2014_000000095583.jpg,Is there a umbrella in the image?,yes,random,umbrella
95583,COCO_val2014_000000095583.jpg,Is there a book in the image?,yes,random,book
95583,COCO_val2014_000000095583.jpg,Is there a vase in the image?,no,random,vase
95583,COCO_val2014_000000095583.jpg,Is there a tv in the image?,no,random,tv
95583,COCO_val2014_000000095583.jpg,Is there a skateboard in the image?,no,random,skateboard
95583,COCO_val2014_000000095583.jpg,Is there a person in the image?,yes,popular,person
95583,COCO_val2014_000000095583.jpg,Is there a umbrella in the image?,yes,popular,umbrella
95583,COCO_val2014_000000095583.jpg,Is there a book in the image?,yes,popular,book
95583,COCO_val2014_000000095583.jpg,Is there a car in the image?,no,popular,car
95583,COCO_val2014_000000095583.jpg,Is there a chair in the image?,no,popular,chair
95583,COCO_val2014_000000095583.jpg,Is there a bottle in the image?,no,popular,bottle
95583,COCO_val2014_000000095583.jpg,Is there a umbrella in the image?,yes,adversarial,umbrella
95583,COCO_val2014_000000095583.jpg,Is there a person in the image?,yes,adversarial,person
95583,COCO_val2014_000000095583.jpg,Is there a book in the image?,yes,adversarial,book
95583,COCO_val2014_000000095583.jpg,Is there a car in the image?,no,adversarial,car
95583,COCO_val2014_000000095583.jpg,Is there a chair in the image?,no,adversarial,chair
95583,COCO_val2014_000000095583.jpg,Is there a bottle in the image?,no,adversarial,bottle
346940,COCO_val2014_000000346940.jpg,Is there a knife in the image?,yes,random,knife
346940,COCO_val2014_000000346940.jpg,Is there a oven in the image?,yes,random,oven
346940,COCO_val2014_000000346940.jpg,Is there a bowl in the image?,yes,random,bowl
346940,COCO_val2014_000000346940.jpg,Is there a hair drier in the image?,no,random,hair drier
346940,COCO_val2014_000000346940.jpg,Is there a sheep in the image?,no,random,sheep
346940,COCO_val2014_000000346940.jpg,Is there a hot dog in the image?,no,random,hot dog
346940,COCO_val2014_000000346940.jpg,Is there a oven in the image?,yes,popular,oven
346940,COCO_val2014_000000346940.jpg,Is there a knife in the image?,yes,popular,knife
346940,COCO_val2014_000000346940.jpg,Is there a bowl in the image?,yes,popular,bowl
346940,COCO_val2014_000000346940.jpg,Is there a person in the image?,no,popular,person
346940,COCO_val2014_000000346940.jpg,Is there a car in the image?,no,popular,car
346940,COCO_val2014_000000346940.jpg,Is there a chair in the image?,no,popular,chair
346940,COCO_val2014_000000346940.jpg,Is there a bowl in the image?,yes,adversarial,bowl
346940,COCO_val2014_000000346940.jpg,Is there a oven in the image?,yes,adversarial,oven
346940,COCO_val2014_000000346940.jpg,Is there a knife in the image?,yes,adversarial,knife
346940,COCO_val2014_000000346940.jpg,Is there a person in the image?,no,adversarial,person
346940,COCO_val2014_000000346940.jpg,Is there a car in the image?,no,adversarial,car
346940,COCO_val2014_000000346940.jpg,Is there a chair in the image?,no,adversarial,chair
145025,COCO_val2014_000000145025.jpg,Is there a backpack in the image?,yes,random,backpack
145025,COCO_val2014_000000145025.jpg,Is there a bicycle in the image?,yes,random,bicycle
145025,COCO_val2014_000000145025.jpg,Is there a person in the image?,yes,random,person
145025,COCO_val2014_000000145025.jpg,Is there a cow in the image?,no,random,cow
145025,COCO_val2014_000000145025.jpg,Is there a parking meter in the image?,no,random,parking meter
145025,COCO_val2014_000000145025.jpg,Is there a cell phone in the image?,no,random,cell phone
145025,COCO_val2014_000000145025.jpg,Is there a backpack in the image?,yes,popular,backpack
145025,COCO_val2014_000000145025.jpg,Is there a bicycle in the image?,yes,popular,bicycle
145025,COCO_val2014_000000145025.jpg,Is there a person in the image?,yes,popular,person
145025,COCO_val2014_000000145025.jpg,Is there a car in the image?,no,popular,car
145025,COCO_val2014_000000145025.jpg,Is there a chair in the image?,no,popular,chair
145025,COCO_val2014_000000145025.jpg,Is there a book in the image?,no,popular,book
145025,COCO_val2014_000000145025.jpg,Is there a person in the image?,yes,adversarial,person
145025,COCO_val2014_000000145025.jpg,Is there a bicycle in the image?,yes,adversarial,bicycle
145025,COCO_val2014_000000145025.jpg,Is there a backpack in the image?,yes,adversarial,backpack
145025,COCO_val2014_000000145025.jpg,Is there a car in the image?,no,adversarial,car
145025,COCO_val2014_000000145025.jpg,Is there a chair in the image?,no,adversarial,chair
145025,COCO_val2014_000000145025.jpg,Is there a book in the image?,no,adversarial,book
441861,COCO_val2014_000000441861.jpg,Is there a person in the image?,yes,random,person
441861,COCO_val2014_000000441861.jpg,Is there a bench in the image?,yes,random,bench
441861,COCO_val2014_000000441861.jpg,Is there a sports ball in the image?,yes,random,sports ball
441861,COCO_val2014_000000441861.jpg,Is there a spoon in the image?,no,random,spoon
441861,COCO_val2014_000000441861.jpg,Is there a airplane in the image?,no,random,airplane
441861,COCO_val2014_000000441861.jpg,Is there a surfboard in the image?,no,random,surfboard
441861,COCO_val2014_000000441861.jpg,Is there a bench in the image?,yes,popular,bench
441861,COCO_val2014_000000441861.jpg,Is there a sports ball in the image?,yes,popular,sports ball
441861,COCO_val2014_000000441861.jpg,Is there a person in the image?,yes,popular,person
441861,COCO_val2014_000000441861.jpg,Is there a car in the image?,no,popular,car
441861,COCO_val2014_000000441861.jpg,Is there a chair in the image?,no,popular,chair
441861,COCO_val2014_000000441861.jpg,Is there a book in the image?,no,popular,book
441861,COCO_val2014_000000441861.jpg,Is there a bench in the image?,yes,adversarial,bench
441861,COCO_val2014_000000441861.jpg,Is there a sports ball in the image?,yes,adversarial,sports ball
441861,COCO_val2014_000000441861.jpg,Is there a person in the image?,yes,adversarial,person
441861,COCO_val2014_000000441861.jpg,Is there a car in the image?,no,adversarial,car
441861,COCO_val2014_000000441861.jpg,Is there a chair in the image?,no,adversarial,chair
441861,COCO_val2014_000000441861.jpg,Is there a book in the image?,no,adversarial,book
255401,COCO_val2014_000000255401.jpg,Is there a sink in the image?,yes,random,sink
255401,COCO_val2014_000000255401.jpg,Is there a toilet in the image?,yes,random,toilet
255401,COCO_val2014_000000255401.jpg,Is there a bottle in the image?,yes,random,bottle
255401,COCO_val2014_000000255401.jpg,Is there a surfboard in the image?,no,random,surfboard
255401,COCO_val2014_000000255401.jpg,Is there a snowboard in the image?,no,random,snowboard
255401,COCO_val2014_000000255401.jpg,Is there a traffic light in the image?,no,random,traffic light
255401,COCO_val2014_000000255401.jpg,Is there a sink in the image?,yes,popular,sink
255401,COCO_val2014_000000255401.jpg,Is there a toilet in the image?,yes,popular,toilet
255401,COCO_val2014_000000255401.jpg,Is there a bottle in the image?,yes,popular,bottle
255401,COCO_val2014_000000255401.jpg,Is there a person in the image?,no,popular,person
255401,COCO_val2014_000000255401.jpg,Is there a car in the image?,no,popular,car
255401,COCO_val2014_000000255401.jpg,Is there a chair in the image?,no,popular,chair
255401,COCO_val2014_000000255401.jpg,Is there a toilet in the image?,yes,adversarial,toilet
255401,COCO_val2014_000000255401.jpg,Is there a sink in the image?,yes,adversarial,sink
255401,COCO_val2014_000000255401.jpg,Is there a bottle in the image?,yes,adversarial,bottle
255401,COCO_val2014_000000255401.jpg,Is there a person in the image?,no,adversarial,person
255401,COCO_val2014_000000255401.jpg,Is there a car in the image?,no,adversarial,car
255401,COCO_val2014_000000255401.jpg,Is there a chair in the image?,no,adversarial,chair
297522,COCO_val2014_000000297522.jpg,Is there a baseball glove in the image?,yes,random,baseball glove
297522,COCO_val2014_000000297522.jpg,Is there a baseball bat in the image?,yes,random,baseball bat
297522,COCO_val2014_000000297522.jpg,Is there a person in the image?,yes,random,person
297522,COCO_val2014_000000297522.jpg,Is there a parking meter in the image?,no,random,parking meter
297522,COCO_val2014_000000297522.jpg,Is there a bicycle in the image?,no,random,bicycle
297522,COCO_val2014_000000297522.jpg,Is there a fork in the image?,no,random,fork
297522,COCO_val2014_000000297522.jpg,Is there a baseball glove in the image?,yes,popular,baseball glove
297522,COCO_val2014_000000297522.jpg,Is there a baseball bat in the image?,yes,popular,baseball bat
297522,COCO_val2014_000000297522.jpg,Is there a person in the image?,yes,popular,person
297522,COCO_val2014_000000297522.jpg,Is there a car in the image?,no,popular,car
297522,COCO_val2014_000000297522.jpg,Is there a chair in the image?,no,popular,chair
297522,COCO_val2014_000000297522.jpg,Is there a book in the image?,no,popular,book
297522,COCO_val2014_000000297522.jpg,Is there a person in the image?,yes,adversarial,person
297522,COCO_val2014_000000297522.jpg,Is there a baseball bat in the image?,yes,adversarial,baseball bat
297522,COCO_val2014_000000297522.jpg,Is there a baseball glove in the image?,yes,adversarial,baseball glove
297522,COCO_val2014_000000297522.jpg,Is there a car in the image?,no,adversarial,car
297522,COCO_val2014_000000297522.jpg,Is there a chair in the image?,no,adversarial,chair
297522,COCO_val2014_000000297522.jpg,Is there a book in the image?,no,adversarial,book
466901,COCO_val2014_000000466901.jpg,Is there a tie in the image?,yes,random,tie
466901,COCO_val2014_000000466901.jpg,Is there a person in the image?,yes,random,person
466901,COCO_val2014_000000466901.jpg,Is there a handbag in the image?,yes,random,handbag
466901,COCO_val2014_000000466901.jpg,Is there a clock in the image?,no,random,clock
466901,COCO_val2014_000000466901.jpg,Is there a microwave in the image?,no,random,microwave
466901,COCO_val2014_000000466901.jpg,Is there a cake in the image?,no,random,cake
466901,COCO_val2014_000000466901.jpg,Is there a tie in the image?,yes,popular,tie
466901,COCO_val2014_000000466901.jpg,Is there a handbag in the image?,yes,popular,handbag
466901,COCO_val2014_000000466901.jpg,Is there a person in the image?,yes,popular,person
466901,COCO_val2014_000000466901.jpg,Is there a car in the image?,no,popular,car
466901,COCO_val2014_000000466901.jpg,Is there a chair in the image?,no,popular,chair
466901,COCO_val2014_000000466901.jpg,Is there a book in the image?,no,popular,book
466901,COCO_val2014_000000466901.jpg,Is there a person in the image?,yes,adversarial,person
466901,COCO_val2014_000000466901.jpg,Is there a tie in the image?,yes,adversarial,tie
466901,COCO_val2014_000000466901.jpg,Is there a handbag in the image?,yes,adversarial,handbag
466901,COCO_val2014_000000466901.jpg,Is there a car in the image?,no,adversarial,car
466901,COCO_val2014_000000466901.jpg,Is there a chair in the image?,no,adversarial,chair
466901,COCO_val2014_000000466901.jpg,Is there a book in the image?,no,adversarial,book
54329,COCO_val2014_000000054329.jpg,Is there a baseball glove in the image?,yes,random,baseball glove
54329,COCO_val2014_000000054329.jpg,Is there a person in the image?,yes,random,person
54329,COCO_val2014_000000054329.jpg,Is there a sports ball in the image?,yes,random,sports ball
54329,COCO_val2014_000000054329.jpg,Is there a cake in the image?,no,random,cake
54329,COCO_val2014_000000054329.jpg,Is there a hot dog in the image?,no,random,hot dog
54329,COCO_val2014_000000054329.jpg,Is there a stop sign in the image?,no,random,stop sign
54329,COCO_val2014_000000054329.jpg,Is there a sports ball in the image?,yes,popular,sports ball
54329,COCO_val2014_000000054329.jpg,Is there a person in the image?,yes,popular,person
54329,COCO_val2014_000000054329.jpg,Is there a baseball glove in the image?,yes,popular,baseball glove
54329,COCO_val2014_000000054329.jpg,Is there a car in the image?,no,popular,car
54329,COCO_val2014_000000054329.jpg,Is there a chair in the image?,no,popular,chair
54329,COCO_val2014_000000054329.jpg,Is there a book in the image?,no,popular,book
54329,COCO_val2014_000000054329.jpg,Is there a sports ball in the image?,yes,adversarial,sports ball
54329,COCO_val2014_000000054329.jpg,Is there a baseball glove in the image?,yes,adversarial,baseball glove
54329,COCO_val2014_000000054329.jpg,Is there a person in the image?,yes,adversarial,person
54329,COCO_val2014_000000054329.jpg,Is there a car in the image?,no,adversarial,car
54329,COCO_val2014_000000054329.jpg,Is there a chair in the image?,no,adversarial,chair
54329,COCO_val2014_000000054329.jpg,Is there a book in the image?,no,adversarial,book
477435,COCO_val2014_000000477435.jpg,Is there a person in the image?,yes,random,person
477435,COCO_val2014_000000477435.jpg,Is there a clock in the image?,yes,random,clock
477435,COCO_val2014_000000477435.jpg,Is there a bicycle in the image?,yes,random,bicycle
477435,COCO_val2014_000000477435.jpg,Is there a surfboard in the image?,no,random,surfboard
477435,COCO_val2014_000000477435.jpg,Is there a microwave in the image?,no,random,microwave
477435,COCO_val2014_000000477435.jpg,Is there a bear in the image?,no,random,bear
477435,COCO_val2014_000000477435.jpg,Is there a dining table in the image?,yes,popular,dining table
477435,COCO_val2014_000000477435.jpg,Is there a person in the image?,yes,popular,person
477435,COCO_val2014_000000477435.jpg,Is there a bench in the image?,yes,popular,bench
477435,COCO_val2014_000000477435.jpg,Is there a car in the image?,no,popular,car
477435,COCO_val2014_000000477435.jpg,Is there a book in the image?,no,popular,book
477435,COCO_val2014_000000477435.jpg,Is there a bottle in the image?,no,popular,bottle
477435,COCO_val2014_000000477435.jpg,Is there a clock in the image?,yes,adversarial,clock
477435,COCO_val2014_000000477435.jpg,Is there a bench in the image?,yes,adversarial,bench
477435,COCO_val2014_000000477435.jpg,Is there a chair in the image?,yes,adversarial,chair
477435,COCO_val2014_000000477435.jpg,Is there a car in the image?,no,adversarial,car
477435,COCO_val2014_000000477435.jpg,Is there a book in the image?,no,adversarial,book
477435,COCO_val2014_000000477435.jpg,Is there a bottle in the image?,no,adversarial,bottle
