image_id,file_name,question_en,answer,split,category,question_ur
110330,COCO_val2014_000000110330.jpg,Is there a person in the image?,yes,random,person,کیا تصویر میں کوئی شخص ہے؟
110330,COCO_val2014_000000110330.jpg,Is there a bus in the image?,yes,random,bus,کیا تصویر میں بس ہے؟
110330,COCO_val2014_000000110330.jpg,Is there a handbag in the image?,yes,random,handbag,کیا تصویر میں ہینڈ بیگ ہے؟
110330,COCO_val2014_000000110330.jpg,Is there a baseball bat in the image?,no,random,baseball bat,کیا تصویر میں بیس بال کا بیٹ ہے؟
110330,COCO_val2014_000000110330.jpg,Is there a laptop in the image?,no,random,laptop,کیا تصویر میں لیپ ٹاپ ہے؟
110330,COCO_val2014_000000110330.jpg,Is there a cake in the image?,no,random,cake,کیا تصویر میں کیک ہے؟
110330,COCO_val2014_000000110330.jpg,Is there a person in the image?,yes,popular,person,کیا تصویر میں کوئی شخص ہے؟
110330,COCO_val2014_000000110330.jpg,Is there a bus in the image?,yes,popular,bus,کیا تصویر میں بس ہے؟
110330,COCO_val2014_000000110330.jpg,Is there a handbag in the image?,yes,popular,handbag,کیا تصویر میں ہینڈ بیگ ہے؟
110330,COCO_val2014_000000110330.jpg,Is there a car in the image?,no,popular,car,کیا تصویر میں کوئی کار ہے؟
110330,COCO_val2014_000000110330.jpg,Is there a chair in the image?,no,popular,chair,کیا تصویر میں کرسی ہے؟
110330,COCO_val2014_000000110330.jpg,Is there a book in the image?,no,popular,book,کیا تصویر میں کوئی کتاب ہے؟
110330,COCO_val2014_000000110330.jpg,Is there a bus in the image?,yes,adversarial,bus,کیا تصویر میں بس ہے؟
110330,COCO_val2014_000000110330.jpg,Is there a handbag in the image?,yes,adversarial,handbag,کیا تصویر میں ہینڈ بیگ ہے؟
110330,COCO_val2014_000000110330.jpg,Is there a person in the image?,yes,adversarial,person,کیا تصویر میں کوئی شخص ہے؟
110330,COCO_val2014_000000110330.jpg,Is there a car in the image?,no,adversarial,car,کیا تصویر میں کوئی کار ہے؟
110330,COCO_val2014_000000110330.jpg,Is there a chair in the image?,no,adversarial,chair,کیا تصویر میں کرسی ہے؟
110330,COCO_val2014_000000110330.jpg,Is there a book in the image?,no,adversarial,book,کیا تصویر میں کوئی کتاب ہے؟
184205,COCO_val2014_000000184205.jpg,Is there a bottle in the image?,yes,random,bottle,کیا تصویر میں کوئی بوتل ہے؟
184205,COCO_val2014_000000184205.jpg,Is there a cup in the image?,yes,random,cup,کیا تصویر میں کپ ہے؟
184205,COCO_val2014_000000184205.jpg,Is there a backpack in the image?,yes,random,backpack,کیا تصویر میں کوئی بیگ ہے؟
184205,COCO_val2014_000000184205.jpg,Is there a train in the image?,no,random,train,کیا تصویر میں ٹرین ہے؟
184205,COCO_val2014_000000184205.jpg,Is there a parking meter in the image?,no,random,parking meter,کیا تصویر میں پارکنگ میٹر ہے؟
184205,COCO_val2014_000000184205.jpg,Is there a truck in the image?,no,random,truck,کیا تصویر میں کوئی ٹرک ہے؟
184205,COCO_val2014_000000184205.jpg,Is there a bottle in the image?,yes,popular,bottle,کیا تصویر میں کوئی بوتل ہے؟
184205,COCO_val2014_000000184205.jpg,Is there a backpack in the image?,yes,popular,backpack,کیا تصویر میں کوئی بیگ ہے؟
184205,COCO_val2014_000000184205.jpg,Is there a cup in the image?,yes,popular,cup,کیا تصویر میں کپ ہے؟
184205,COCO_val2014_000000184205.jpg,Is there a person in the image?,no,popular,person,کیا تصویر میں کوئی شخص ہے؟
184205,COCO_val2014_000000184205.jpg,Is there a car in the image?,no,popular,car,کیا تصویر میں کوئی کار ہے؟
184205,COCO_val2014_000000184205.jpg,Is there a chair in the image?,no,popular,chair,کیا تصویر میں کرسی ہے؟
184205,COCO_val2014_000000184205.jpg,Is there a oven in the image?,yes,adversarial,oven,کیا تصویر میں تندور ہے؟
184205,COCO_val2014_000000184205.jpg,Is there a bottle in the image?,yes,adversarial,bottle,کیا تصویر میں کوئی بوتل ہے؟
184205,COCO_val2014_000000184205.jpg,Is there a backpack in the image?,yes,adversarial,backpack,کیا تصویر میں کوئی بیگ ہے؟
184205,COCO_val2014_000000184205.jpg,Is there a person in the image?,no,adversarial,person,کیا تصویر میں کوئی شخص ہے؟
184205,COCO_val2014_000000184205.jpg,Is there a car in the image?,no,adversarial,car,کیا تصویر میں کوئی کار ہے؟
184205,COCO_val2014_000000184205.jpg,Is there a chair in the image?,no,adversarial,chair,کیا تصویر میں کرسی ہے؟
535668,COCO_val2014_000000535668.jpg,Is there a person in the image?,yes,random,person,کیا تصویر میں کوئی شخص ہے؟
535668,COCO_val2014_000000535668.jpg,Is there a sports ball in the image?,yes,random,sports ball,کیا تصویر میں کھیلوں کی گیند ہے؟
535668,COCO_val2014_000000535668.jpg,Is there a baseball bat in the image?,yes,random,baseball bat,کیا تصویر میں بیس بال کا بیٹ ہے؟
535668,COCO_val2014_000000535668.jpg,Is there a couch in the image?,no,random,couch,کیا تصویر میں صوفہ ہے؟
535668,COCO_val2014_000000535668.jpg,Is there a backpack in the image?,no,random,backpack,کیا تصویر میں کوئی بیگ ہے؟
535668,COCO_val2014_000000535668.jpg,Is there a tennis racket in the image?,no,random,tennis racket,کیا تصویر میں ٹینس ریکیٹ ہے؟
535668,COCO_val2014_000000535668.jpg,Is there a sports ball in the image?,yes,popular,sports ball,کیا تصویر میں کھیلوں کی گیند ہے؟
535668,COCO_val2014_000000535668.jpg,Is there a person in the image?,yes,popular,person,کیا تصویر میں کوئی شخص ہے؟
535668,COCO_val2014_000000535668.jpg,Is there a baseball bat in the image?,yes,popular,baseball bat,کیا تصویر میں بیس بال کا بیٹ ہے؟
535668,COCO_val2014_000000535668.jpg,Is there a car in the image?,no,popular,car,کیا تصویر میں کوئی کار ہے؟
535668,COCO_val2014_000000535668.jpg,Is there a chair in the image?,no,popular,chair,کیا تصویر میں کرسی ہے؟
535668,COCO_val2014_000000535668.jpg,Is there a book in the image?,no,popular,book,کیا تصویر میں کوئی کتاب ہے؟
535668,COCO_val2014_000000535668.jpg,Is there a sports ball in the image?,yes,adversarial,sports ball,کیا تصویر میں کھیلوں کی گیند ہے؟
535668,COCO_val2014_000000535668.jpg,Is there a person in the image?,yes,adversarial,person,کیا تصویر میں کوئی شخص ہے؟
535668,COCO_val2014_000000535668.jpg,Is there a baseball bat in the image?,yes,adversarial,baseball bat,کیا تصویر میں بیس بال کا بیٹ ہے؟
535668,COCO_val2014_000000535668.jpg,Is there a car in the image?,no,adversarial,car,کیا تصویر میں کوئی کار ہے؟
535668,COCO_val2014_000000535668.jpg,Is there a chair in the image?,no,adversarial,chair,کیا تصویر میں کرسی ہے؟
535668,COCO_val2014_000000535668.jpg,Is there a book in the image?,no,adversarial,book,کیا تصویر میں کوئی کتاب ہے؟
303685,COCO_val2014_000000303685.jpg,Is there a truck in the image?,yes,random,truck,کیا تصویر میں کوئی ٹرک ہے؟
303685,COCO_val2014_000000303685.jpg,Is there a backpack in the image?,yes,random,backpack,کیا تصویر میں کوئی بیگ ہے؟
303685,COCO_val2014_000000303685.jpg,Is there a tie in the image?,yes,random,tie,کیا تصویر میں ٹائی ہے؟
303685,COCO_val2014_000000303685.jpg,Is there a zebra in the image?,no,random,zebra,کیا تصویر میں زیبرا ہے؟
303685,COCO_val2014_000000303685.jpg,Is there a cake in the image?,no,random,cake,کیا تصویر میں کیک ہے؟
303685,COCO_val2014_000000303685.jpg,Is there a keyboard in the image?,no,random,keyboard,کیا تصویر میں کی بورڈ ہے؟
303685,COCO_val2014_000000303685.jpg,Is there a backpack in the image?,yes,popular,backpack,کیا تصویر میں کوئی بیگ ہے؟
303685,COCO_val2014_000000303685.jpg,Is there a truck in the image?,yes,popular,truck,کیا تصویر میں کوئی ٹرک ہے؟
303685,COCO_val2014_000000303685.jpg,Is there a chair in the image?,yes,popular,chair,کیا تصویر میں کرسی ہے؟
303685,COCO_val2014_000000303685.jpg,Is there a person in the image?,no,popular,person,کیا تصویر میں کوئی شخص ہے؟
303685,COCO_val2014_000000303685.jpg,Is there a car in the image?,no,popular,car,کیا تصویر میں کوئی کار ہے؟
303685,COCO_val2014_000000303685.jpg,Is there a book in the image?,no,popular,book,کیا تصویر میں کوئی کتاب ہے؟
303685,COCO_val2014_000000303685.jpg,Is there a truck in the image?,yes,adversarial,truck,کیا تصویر میں کوئی ٹرک ہے؟
303685,COCO_val2014_000000303685.jpg,Is there a backpack in the image?,yes,adversarial,backpack,کیا تصویر میں کوئی بیگ ہے؟
303685,COCO_val2014_000000303685.jpg,Is there a chair in the image?,yes,adversarial,chair,کیا تصویر میں کرسی ہے؟
303685,COCO_val2014_000000303685.jpg,Is there a person in the image?,no,adversarial,person,کیا تصویر میں کوئی شخص ہے؟
303685,COCO_val2014_000000303685.jpg,Is there a car in the image?,no,adversarial,car,کیا تصویر میں کوئی کار ہے؟
303685,COCO_val2014_000000303685.jpg,Is there a book in the image?,no,adversarial,book,کیا تصویر میں کوئی کتاب ہے؟
516414,COCO_val2014_000000516414.jpg,Is there a boat in the image?,yes,random,boat,کیا تصویر میں کوئی کشتی ہے؟
516414,COCO_val2014_000000516414.jpg,Is there a car in the image?,yes,random,car,کیا تصویر میں کوئی کار ہے؟
516414,COCO_val2014_000000516414.jpg,Is there a person in the image?,yes,random,person,کیا تصویر میں کوئی شخص ہے؟
516414,COCO_val2014_000000516414.jpg,Is there a toilet in the image?,no,random,toilet,کیا تصویر میں بیت الخلا ہے؟
516414,COCO_val2014_000000516414.jpg,Is there a bottle in the image?,no,random,bottle,کیا تصویر میں کوئی بوتل ہے؟
516414,COCO_val2014_000000516414.jpg,Is there a couch in the image?,no,random,couch,کیا تصویر میں صوفہ ہے؟
516414,COCO_val2014_000000516414.jpg,Is there a person in the image?,yes,popular,person,کیا تصویر میں کوئی شخص ہے؟
516414,COCO_val2014_000000516414.jpg,Is there a car in the image?,yes,popular,car,کیا تصویر میں کوئی کار ہے؟
516414,COCO_val2014_000000516414.jpg,Is there a boat in the image?,yes,popular,boat,کیا تصویر میں کوئی کشتی ہے؟
516414,COCO_val2014_000000516414.jpg,Is there a chair in the image?,no,popular,chair,کیا تصویر میں کرسی ہے؟
516414,COCO_val2014_000000516414.jpg,Is there a book in the image?,no,popular,book,کیا تصویر میں کوئی کتاب ہے؟
516414,COCO_val2014_000000516414.jpg,Is there a bottle in the image?,no,popular,bottle,کیا تصویر میں کوئی بوتل ہے؟
516414,COCO_val2014_000000516414.jpg,Is there a boat in the image?,yes,adversarial,boat,کیا تصویر میں کوئی کشتی ہے؟
516414,COCO_val2014_000000516414.jpg,Is there a car in the image?,yes,adversarial,car,کیا تصویر میں کوئی کار ہے؟
516414,COCO_val2014_000000516414.jpg,Is there a person in the image?,yes,adversarial,person,کیا تصویر میں کوئی شخص ہے؟
516414,COCO_val2014_000000516414.jpg,Is there a chair in the image?,no,adversarial,chair,کیا تصویر میں کرسی ہے؟
516414,COCO_val2014_000000516414.jpg,Is there a book in the image?,no,adversarial,book,کیا تصویر میں کوئی کتاب ہے؟
516414,COCO_val2014_000000516414.jpg,Is there a bottle in the image?,no,adversarial,bottle,کیا تصویر میں کوئی بوتل ہے؟
443887,COCO_val2014_000000443887.jpg,Is there a cat in the image?,yes,random,cat,کیا تصویر میں بلی ہے؟
443887,COCO_val2014_000000443887.jpg,Is there a bowl in the image?,yes,random,bowl,کیا تصویر میں ایک پیالہ ہے؟
443887,COCO_val2014_000000443887.jpg,Is there a potted plant in the image?,yes,random,potted plant,کیا تصویر میں کوئی پودا ہے؟
443887,COCO_val2014_000000443887.jpg,Is there a truck in the image?,no,random,truck,کیا تصویر میں کوئی ٹرک ہے؟
443887,COCO_val2014_000000443887.jpg,Is there a train in the image?,no,random,train,کیا تصویر میں ٹرین ہے؟
443887,COCO_val2014_000000443887.jpg,Is there a teddy bear in the image?,no,random,teddy bear,کیا تصویر میں کوئی ٹیڈی بیر ہے؟
443887,COCO_val2014_000000443887.jpg,Is there a potted plant in the image?,yes,popular,potted plant,کیا تصویر میں کوئی پودا ہے؟
443887,COCO_val2014_000000443887.jpg,Is there a cat in the image?,yes,popular,cat,کیا تصویر میں بلی ہے؟
443887,COCO_val2014_000000443887.jpg,Is there a bowl in the image?,yes,popular,bowl,کیا تصویر میں ایک پیالہ ہے؟
443887,COCO_val2014_000000443887.jpg,Is there a person in the image?,no,popular,person,کیا تصویر میں کوئی شخص ہے؟
443887,COCO_val2014_000000443887.jpg,Is there a car in the image?,no,popular,car,کیا تصویر میں کوئی کار ہے؟
443887,COCO_val2014_000000443887.jpg,Is there a chair in the image?,no,popular,chair,کیا تصویر میں کرسی ہے؟
443887,COCO_val2014_000000443887.jpg,Is there a bowl in the image?,yes,adversarial,bowl,کیا تصویر میں ایک پیالہ ہے؟
443887,COCO_val2014_000000443887.jpg,Is there a cat in the image?,yes,adversarial,cat,کیا تصویر میں بلی ہے؟
443887,COCO_val2014_000000443887.jpg,Is there a potted plant in the image?,yes,adversarial,potted plant,کیا تصویر میں کوئی پودا ہے؟
443887,COCO_val2014_000000443887.jpg,Is there a person in the image?,no,adversarial,person,کیا تصویر میں کوئی شخص ہے؟
443887,COCO_val2014_000000443887.jpg,Is there a car in the image?,no,adversarial,car,کیا تصویر میں کوئی کار ہے؟
443887,COCO_val2014_000000443887.jpg,Is there a chair in the image?,no,adversarial,chair,کیا تصویر میں کرسی ہے؟
534827,COCO_val2014_000000534827.jpg,Is there a person in the image?,yes,random,person,کیا تصویر میں کوئی شخص ہے؟
534827,COCO_val2014_000000534827.jpg,Is there a motorcycle in the image?,yes,random,motorcycle,کیا تصویر میں کوئی موٹر سائیکل ہے؟
534827,COCO_val2014_000000534827.jpg,Is there a handbag in the image?,yes,random,handbag,کیا تصویر میں ہینڈ بیگ ہے؟
534827,COCO_val2014_000000534827.jpg,Is there a donut in the image?,no,random,donut,کیا تصویر میں ڈونٹ ہے؟
534827,COCO_val2014_000000534827.jpg,Is there a horse in the image?,no,random,horse,کیا تصویر میں گھوڑا ہے؟
534827,COCO_val2014_000000534827.jpg,Is there a vase in the image?,no,random,vase,کیا تصویر میں گلدان ہے؟
534827,COCO_val2014_000000534827.jpg,Is there a person in the image?,yes,popular,person,کیا تصویر میں کوئی شخص ہے؟
534827,COCO_val2014_000000534827.jpg,Is there a motorcycle in the image?,yes,popular,motorcycle,کیا تصویر میں کوئی موٹر سائیکل ہے؟
534827,COCO_val2014_000000534827.jpg,Is there a handbag in the image?,yes,popular,handbag,کیا تصویر میں ہینڈ بیگ ہے؟
534827,COCO_val2014_000000534827.jpg,Is there a car in the image?,no,popular,car,کیا تصویر میں کوئی کار ہے؟
534827,COCO_val2014_000000534827.jpg,Is there a chair in the image?,no,popular,chair,کیا تصویر میں کرسی ہے؟
534827,COCO_val2014_000000534827.jpg,Is there a book in the image?,no,popular,book,کیا تصویر میں کوئی کتاب ہے؟
534827,COCO_val2014_000000534827.jpg,Is there a handbag in the image?,yes,adversarial,handbag,کیا تصویر میں ہینڈ بیگ ہے؟
534827,COCO_val2014_000000534827.jpg,Is there a motorcycle in the image?,yes,adversarial,motorcycle,کیا تصویر میں کوئی موٹر سائیکل ہے؟
534827,COCO_val2014_000000534827.jpg,Is there a person in the image?,yes,adversarial,person,کیا تصویر میں کوئی شخص ہے؟
534827,COCO_val2014_000000534827.jpg,Is there a car in the image?,no,adversarial,car,کیا تصویر میں کوئی کار ہے؟
534827,COCO_val2014_000000534827.jpg,Is there a chair in the image?,no,adversarial,chair,کیا تصویر میں کرسی ہے؟
534827,COCO_val2014_000000534827.jpg,Is there a book in the image?,no,adversarial,book,کیا تصویر میں کوئی کتاب ہے؟
240950,COCO_val2014_000000240950.jpg,Is there a bench in the image?,yes,random,bench,کیا تصویر میں کوئی بینچ ہے؟
240950,COCO_val2014_000000240950.jpg,Is there a wine glass in the image?,yes,random,wine glass,کیا تصویر میں شراب کا گلاس ہے؟
240950,COCO_val2014_000000240950.jpg,Is there a cup in the image?,yes,random,cup,کیا تصویر میں کپ ہے؟
240950,COCO_val2014_000000240950.jpg,Is there a kite in the image?,no,random,kite,کیا تصویر میں پتنگ ہے؟
240950,COCO_val2014_000000240950.jpg,Is there a skateboard in the image?,no,random,skateboard,کیا تصویر میں اسکیٹ بورڈ ہے؟
240950,COCO_val2014_000000240950.jpg,Is there a tv in the image?,no,random,tv,کیا تصویر میں ٹی وی ہے؟
240950,COCO_val2014_000000240950.jpg,Is there a person in the image?,yes,popular,person,کیا تصویر میں کوئی شخص ہے؟
240950,COCO_val2014_000000240950.jpg,Is there a wine glass in the image?,yes,popular,wine glass,کیا تصویر میں شراب کا گلاس ہے؟
240950,COCO_val2014_000000240950.jpg,Is there a knife in the image?,yes,popular,knife,کیا تصویر میں چاقو ہے؟
240950,COCO_val2014_000000240950.jpg,Is there a car in the image?,no,popular,car,کیا تصویر میں کوئی کار ہے؟
240950,COCO_val2014_000000240950.jpg,Is there a book in the image?,no,popular,book,کیا تصویر میں کوئی کتاب ہے؟
240950,COCO_val2014_000000240950.jpg,Is there a traffic light in the image?,no,popular,traffic light,کیا تصویر میں ٹریفک لائٹ ہے؟
240950,COCO_val2014_000000240950.jpg,Is there a truck in the image?,yes,adversarial,truck,کیا تصویر میں کوئی ٹرک ہے؟
240950,COCO_val2014_000000240950.jpg,Is there a cup in the image?,yes,adversarial,cup,کیا تصویر میں کپ ہے؟
240950,COCO_val2014_000000240950.jpg,Is there a broccoli in the image?,yes,adversarial,broccoli,کیا تصویر میں بروکولی ہے؟
240950,COCO_val2014_000000240950.jpg,Is there a car in the image?,no,adversarial,car,کیا تصویر میں کوئی کار ہے؟
240950,COCO_val2014_000000240950.jpg,Is there a book in the image?,no,adversarial,book,کیا تصویر میں کوئی کتاب ہے؟
240950,COCO_val2014_000000240950.jpg,Is there a traffic light in the image?,no,adversarial,traffic light,کیا تصویر میں ٹریفک لائٹ ہے؟
332625,COCO_val2014_000000332625.jpg,Is there a person in the image?,yes,random,person,کیا تصویر میں کوئی شخص ہے؟
332625,COCO_val2014_000000332625.jpg,Is there a tv in the image?,yes,random,tv,کیا تصویر میں ٹی وی ہے؟
332625,COCO_val2014_000000332625.jpg,Is there a chair in the image?,yes,random,chair,کیا تصویر میں کرسی ہے؟
332625,COCO_val2014_000000332625.jpg,Is there a fire hydrant in the image?,no,random,fire hydrant,کیا تصویر میں فائر ہائیڈرنٹ ہے؟
332625,COCO_val2014_000000332625.jpg,Is there a sink in the image?,no,random,sink,کیا تصویر میں کوئی سنک ہے؟
332625,COCO_val2014_000000332625.jpg,Is there a suitcase in the image?,no,random,suitcase,کیا تصویر میں کوئی سوٹ کیس ہے؟
332625,COCO_val2014_000000332625.jpg,Is there a chair in the image?,yes,popular,chair,کیا تصویر میں کرسی ہے؟
332625,COCO_val2014_000000332625.jpg,Is there a tv in the image?,yes,popular,tv,کیا تصویر میں ٹی وی ہے؟
332625,COCO_val2014_000000332625.jpg,Is there a person in the image?,yes,popular,person,کیا تصویر میں کوئی شخص ہے؟
332625,COCO_val2014_000000332625.jpg,Is there a car in the image?,no,popular,car,کیا تصویر میں کوئی کار ہے؟
332625,COCO_val2014_000000332625.jpg,Is there a book in the image?,no,popular,book,کیا تصویر میں کوئی کتاب ہے؟
332625,COCO_val2014_000000332625.jpg,Is there a bottle in the image?,no,popular,bottle,کیا تصویر میں کوئی بوتل ہے؟
332625,COCO_val2014_000000332625.jpg,Is there a tv in the image?,yes,adversarial,tv,کیا تصویر میں ٹی وی ہے؟
332625,COCO_val2014_000000332625.jpg,Is there a person in the image?,yes,adversarial,person,کیا تصویر میں کوئی شخص ہے؟
332625,COCO_val2014_000000332625.jpg,Is there a chair in the image?,yes,adversarial,chair,کیا تصویر میں کرسی ہے؟
332625,COCO_val2014_000000332625.jpg,Is there a car in the image?,no,adversarial,car,کیا تصویر میں کوئی کار ہے؟
332625,COCO_val2014_000000332625.jpg,Is there a book in the image?,no,adversarial,book,کیا تصویر میں کوئی کتاب ہے؟
332625,COCO_val2014_000000332625.jpg,Is there a bottle in the image?,no,adversarial,bottle,کیا تصویر میں کوئی بوتل ہے؟
526418,COCO_val2014_000000526418.jpg,Is there a book in the image?,yes,random,book,کیا تصویر میں کوئی کتاب ہے؟
526418,COCO_val2014_000000526418.jpg,Is there a chair in the image?,yes,random,chair,کیا تصویر میں کرسی ہے؟
526418,COCO_val2014_000000526418.jpg,Is there a teddy bear in the image?,yes,random,teddy bear,کیا تصویر میں کوئی ٹیڈی بیر ہے؟
526418,COCO_val2014_000000526418.jpg,Is there a couch in the image?,no,random,couch,کیا تصویر میں صوفہ ہے؟
526418,COCO_val2014_000000526418.jpg,Is there a toaster in the image?,no,random,toaster,کیا تصویر میں ٹوسٹر ہے؟
526418,COCO_val2014_000000526418.jpg,Is there a tennis racket in the image?,no,random,tennis racket,کیا تصویر میں ٹینس ریکیٹ ہے؟
526418,COCO_val2014_000000526418.jpg,Is there a chair in the image?,yes,popular,chair,کیا تصویر میں کرسی ہے؟
526418,COCO_val2014_000000526418.jpg,Is there a teddy bear in the image?,yes,popular,teddy bear,کیا تصویر میں کوئی ٹیڈی بیر ہے؟
526418,COCO_val2014_000000526418.jpg,Is there a book in the image?,yes,popular,book,کیا تصویر میں کوئی کتاب ہے؟
526418,COCO_val2014_000000526418.jpg,Is there a person in the image?,no,popular,person,کیا تصویر میں کوئی شخص ہے؟
526418,COCO_val2014_000000526418.jpg,Is there a car in the image?,no,popular,car,کیا تصویر میں کوئی کار ہے؟
526418,COCO_val2014_000000526418.jpg,Is there a bottle in the image?,no,popular,bottle,کیا تصویر میں کوئی بوتل ہے؟
526418,COCO_val2014_000000526418.jpg,Is there a chair in the image?,yes,adversarial,chair,کیا تصویر میں کرسی ہے؟
526418,COCO_val2014_000000526418.jpg,Is there a teddy bear in the image?,yes,adversarial,teddy bear,کیا تصویر میں کوئی ٹیڈی بیر ہے؟
526418,COCO_val2014_000000526418.jpg,Is there a book in the image?,yes,adversarial,book,کیا تصویر میں کوئی کتاب ہے؟
526418,COCO_val2014_000000526418.jpg,Is there a person in the image?,no,adversarial,person,کیا تصویر میں کوئی شخص ہے؟
526418,COCO_val2014_000000526418.jpg,Is there a car in the image?,no,adversarial,car,کیا تصویر میں کوئی کار ہے؟
526418,COCO_val2014_000000526418.jpg,Is there a bottle in the image?,no,adversarial,bottle,کیا تصویر میں کوئی بوتل ہے؟
279549,COCO_val2014_000000279549.jpg,Is there a tennis racket in the image?,yes,random,tennis racket,کیا تصویر میں ٹینس ریکیٹ ہے؟
279549,COCO_val2014_000000279549.jpg,Is there a person in the image?,yes,random,person,کیا تصویر میں کوئی شخص ہے؟
279549,COCO_val2014_000000279549.jpg,Is there a sports ball in the image?,yes,random,sports ball,کیا تصویر میں کھیلوں کی گیند ہے؟
279549,COCO_val2014_000000279549.jpg,Is there a book in the image?,no,random,book,کیا تصویر میں کوئی کتاب ہے؟
279549,COCO_val2014_000000279549.jpg,Is there a elephant in the image?,no,random,elephant,کیا تصویر میں ہاتھی ہے؟
279549,COCO_val2014_000000279549.jpg,Is there a skateboard in the image?,no,random,skateboard,کیا تصویر میں اسکیٹ بورڈ ہے؟
279549,COCO_val2014_000000279549.jpg,Is there a tennis racket in the image?,yes,popular,tennis racket,کیا تصویر میں ٹینس ریکیٹ ہے؟
279549,COCO_val2014_000000279549.jpg,Is there a person in the image?,yes,popular,person,کیا تصویر میں کوئی شخص ہے؟
279549,COCO_val2014_000000279549.jpg,Is there a sports ball in the image?,yes,popular,sports ball,کیا تصویر میں کھیلوں کی گیند ہے؟
279549,COCO_val2014_000000279549.jpg,Is there a car in the image?,no,popular,car,کیا تصویر میں کوئی کار ہے؟
279549,COCO_val2014_000000279549.jpg,Is there a chair in the image?,no,popular,chair,کیا تصویر میں کرسی ہے؟
279549,COCO_val2014_000000279549.jpg,Is there a book in the image?,no,popular,book,کیا تصویر میں کوئی کتاب ہے؟
279549,COCO_val2014_000000279549.jpg,Is there a person in the image?,yes,adversarial,person,کیا تصویر میں کوئی شخص ہے؟
279549,COCO_val2014_000000279549.jpg,Is there a tennis racket in the image?,yes,adversarial,tennis racket,کیا تصویر میں ٹینس ریکیٹ ہے؟
279549,COCO_val2014_000000279549.jpg,Is there a sports ball in the image?,yes,adversarial,sports ball,کیا تصویر میں کھیلوں کی گیند ہے؟
279549,COCO_val2014_000000279549.jpg,Is there a car in the image?,no,adversarial,car,کیا تصویر میں کوئی کار ہے؟
279549,COCO_val2014_000000279549.jpg,Is there a chair in the image?,no,adversarial,chair,کیا تصویر میں کرسی ہے؟
279549,COCO_val2014_000000279549.jpg,Is there a book in the image?,no,adversarial,book,کیا تصویر میں کوئی کتاب ہے؟
252625,COCO_val2014_000000252625.jpg,Is there a potted plant in the image?,yes,random,potted plant,کیا تصویر میں کوئی پودا ہے؟
252625,COCO_val2014_000000252625.jpg,Is there a person in the image?,yes,random,person,کیا تصویر میں کوئی شخص ہے؟
252625,COCO_val2014_000000252625.jpg,Is there a traffic light in the image?,yes,random,traffic light,کیا تصویر میں ٹریفک لائٹ ہے؟
252625,COCO_val2014_000000252625.jpg,Is there a couch in the image?,no,random,couch,کیا تصویر میں صوفہ ہے؟
252625,COCO_val2014_000000252625.jpg,Is there a tennis racket in the image?,no,random,tennis racket,کیا تصویر میں ٹینس ریکیٹ ہے؟
252625,COCO_val2014_000000252625.jpg,Is there a truck in the image?,no,random,truck,کیا تصویر میں کوئی ٹرک ہے؟
252625,COCO_val2014_000000252625.jpg,Is there a person in the image?,yes,popular,person,کیا تصویر میں کوئی شخص ہے؟
252625,COCO_val2014_000000252625.jpg,Is there a bicycle in the image?,yes,popular,bicycle,کیا تصویر میں کوئی سائیکل ہے؟
252625,COCO_val2014_000000252625.jpg,Is there a traffic light in the image?,yes,popular,traffic light,کیا تصویر میں ٹریفک لائٹ ہے؟
252625,COCO_val2014_000000252625.jpg,Is there a car in the image?,no,popular,car,کیا تصویر میں کوئی کار ہے؟
252625,COCO_val2014_000000252625.jpg,Is there a chair in the image?,no,popular,chair,کیا تصویر میں کرسی ہے؟
252625,COCO_val2014_000000252625.jpg,Is there a book in the image?,no,popular,book,کیا تصویر میں کوئی کتاب ہے؟
252625,COCO_val2014_000000252625.jpg,Is there a potted plant in the image?,yes,adversarial,potted plant,کیا تصویر میں کوئی پودا ہے؟
252625,COCO_val2014_000000252625.jpg,Is there a person in the image?,yes,adversarial,person,کیا تصویر میں کوئی شخص ہے؟
252625,COCO_val2014_000000252625.jpg,Is there a bicycle in the image?,yes,adversarial,bicycle,کیا تصویر میں کوئی سائیکل ہے؟
252625,COCO_val2014_000000252625.jpg,Is there a car in the image?,no,adversarial,car,کیا تصویر میں کوئی کار ہے؟
252625,COCO_val2014_000000252625.jpg,Is there a chair in the image?,no,adversarial,chair,کیا تصویر میں کرسی ہے؟
252625,COCO_val2014_000000252625.jpg,Is there a book in the image?,no,adversarial,book,کیا تصویر میں کوئی کتاب ہے؟
17244,COCO_val2014_000000017244.jpg,Is there a bus in the image?,yes,random,bus,کیا تصویر میں بس ہے؟
17244,COCO_val2014_000000017244.jpg,Is there a bicycle in the image?,yes,random,bicycle,کیا تصویر میں کوئی سائیکل ہے؟
17244,COCO_val2014_000000017244.jpg,Is there a person in the image?,yes,random,person,کیا تصویر میں کوئی شخص ہے؟
17244,COCO_val2014_000000017244.jpg,Is there a horse in the image?,no,random,horse,کیا تصویر میں گھوڑا ہے؟
17244,COCO_val2014_000000017244.jpg,Is there a parking meter in the image?,no,random,parking meter,کیا تصویر میں پارکنگ میٹر ہے؟
17244,COCO_val2014_000000017244.jpg,Is there a zebra in the image?,no,random,zebra,کیا تصویر میں زیبرا ہے؟
17244,COCO_val2014_000000017244.jpg,Is there a bus in the image?,yes,popular,bus,کیا تصویر میں بس ہے؟
17244,COCO_val2014_000000017244.jpg,Is there a person in the image?,yes,popular,person,کیا تصویر میں کوئی شخص ہے؟
17244,COCO_val2014_000000017244.jpg,Is there a bicycle in the image?,yes,popular,bicycle,کیا تصویر میں کوئی سائیکل ہے؟
17244,COCO_val2014_000000017244.jpg,Is there a car in the image?,no,popular,car,کیا تصویر میں کوئی کار ہے؟
17244,COCO_val2014_000000017244.jpg,Is there a chair in the image?,no,popular,chair,کیا تصویر میں کرسی ہے؟
17244,COCO_val2014_000000017244.jpg,Is there a book in the image?,no,popular,book,کیا تصویر میں کوئی کتاب ہے؟
17244,COCO_val2014_000000017244.jpg,Is there a bus in the image?,yes,adversarial,bus,کیا تصویر میں بس ہے؟
17244,COCO_val2014_000000017244.jpg,Is there a person in the image?,yes,adversarial,person,کیا تصویر میں کوئی شخص ہے؟
17244,COCO_val2014_000000017244.jpg,Is there a bicycle in the image?,yes,adversarial,bicycle,کیا تصویر میں کوئی سائیکل ہے؟
17244,COCO_val2014_000000017244.jpg,Is there a car in the image?,no,adversarial,car,کیا تصویر میں کوئی کار ہے؟
17244,COCO_val2014_000000017244.jpg,Is there a chair in the image?,no,adversarial,chair,کیا تصویر میں کرسی ہے؟
17244,COCO_val2014_000000017244.jpg,Is there a book in the image?,no,adversarial,book,کیا تصویر میں کوئی کتاب ہے؟
283498,COCO_val2014_000000283498.jpg,Is there a car in the image?,yes,random,car,کیا تصویر میں کوئی کار ہے؟
283498,COCO_val2014_000000283498.jpg,Is there a person in the image?,yes,random,person,کیا تصویر میں کوئی شخص ہے؟
283498,COCO_val2014_000000283498.jpg,Is there a airplane in the image?,yes,random,airplane,کیا تصویر میں ہوائی جہاز ہے؟
283498,COCO_val2014_000000283498.jpg,Is there a broccoli in the image?,no,random,broccoli,کیا تصویر میں بروکولی ہے؟
283498,COCO_val2014_000000283498.jpg,Is there a traffic light in the image?,no,random,traffic light,کیا تصویر میں ٹریفک لائٹ ہے؟
283498,COCO_val2014_000000283498.jpg,Is there a orange in the image?,no,random,orange,کیا تصویر میں نارنجی ہے؟
283498,COCO_val2014_000000283498.jpg,Is there a car in the image?,yes,popular,car,کیا تصویر میں کوئی کار ہے؟
283498,COCO_val2014_000000283498.jpg,Is there a truck in the image?,yes,popular,truck,کیا تصویر میں کوئی ٹرک ہے؟
283498,COCO_val2014_000000283498.jpg,Is there a person in the image?,yes,popular,person,کیا تصویر میں کوئی شخص ہے؟
283498,COCO_val2014_000000283498.jpg,Is there a chair in the image?,no,popular,chair,کیا تصویر میں کرسی ہے؟
283498,COCO_val2014_000000283498.jpg,Is there a book in the image?,no,popular,book,کیا تصویر میں کوئی کتاب ہے؟
283498,COCO_val2014_000000283498.jpg,Is there a bottle in the image?,no,popular,bottle,کیا تصویر میں کوئی بوتل ہے؟
283498,COCO_val2014_000000283498.jpg,Is there a person in the image?,yes,adversarial,person,کیا تصویر میں کوئی شخص ہے؟
283498,COCO_val2014_000000283498.jpg,Is there a car in the image?,yes,adversarial,car,کیا تصویر میں کوئی کار ہے؟
283498,COCO_val2014_000000283498.jpg,Is there a truck in the image?,yes,adversarial,truck,کیا تصویر میں کوئی ٹرک ہے؟
283498,COCO_val2014_000000283498.jpg,Is there a chair in the image?,no,adversarial,chair,کیا تصویر میں کرسی ہے؟
283498,COCO_val2014_000000283498.jpg,Is there a book in the image?,no,adversarial,book,کیا تصویر میں کوئی کتاب ہے؟
283498,COCO_val2014_000000283498.jpg,Is there a bottle in the image?,no,adversarial,bottle,کیا تصویر میں کوئی بوتل ہے؟
166979,COCO_val2014_000000166979.jpg,Is there a airplane in the image?,yes,random,airplane,کیا تصویر میں ہوائی جہاز ہے؟
166979,COCO_val2014_000000166979.jpg,Is there a boat in the image?,yes,random,boat,کیا تصویر میں کوئی کشتی ہے؟
166979,COCO_val2014_000000166979.jpg,Is there a person in the image?,yes,random,person,کیا تصویر میں کوئی شخص ہے؟
166979,COCO_val2014_000000166979.jpg,Is there a giraffe in the image?,no,random,giraffe,کیا تصویر میں زرافہ ہے؟
166979,COCO_val2014_000000166979.jpg,Is there a umbrella in the image?,no,random,umbrella,کیا تصویر میں چھتری ہے؟
166979,COCO_val2014_000000166979.jpg,Is there a cake in the image?,no,random,cake,کیا تصویر میں کیک ہے؟
166979,COCO_val2014_000000166979.jpg,Is there a boat in the image?,yes,popular,boat,کیا تصویر میں کوئی کشتی ہے؟
166979,COCO_val2014_000000166979.jpg,Is there a airplane in the image?,yes,popular,airplane,کیا تصویر میں ہوائی جہاز ہے؟
166979,COCO_val2014_000000166979.jpg,Is there a person in the image?,yes,popular,person,کیا تصویر میں کوئی شخص ہے؟
166979,COCO_val2014_000000166979.jpg,Is there a car in the image?,no,popular,car,کیا تصویر میں کوئی کار ہے؟
166979,COCO_val2014_000000166979.jpg,Is there a chair in the image?,no,popular,chair,کیا تصویر میں کرسی ہے؟
166979,COCO_val2014_000000166979.jpg,Is there a book in the image?,no,popular,book,کیا تصویر میں کوئی کتاب ہے؟
166979,COCO_val2014_000000166979.jpg,Is there a person in the image?,yes,adversarial,person,کیا تصویر میں کوئی شخص ہے؟
166979,COCO_val2014_000000166979.jpg,Is there a boat in the image?,yes,adversarial,boat,کیا تصویر میں کوئی کشتی ہے؟
166979,COCO_val2014_000000166979.jpg,Is there a airplane in the image?,yes,adversarial,airplane,کیا تصویر میں ہوائی جہاز ہے؟
166979,COCO_val2014_000000166979.jpg,Is there a car in the image?,no,adversarial,car,کیا تصویر میں کوئی کار ہے؟
166979,COCO_val2014_000000166979.jpg,Is there a chair in the image?,no,adversarial,chair,کیا تصویر میں کرسی ہے؟
166979,COCO_val2014_000000166979.jpg,Is there a book in the image?,no,adversarial,book,کیا تصویر میں کوئی کتاب ہے؟
502141,COCO_val2014_000000502141.jpg,Is there a dining table in the image?,yes,random,dining table,کیا تصویر میں کھانے کی میز ہے؟
502141,COCO_val2014_000000502141.jpg,Is there a umbrella in the image?,yes,random,umbrella,کیا تصویر میں چھتری ہے؟
502141,COCO_val2014_000000502141.jpg,Is there a chair in the image?,yes,random,chair,کیا تصویر میں کرسی ہے؟
502141,COCO_val2014_000000502141.jpg,Is there a airplane in the image?,no,random,airplane,کیا تصویر میں ہوائی جہاز ہے؟
502141,COCO_val2014_000000502141.jpg,Is there a laptop in the image?,no,random,laptop,کیا تصویر میں لیپ ٹاپ ہے؟
502141,COCO_val2014_000000502141.jpg,Is there a frisbee in the image?,no,random,frisbee,کیا تصویر میں فریسبی ہے؟
502141,COCO_val2014_000000502141.jpg,Is there a dining table in the image?,yes,popular,dining table,کیا تصویر میں کھانے کی میز ہے؟
502141,COCO_val2014_000000502141.jpg,Is there a chair in the image?,yes,popular,chair,کیا تصویر میں کرسی ہے؟
502141,COCO_val2014_000000502141.jpg,Is there a umbrella in the image?,yes,popular,umbrella,کیا تصویر میں چھتری ہے؟
502141,COCO_val2014_000000502141.jpg,Is there a person in the image?,no,popular,person,کیا تصویر میں کوئی شخص ہے؟
502141,COCO_val2014_000000502141.jpg,Is there a car in the image?,no,popular,car,کیا تصویر میں کوئی کار ہے؟
502141,COCO_val2014_000000502141.jpg,Is there a book in the image?,no,popular,book,کیا تصویر میں کوئی کتاب ہے؟
502141,COCO_val2014_000000502141.jpg,Is there a chair in the image?,yes,adversarial,chair,کیا تصویر میں کرسی ہے؟
502141,COCO_val2014_000000502141.jpg,Is there a dining table in the image?,yes,adversarial,dining table,کیا تصویر میں کھانے کی میز ہے؟
502141,COCO_val2014_000000502141.jpg,Is there a umbrella in the image?,yes,adversarial,umbrella,کیا تصویر میں چھتری ہے؟
502141,COCO_val2014_000000502141.jpg,Is there a person in the image?,no,adversarial,person,کیا تصویر میں کوئی شخص ہے؟
502141,COCO_val2014_000000502141.jpg,Is there a car in the image?,no,adversarial,car,کیا تصویر میں کوئی کار ہے؟
502141,COCO_val2014_000000502141.jpg,Is there a book in the image?,no,adversarial,book,کیا تصویر میں کوئی کتاب ہے؟
20481,COCO_val2014_000000020481.jpg,Is there a cup in the image?,yes,random,cup,کیا تصویر میں کپ ہے؟
20481,COCO_val2014_000000020481.jpg,Is there a laptop in the image?,yes,random,laptop,کیا تصویر میں لیپ ٹاپ ہے؟
20481,COCO_val2014_000000020481.jpg,Is there a mouse in the image?,yes,random,mouse,کیا تصویر میں کوئی چوہا ہے؟
20481,COCO_val2014_000000020481.jpg,Is there a hot dog in the image?,no,random,hot dog,کیا تصویر میں کوئی ہاٹ ڈاگ ہے؟
20481,COCO_val2014_000000020481.jpg,Is there a knife in the image?,no,random,knife,کیا تصویر میں چاقو ہے؟
20481,COCO_val2014_000000020481.jpg,Is there a baseball glove in the image?,no,random,baseball glove,کیا تصویر میں بیس بال کا دستانہ ہے؟
20481,COCO_val2014_000000020481.jpg,Is there a cup in the image?,yes,popular,cup,کیا تصویر میں کپ ہے؟
20481,COCO_val2014_000000020481.jpg,Is there a chair in the image?,yes,popular,chair,کیا تصویر میں کرسی ہے؟
20481,COCO_val2014_000000020481.jpg,Is there a laptop in the image?,yes,popular,laptop,کیا تصویر میں لیپ ٹاپ ہے؟
20481,COCO_val2014_000000020481.jpg,Is there a person in the image?,no,popular,person,کیا تصویر میں کوئی شخص ہے؟
20481,COCO_val2014_000000020481.jpg,Is there a car in the image?,no,popular,car,کیا تصویر میں کوئی کار ہے؟
20481,COCO_val2014_000000020481.jpg,Is there a book in the image?,no,popular,book,کیا تصویر میں کوئی کتاب ہے؟
20481,COCO_val2014_000000020481.jpg,Is there a mouse in the image?,yes,adversarial,mouse,کیا تصویر میں کوئی چوہا ہے؟
20481,COCO_val2014_000000020481.jpg,Is there a laptop in the image?,yes,adversarial,laptop,کیا تصویر میں لیپ ٹاپ ہے؟
20481,COCO_val2014_000000020481.jpg,Is there a chair in the image?,yes,adversarial,chair,کیا تصویر میں کرسی ہے؟
20481,COCO_val2014_000000020481.jpg,Is there a person in the image?,no,adversarial,person,کیا تصویر میں کوئی شخص ہے؟
20481,COCO_val2014_000000020481.jpg,Is there a car in the image?,no,adversarial,car,کیا تصویر میں کوئی کار ہے؟
20481,COCO_val2014_000000020481.jpg,Is there a book in the image?,no,adversarial,book,کیا تصویر میں کوئی کتاب ہے؟
210855,COCO_val2014_000000210855.jpg,Is there a sink in the image?,yes,random,sink,کیا تصویر میں کوئی سنک ہے؟
210855,COCO_val2014_000000210855.jpg,Is there a bottle in the image?,yes,random,bottle,کیا تصویر میں کوئی بوتل ہے؟
210855,COCO_val2014_000000210855.jpg,Is there a toilet in the image?,yes,random,toilet,کیا تصویر میں بیت الخلا ہے؟
210855,COCO_val2014_000000210855.jpg,Is there a zebra in the image?,no,random,zebra,کیا تصویر میں زیبرا ہے؟
210855,COCO_val2014_000000210855.jpg,Is there a hair drier in the image?,no,random,hair drier,کیا تصویر میں ہیئر ڈرائر ہے؟
210855,COCO_val2014_000000210855.jpg,Is there a kite in the image?,no,random,kite,کیا تصویر میں پتنگ ہے؟
210855,COCO_val2014_000000210855.jpg,Is there a sink in the image?,yes,popular,sink,کیا تصویر میں کوئی سنک ہے؟
210855,COCO_val2014_000000210855.jpg,Is there a bottle in the image?,yes,popular,bottle,کیا تصویر میں کوئی بوتل ہے؟
210855,COCO_val2014_000000210855.jpg,Is there a toilet in the image?,yes,popular,toilet,کیا تصویر میں بیت الخلا ہے؟
210855,COCO_val2014_000000210855.jpg,Is there a person in the image?,no,popular,person,کیا تصویر میں کوئی شخص ہے؟
210855,COCO_val2014_000000210855.jpg,Is there a car in the image?,no,popular,car,کیا تصویر میں کوئی کار ہے؟
210855,COCO_val2014_000000210855.jpg,Is there a chair in the image?,no,popular,chair,کیا تصویر میں کرسی ہے؟
210855,COCO_val2014_000000210855.jpg,Is there a vase in the image?,yes,adversarial,vase,کیا تصویر میں گلدان ہے؟
210855,COCO_val2014_000000210855.jpg,Is there a bottle in the image?,yes,adversarial,bottle,کیا تصویر میں کوئی بوتل ہے؟
210855,COCO_val2014_000000210855.jpg,Is there a toilet in the image?,yes,adversarial,toilet,کیا تصویر میں بیت الخلا ہے؟
210855,COCO_val2014_000000210855.jpg,Is there a person in the image?,no,adversarial,person,کیا تصویر میں کوئی شخص ہے؟
210855,COCO_val2014_000000210855.jpg,Is there a car in the image?,no,adversarial,car,کیا تصویر میں کوئی کار ہے؟
210855,COCO_val2014_000000210855.jpg,Is there a chair in the image?,no,adversarial,chair,کیا تصویر میں کرسی ہے؟
194716,COCO_val2014_000000194716.jpg,Is there a car in the image?,yes,random,car,کیا تصویر میں کوئی کار ہے؟
194716,COCO_val2014_000000194716.jpg,Is there a person in the image?,yes,random,person,کیا تصویر میں کوئی شخص ہے؟
194716,COCO_val2014_000000194716.jpg,Is there a cell phone in the image?,yes,random,cell phone,کیا تصویر میں سیل فون ہے؟
194716,COCO_val2014_000000194716.jpg,Is there a scissors in the image?,no,random,scissors,کیا تصویر میں قینچی ہے؟
194716,COCO_val2014_000000194716.jpg,Is there a handbag in the image?,no,random,handbag,کیا تصویر میں ہینڈ بیگ ہے؟
194716,COCO_val2014_000000194716.jpg,Is there a baseball bat in the image?,no,random,baseball bat,کیا تصویر میں بیس بال کا بیٹ ہے؟
194716,COCO_val2014_000000194716.jpg,Is there a person in the image?,yes,popular,person,کیا تصویر میں کوئی شخص ہے؟
194716,COCO_val2014_000000194716.jpg,Is there a car in the image?,yes,popular,car,کیا تصویر میں کوئی کار ہے؟
194716,COCO_val2014_000000194716.jpg,Is there a cell phone in the image?,yes,popular,cell phone,کیا تصویر میں سیل فون ہے؟
194716,COCO_val2014_000000194716.jpg,Is there a chair in the image?,no,popular,chair,کیا تصویر میں کرسی ہے؟
194716,COCO_val2014_000000194716.jpg,Is there a book in the image?,no,popular,book,کیا تصویر میں کوئی کتاب ہے؟
194716,COCO_val2014_000000194716.jpg,Is there a bottle in the image?,no,popular,bottle,کیا تصویر میں کوئی بوتل ہے؟
194716,COCO_val2014_000000194716.jpg,Is there a cell phone in the image?,yes,adversarial,cell phone,کیا تصویر میں سیل فون ہے؟
194716,COCO_val2014_000000194716.jpg,Is there a person in the image?,yes,adversarial,person,کیا تصویر میں کوئی شخص ہے؟
194716,COCO_val2014_000000194716.jpg,Is there a car in the image?,yes,adversarial,car,کیا تصویر میں کوئی کار ہے؟
194716,COCO_val2014_000000194716.jpg,Is there a chair in the image?,no,adversarial,chair,کیا تصویر میں کرسی ہے؟
194716,COCO_val2014_000000194716.jpg,Is there a book in the image?,no,adversarial,book,کیا تصویر میں کوئی کتاب ہے؟
194716,COCO_val2014_000000194716.jpg,Is there a bottle in the image?,no,adversarial,bottle,کیا تصویر میں کوئی بوتل ہے؟
42225,COCO_val2014_000000042225.jpg,Is there a frisbee in the image?,yes,random,frisbee,کیا تصویر میں فریسبی ہے؟
42225,COCO_val2014_000000042225.jpg,Is there a person in the image?,yes,random,person,کیا تصویر میں کوئی شخص ہے؟
42225,COCO_val2014_000000042225.jpg,Is there a car in the image?,yes,random,car,کیا تصویر میں کوئی کار ہے؟
42225,COCO_val2014_000000042225.jpg,Is there a spoon in the image?,no,random,spoon,کیا تصویر میں چمچ ہے؟
42225,COCO_val2014_000000042225.jpg,Is there a sheep in the image?,no,random,sheep,کیا تصویر میں بھیڑ ہے؟
42225,COCO_val2014_000000042225.jpg,Is there a fork in the image?,no,random,fork,کیا تصویر میں کانٹا ہے؟
42225,COCO_val2014_000000042225.jpg,Is there a dog in the image?,yes,popular,dog,کیا تصویر میں کتا ہے؟
42225,COCO_val2014_000000042225.jpg,Is there a frisbee in the image?,yes,popular,frisbee,کیا تصویر میں فریسبی ہے؟
42225,COCO_val2014_000000042225.jpg,Is there a car in the image?,yes,popular,car,کیا تصویر میں کوئی کار ہے؟
42225,COCO_val2014_000000042225.jpg,Is there a chair in the image?,no,popular,chair,کیا تصویر میں کرسی ہے؟
42225,COCO_val2014_000000042225.jpg,Is there a book in the image?,no,popular,book,کیا تصویر میں کوئی کتاب ہے؟
42225,COCO_val2014_000000042225.jpg,Is there a bottle in the image?,no,popular,bottle,کیا تصویر میں کوئی بوتل ہے؟
42225,COCO_val2014_000000042225.jpg,Is there a dog in the image?,yes,adversarial,dog,کیا تصویر میں کتا ہے؟
42225,COCO_val2014_000000042225.jpg,Is there a car in the image?,yes,adversarial,car,کیا تصویر میں کوئی کار ہے؟
42225,COCO_val2014_000000042225.jpg,Is there a frisbee in the image?,yes,adversarial,frisbee,کیا تصویر میں فریسبی ہے؟
42225,COCO_val2014_000000042225.jpg,Is there a chair in the image?,no,adversarial,chair,کیا تصویر میں کرسی ہے؟
42225,COCO_val2014_000000042225.jpg,Is there a book in the image?,no,adversarial,book,کیا تصویر میں کوئی کتاب ہے؟
42225,COCO_val2014_000000042225.jpg,Is there a bottle in the image?,no,adversarial,bottle,کیا تصویر میں کوئی بوتل ہے؟
197369,COCO_val2014_000000197369.jpg,Is there a refrigerator in the image?,yes,random,refrigerator,کیا تصویر میں ریفریجریٹر ہے؟
197369,COCO_val2014_000000197369.jpg,Is there a person in the image?,yes,random,person,کیا تصویر میں کوئی شخص ہے؟
197369,COCO_val2014_000000197369.jpg,Is there a bowl in the image?,yes,random,bowl,کیا تصویر میں ایک پیالہ ہے؟
197369,COCO_val2014_000000197369.jpg,Is there a carrot in the image?,no,random,carrot,کیا تصویر میں گاجر ہے؟
197369,COCO_val2014_000000197369.jpg,Is there a giraffe in the image?,no,random,giraffe,کیا تصویر میں زرافہ ہے؟
197369,COCO_val2014_000000197369.jpg,Is there a scissors in the image?,no,random,scissors,کیا تصویر میں قینچی ہے؟
197369,COCO_val2014_000000197369.jpg,Is there a bottle in the image?,yes,popular,bottle,کیا تصویر میں کوئی بوتل ہے؟
197369,COCO_val2014_000000197369.jpg,Is there a refrigerator in the image?,yes,popular,refrigerator,کیا تصویر میں ریفریجریٹر ہے؟
197369,COCO_val2014_000000197369.jpg,Is there a person in the image?,yes,popular,person,کیا تصویر میں کوئی شخص ہے؟
197369,COCO_val2014_000000197369.jpg,Is there a car in the image?,no,popular,car,کیا تصویر میں کوئی کار ہے؟
197369,COCO_val2014_000000197369.jpg,Is there a chair in the image?,no,popular,chair,کیا تصویر میں کرسی ہے؟
197369,COCO_val2014_000000197369.jpg,Is there a book in the image?,no,popular,book,کیا تصویر میں کوئی کتاب ہے؟
197369,COCO_val2014_000000197369.jpg,Is there a bottle in the image?,yes,adversarial,bottle,کیا تصویر میں کوئی بوتل ہے؟
197369,COCO_val2014_000000197369.jpg,Is there a refrigerator in the image?,yes,adversarial,refrigerator,کیا تصویر میں ریفریجریٹر ہے؟
197369,COCO_val2014_000000197369.jpg,Is there a person in the image?,yes,adversarial,person,کیا تصویر میں کوئی شخص ہے؟
197369,COCO_val2014_000000197369.jpg,Is there a car in the image?,no,adversarial,car,کیا تصویر میں کوئی کار ہے؟
197369,COCO_val2014_000000197369.jpg,Is there a chair in the image?,no,adversarial,chair,کیا تصویر میں کرسی ہے؟
197369,COCO_val2014_000000197369.jpg,Is there a book in the image?,no,adversarial,book,کیا تصویر میں کوئی کتاب ہے؟
398798,COCO_val2014_000000398798.jpg,Is there a tennis racket in the image?,yes,random,tennis racket,کیا تصویر میں ٹینس ریکیٹ ہے؟
398798,COCO_val2014_000000398798.jpg,Is there a sports ball in the image?,yes,random,sports ball,کیا تصویر میں کھیلوں کی گیند ہے؟
398798,COCO_val2014_000000398798.jpg,Is there a person in the image?,yes,random,person,کیا تصویر میں کوئی شخص ہے؟
398798,COCO_val2014_000000398798.jpg,Is there a bed in the image?,no,random,bed,کیا تصویر میں کوئی بستر ہے؟
398798,COCO_val2014_000000398798.jpg,Is there a suitcase in the image?,no,random,suitcase,کیا تصویر میں کوئی سوٹ کیس ہے؟
398798,COCO_val2014_000000398798.jpg,Is there a microwave in the image?,no,random,microwave,کیا تصویر میں مائکروویو ہے؟
398798,COCO_val2014_000000398798.jpg,Is there a tennis racket in the image?,yes,popular,tennis racket,کیا تصویر میں ٹینس ریکیٹ ہے؟
398798,COCO_val2014_000000398798.jpg,Is there a person in the image?,yes,popular,person,کیا تصویر میں کوئی شخص ہے؟
398798,COCO_val2014_000000398798.jpg,Is there a sports ball in the image?,yes,popular,sports ball,کیا تصویر میں کھیلوں کی گیند ہے؟
398798,COCO_val2014_000000398798.jpg,Is there a car in the image?,no,popular,car,کیا تصویر میں کوئی کار ہے؟
398798,COCO_val2014_000000398798.jpg,Is there a chair in the image?,no,popular,chair,کیا تصویر میں کرسی ہے؟
398798,COCO_val2014_000000398798.jpg,Is there a book in the image?,no,popular,book,کیا تصویر میں کوئی کتاب ہے؟
398798,COCO_val2014_000000398798.jpg,Is there a tennis racket in the image?,yes,adversarial,tennis racket,کیا تصویر میں ٹینس ریکیٹ ہے؟
398798,COCO_val2014_000000398798.jpg,Is there a sports ball in the image?,yes,adversarial,sports ball,کیا تصویر میں کھیلوں کی گیند ہے؟
398798,COCO_val2014_000000398798.jpg,Is there a person in the image?,yes,adversarial,person,کیا تصویر میں کوئی شخص ہے؟
398798,COCO_val2014_000000398798.jpg,Is there a car in the image?,no,adversarial,car,کیا تصویر میں کوئی کار ہے؟
398798,COCO_val2014_000000398798.jpg,Is there a chair in the image?,no,adversarial,chair,کیا تصویر میں کرسی ہے؟
398798,COCO_val2014_000000398798.jpg,Is there a book in the image?,no,adversarial,book,کیا تصویر میں کوئی کتاب ہے؟
268854,COCO_val2014_000000268854.jpg,Is there a boat in the image?,yes,random,boat,کیا تصویر میں کوئی کشتی ہے؟
268854,COCO_val2014_000000268854.jpg,Is there a person in the image?,yes,random,person,کیا تصویر میں کوئی شخص ہے؟
268854,COCO_val2014_000000268854.jpg,Is there a handbag in the image?,yes,random,handbag,کیا تصویر میں ہینڈ بیگ ہے؟
268854,COCO_val2014_000000268854.jpg,Is there a suitcase in the image?,no,random,suitcase,کیا تصویر میں کوئی سوٹ کیس ہے؟
268854,COCO_val2014_000000268854.jpg,Is there a elephant in the image?,no,random,elephant,کیا تصویر میں ہاتھی ہے؟
268854,COCO_val2014_000000268854.jpg,Is there a airplane in the image?,no,random,airplane,کیا تصویر میں ہوائی جہاز ہے؟
268854,COCO_val2014_000000268854.jpg,Is there a boat in the image?,yes,popular,boat,کیا تصویر میں کوئی کشتی ہے؟
268854,COCO_val2014_000000268854.jpg,Is there a handbag in the image?,yes,popular,handbag,کیا تصویر میں ہینڈ بیگ ہے؟
268854,COCO_val2014_000000268854.jpg,Is there a person in the image?,yes,popular,person,کیا تصویر میں کوئی شخص ہے؟
268854,COCO_val2014_000000268854.jpg,Is there a car in the image?,no,popular,car,کیا تصویر میں کوئی کار ہے؟
268854,COCO_val2014_000000268854.jpg,Is there a chair in the image?,no,popular,chair,کیا تصویر میں کرسی ہے؟
268854,COCO_val2014_000000268854.jpg,Is there a book in the image?,no,popular,book,کیا تصویر میں کوئی کتاب ہے؟
268854,COCO_val2014_000000268854.jpg,Is there a handbag in the image?,yes,adversarial,handbag,کیا تصویر میں ہینڈ بیگ ہے؟
268854,COCO_val2014_000000268854.jpg,Is there a boat in the image?,yes,adversarial,boat,کیا تصویر میں کوئی کشتی ہے؟
268854,COCO_val2014_000000268854.jpg,Is there a person in the image?,yes,adversarial,person,کیا تصویر میں کوئی شخص ہے؟
268854,COCO_val2014_000000268854.jpg,Is there a car in the image?,no,adversarial,car,کیا تصویر میں کوئی کار ہے؟
268854,COCO_val2014_000000268854.jpg,Is there a chair in the image?,no,adversarial,chair,کیا تصویر میں کرسی ہے؟
268854,COCO_val2014_000000268854.jpg,Is there a book in the image?,no,adversarial,book,کیا تصویر میں کوئی کتاب ہے؟
275657,COCO_val2014_000000275657.jpg,Is there a knife in the image?,yes,random,knife,کیا تصویر میں چاقو ہے؟
275657,COCO_val2014_000000275657.jpg,Is there a fork in the image?,yes,random,fork,کیا تصویر میں کانٹا ہے؟
275657,COCO_val2014_000000275657.jpg,Is there a cup in the image?,yes,random,cup,کیا تصویر میں کپ ہے؟
275657,COCO_val2014_000000275657.jpg,Is there a umbrella in the image?,no,random,umbrella,کیا تصویر میں چھتری ہے؟
275657,COCO_val2014_000000275657.jpg,Is there a cake in the image?,no,random,cake,کیا تصویر میں کیک ہے؟
275657,COCO_val2014_000000275657.jpg,Is there a toaster in the image?,no,random,toaster,کیا تصویر میں ٹوسٹر ہے؟
275657,COCO_val2014_000000275657.jpg,Is there a knife in the image?,yes,popular,knife,کیا تصویر میں چاقو ہے؟
275657,COCO_val2014_000000275657.jpg,Is there a person in the image?,yes,popular,person,کیا تصویر میں کوئی شخص ہے؟
275657,COCO_val2014_000000275657.jpg,Is there a fork in the image?,yes,popular,fork,کیا تصویر میں کانٹا ہے؟
275657,COCO_val2014_000000275657.jpg,Is there a car in the image?,no,popular,car,کیا تصویر میں کوئی کار ہے؟
275657,COCO_val2014_000000275657.jpg,Is there a chair in the image?,no,popular,chair,کیا تصویر میں کرسی ہے؟
275657,COCO_val2014_000000275657.jpg,Is there a book in the image?,no,popular,book,کیا تصویر میں کوئی کتاب ہے؟
275657,COCO_val2014_000000275657.jpg,Is there a fork in the image?,yes,adversarial,fork,کیا تصویر میں کانٹا ہے؟
275657,COCO_val2014_000000275657.jpg,Is there a wine glass in the image?,yes,adversarial,wine glass,کیا تصویر میں شراب کا گلاس ہے؟
275657,COCO_val2014_000000275657.jpg,Is there a dining table in the image?,yes,adversarial,dining table,کیا تصویر میں کھانے کی میز ہے؟
275657,COCO_val2014_000000275657.jpg,Is there a car in the image?,no,adversarial,car,کیا تصویر میں کوئی کار ہے؟
275657,COCO_val2014_000000275657.jpg,Is there a chair in the image?,no,adversarial,chair,کیا تصویر میں کرسی ہے؟
275657,COCO_val2014_000000275657.jpg,Is there a book in the image?,no,adversarial,book,کیا تصویر میں کوئی کتاب ہے؟
536403,COCO_val2014_000000536403.jpg,Is there a hot dog in the image?,yes,random,hot dog,کیا تصویر میں کوئی ہاٹ ڈاگ ہے؟
536403,COCO_val2014_000000536403.jpg,Is there a dining table in the image?,yes,random,dining table,کیا تصویر میں کھانے کی میز ہے؟
536403,COCO_val2014_000000536403.jpg,Is there a laptop in the image?,yes,random,laptop,کیا تصویر میں لیپ ٹاپ ہے؟
536403,COCO_val2014_000000536403.jpg,Is there a zebra in the image?,no,random,zebra,کیا تصویر میں زیبرا ہے؟
536403,COCO_val2014_000000536403.jpg,Is there a toaster in the image?,no,random,toaster,کیا تصویر میں ٹوسٹر ہے؟
536403,COCO_val2014_000000536403.jpg,Is there a tv in the image?,no,random,tv,کیا تصویر میں ٹی وی ہے؟
536403,COCO_val2014_000000536403.jpg,Is there a hot dog in the image?,yes,popular,hot dog,کیا تصویر میں کوئی ہاٹ ڈاگ ہے؟
536403,COCO_val2014_000000536403.jpg,Is there a sandwich in the image?,yes,popular,sandwich,کیا تصویر میں کوئی سینڈوچ ہے؟
536403,COCO_val2014_000000536403.jpg,Is there a laptop in the image?,yes,popular,laptop,کیا تصویر میں لیپ ٹاپ ہے؟
536403,COCO_val2014_000000536403.jpg,Is there a person in the image?,no,popular,person,کیا تصویر میں کوئی شخص ہے؟
536403,COCO_val2014_000000536403.jpg,Is there a car in the image?,no,popular,car,کیا تصویر میں کوئی کار ہے؟
536403,COCO_val2014_000000536403.jpg,Is there a chair in the image?,no,popular,chair,کیا تصویر میں کرسی ہے؟
536403,COCO_val2014_000000536403.jpg,Is there a hot dog in the image?,yes,adversarial,hot dog,کیا تصویر میں کوئی ہاٹ ڈاگ ہے؟
536403,COCO_val2014_000000536403.jpg,Is there a dining table in the image?,yes,adversarial,dining table,کیا تصویر میں کھانے کی میز ہے؟
536403,COCO_val2014_000000536403.jpg,Is there a laptop in the image?,yes,adversarial,laptop,کیا تصویر میں لیپ ٹاپ ہے؟
536403,COCO_val2014_000000536403.jpg,Is there a person in the image?,no,adversarial,person,کیا تصویر میں کوئی شخص ہے؟
536403,COCO_val2014_000000536403.jpg,Is there a car in the image?,no,adversarial,car,کیا تصویر میں کوئی کار ہے؟
536403,COCO_val2014_000000536403.jpg,Is there a chair in the image?,no,adversarial,chair,کیا تصویر میں کرسی ہے؟
412419,COCO_val2014_000000412419.jpg,Is there a baseball bat in the image?,yes,random,baseball bat,کیا تصویر میں بیس بال کا بیٹ ہے؟
412419,COCO_val2014_000000412419.jpg,Is there a sports ball in the image?,yes,random,sports ball,کیا تصویر میں کھیلوں کی گیند ہے؟
412419,COCO_val2014_000000412419.jpg,Is there a baseball glove in the image?,yes,random,baseball glove,کیا تصویر میں بیس بال کا دستانہ ہے؟
412419,COCO_val2014_000000412419.jpg,Is there a dining table in the image?,no,random,dining table,کیا تصویر میں کھانے کی میز ہے؟
412419,COCO_val2014_000000412419.jpg,Is there a microwave in the image?,no,random,microwave,کیا تصویر میں مائکروویو ہے؟
412419,COCO_val2014_000000412419.jpg,Is there a potted plant in the image?,no,random,potted plant,کیا تصویر میں کوئی پودا ہے؟
412419,COCO_val2014_000000412419.jpg,Is there a baseball bat in the image?,yes,popular,baseball bat,کیا تصویر میں بیس بال کا بیٹ ہے؟
412419,COCO_val2014_000000412419.jpg,Is there a person in the image?,yes,popular,person,کیا تصویر میں کوئی شخص ہے؟
412419,COCO_val2014_000000412419.jpg,Is there a baseball glove in the image?,yes,popular,baseball glove,کیا تصویر میں بیس بال کا دستانہ ہے؟
412419,COCO_val2014_000000412419.jpg,Is there a car in the image?,no,popular,car,کیا تصویر میں کوئی کار ہے؟
412419,COCO_val2014_000000412419.jpg,Is there a chair in the image?,no,popular,chair,کیا تصویر میں کرسی ہے؟
412419,COCO_val2014_000000412419.jpg,Is there a book in the image?,no,popular,book,کیا تصویر میں کوئی کتاب ہے؟
412419,COCO_val2014_000000412419.jpg,Is there a baseball bat in the image?,yes,adversarial,baseball bat,کیا تصویر میں بیس بال کا بیٹ ہے؟
412419,COCO_val2014_000000412419.jpg,Is there a baseball glove in the image?,yes,adversarial,baseball glove,کیا تصویر میں بیس بال کا دستانہ ہے؟
412419,COCO_val2014_000000412419.jpg,Is there a person in the image?,yes,adversarial,person,کیا تصویر میں کوئی شخص ہے؟
412419,COCO_val2014_000000412419.jpg,Is there a car in the image?,no,adversarial,car,کیا تصویر میں کوئی کار ہے؟
412419,COCO_val2014_000000412419.jpg,Is there a chair in the image?,no,adversarial,chair,کیا تصویر میں کرسی ہے؟
412419,COCO_val2014_000000412419.jpg,Is there a book in the image?,no,adversarial,book,کیا تصویر میں کوئی کتاب ہے؟
207072,COCO_val2014_000000207072.jpg,Is there a potted plant in the image?,yes,random,potted plant,کیا تصویر میں کوئی پودا ہے؟
207072,COCO_val2014_000000207072.jpg,Is there a vase in the image?,yes,random,vase,کیا تصویر میں گلدان ہے؟
207072,COCO_val2014_000000207072.jpg,Is there a car in the image?,yes,random,car,کیا تصویر میں کوئی کار ہے؟
207072,COCO_val2014_000000207072.jpg,Is there a snowboard in the image?,no,random,snowboard,کیا تصویر میں سنو بورڈ ہے؟
207072,COCO_val2014_000000207072.jpg,Is there a skateboard in the image?,no,random,skateboard,کیا تصویر میں اسکیٹ بورڈ ہے؟
207072,COCO_val2014_000000207072.jpg,Is there a couch in the image?,no,random,couch,کیا تصویر میں صوفہ ہے؟
207072,COCO_val2014_000000207072.jpg,Is there a car in the image?,yes,popular,car,کیا تصویر میں کوئی کار ہے؟
207072,COCO_val2014_000000207072.jpg,Is there a vase in the image?,yes,popular,vase,کیا تصویر میں گلدان ہے؟
207072,COCO_val2014_000000207072.jpg,Is there a potted plant in the image?,yes,popular,potted plant,کیا تصویر میں کوئی پودا ہے؟
207072,COCO_val2014_000000207072.jpg,Is there a person in the image?,no,popular,person,کیا تصویر میں کوئی شخص ہے؟
207072,COCO_val2014_000000207072.jpg,Is there a chair in the image?,no,popular,chair,کیا تصویر میں کرسی ہے؟
207072,COCO_val2014_000000207072.jpg,Is there a book in the image?,no,popular,book,کیا تصویر میں کوئی کتاب ہے؟
207072,COCO_val2014_000000207072.jpg,Is there a vase in the image?,yes,adversarial,vase,کیا تصویر میں گلدان ہے؟
207072,COCO_val2014_000000207072.jpg,Is there a potted plant in the image?,yes,adversarial,potted plant,کیا تصویر میں کوئی پودا ہے؟
207072,COCO_val2014_000000207072.jpg,Is there a car in the image?,yes,adversarial,car,کیا تصویر میں کوئی کار ہے؟
207072,COCO_val2014_000000207072.jpg,Is there a person in the image?,no,adversarial,person,کیا تصویر میں کوئی شخص ہے؟
207072,COCO_val2014_000000207072.jpg,Is there a chair in the image?,no,adversarial,chair,کیا تصویر میں کرسی ہے؟
207072,COCO_val2014_000000207072.jpg,Is there a book in the image?,no,adversarial,book,کیا تصویر میں کوئی کتاب ہے؟
233727,COCO_val2014_000000233727.jpg,Is there a bus in the image?,yes,random,bus,کیا تصویر میں بس ہے؟
233727,COCO_val2014_000000233727.jpg,Is there a person in the image?,yes,random,person,کیا تصویر میں کوئی شخص ہے؟
233727,COCO_val2014_000000233727.jpg,Is there a bicycle in the image?,yes,random,bicycle,کیا تصویر میں کوئی سائیکل ہے؟
233727,COCO_val2014_000000233727.jpg,Is there a zebra in the image?,no,random,zebra,کیا تصویر میں زیبرا ہے؟
233727,COCO_val2014_000000233727.jpg,Is there a sports ball in the image?,no,random,sports ball,کیا تصویر میں کھیلوں کی گیند ہے؟
233727,COCO_val2014_000000233727.jpg,Is there a hot dog in the image?,no,random,hot dog,کیا تصویر میں کوئی ہاٹ ڈاگ ہے؟
233727,COCO_val2014_000000233727.jpg,Is there a bus in the image?,yes,popular,bus,کیا تصویر میں بس ہے؟
233727,COCO_val2014_000000233727.jpg,Is there a person in the image?,yes,popular,person,کیا تصویر میں کوئی شخص ہے؟
233727,COCO_val2014_000000233727.jpg,Is there a bicycle in the image?,yes,popular,bicycle,کیا تصویر میں کوئی سائیکل ہے؟
233727,COCO_val2014_000000233727.jpg,Is there a car in the image?,no,popular,car,کیا تصویر میں کوئی کار ہے؟
233727,COCO_val2014_000000233727.jpg,Is there a chair in the image?,no,popular,chair,کیا تصویر میں کرسی ہے؟
233727,COCO_val2014_000000233727.jpg,Is there a book in the image?,no,popular,book,کیا تصویر میں کوئی کتاب ہے؟
233727,COCO_val2014_000000233727.jpg,Is there a person in the image?,yes,adversarial,person,کیا تصویر میں کوئی شخص ہے؟
233727,COCO_val2014_000000233727.jpg,Is there a bicycle in the image?,yes,adversarial,bicycle,کیا تصویر میں کوئی سائیکل ہے؟
233727,COCO_val2014_000000233727.jpg,Is there a bus in the image?,yes,adversarial,bus,کیا تصویر میں بس ہے؟
233727,COCO_val2014_000000233727.jpg,Is there a car in the image?,no,adversarial,car,کیا تصویر میں کوئی کار ہے؟
233727,COCO_val2014_000000233727.jpg,Is there a chair in the image?,no,adversarial,chair,کیا تصویر میں کرسی ہے؟
233727,COCO_val2014_000000233727.jpg,Is there a book in the image?,no,adversarial,book,کیا تصویر میں کوئی کتاب ہے؟
497067,COCO_val2014_000000497067.jpg,Is there a sports ball in the image?,yes,random,sports ball,کیا تصویر میں کھیلوں کی گیند ہے؟
497067,COCO_val2014_000000497067.jpg,Is there a person in the image?,yes,random,person,کیا تصویر میں کوئی شخص ہے؟
497067,COCO_val2014_000000497067.jpg,Is there a car in the image?,yes,random,car,کیا تصویر میں کوئی کار ہے؟
497067,COCO_val2014_000000497067.jpg,Is there a couch in the image?,no,random,couch,کیا تصویر میں صوفہ ہے؟
497067,COCO_val2014_000000497067.jpg,Is there a fire hydrant in the image?,no,random,fire hydrant,کیا تصویر میں فائر ہائیڈرنٹ ہے؟
497067,COCO_val2014_000000497067.jpg,Is there a frisbee in the image?,no,random,frisbee,کیا تصویر میں فریسبی ہے؟
497067,COCO_val2014_000000497067.jpg,Is there a person in the image?,yes,popular,person,کیا تصویر میں کوئی شخص ہے؟
497067,COCO_val2014_000000497067.jpg,Is there a car in the image?,yes,popular,car,کیا تصویر میں کوئی کار ہے؟
497067,COCO_val2014_000000497067.jpg,Is there a truck in the image?,yes,popular,truck,کیا تصویر میں کوئی ٹرک ہے؟
497067,COCO_val2014_000000497067.jpg,Is there a chair in the image?,no,popular,chair,کیا تصویر میں کرسی ہے؟
497067,COCO_val2014_000000497067.jpg,Is there a book in the image?,no,popular,book,کیا تصویر میں کوئی کتاب ہے؟
497067,COCO_val2014_000000497067.jpg,Is there a bottle in the image?,no,popular,bottle,کیا تصویر میں کوئی بوتل ہے؟
497067,COCO_val2014_000000497067.jpg,Is there a person in the image?,yes,adversarial,person,کیا تصویر میں کوئی شخص ہے؟
497067,COCO_val2014_000000497067.jpg,Is there a car in the image?,yes,adversarial,car,کیا تصویر میں کوئی کار ہے؟
497067,COCO_val2014_000000497067.jpg,Is there a truck in the image?,yes,adversarial,truck,کیا تصویر میں کوئی ٹرک ہے؟
497067,COCO_val2014_000000497067.jpg,Is there a chair in the image?,no,adversarial,chair,کیا تصویر میں کرسی ہے؟
497067,COCO_val2014_000000497067.jpg,Is there a book in the image?,no,adversarial,book,کیا تصویر میں کوئی کتاب ہے؟
497067,COCO_val2014_000000497067.jpg,Is there a bottle in the image?,no,adversarial,bottle,کیا تصویر میں کوئی بوتل ہے؟
28671,COCO_val2014_000000028671.jpg,Is there a person in the image?,yes,random,person,کیا تصویر میں کوئی شخص ہے؟
28671,COCO_val2014_000000028671.jpg,Is there a hot dog in the image?,yes,random,hot dog,کیا تصویر میں کوئی ہاٹ ڈاگ ہے؟
28671,COCO_val2014_000000028671.jpg,Is there a book in the image?,yes,random,book,کیا تصویر میں کوئی کتاب ہے؟
28671,COCO_val2014_000000028671.jpg,Is there a cake in the image?,no,random,cake,کیا تصویر میں کیک ہے؟
28671,COCO_val2014_000000028671.jpg,Is there a sink in the image?,no,random,sink,کیا تصویر میں کوئی سنک ہے؟
28671,COCO_val2014_000000028671.jpg,Is there a refrigerator in the image?,no,random,refrigerator,کیا تصویر میں ریفریجریٹر ہے؟
28671,COCO_val2014_000000028671.jpg,Is there a hot dog in the image?,yes,popular,hot dog,کیا تصویر میں کوئی ہاٹ ڈاگ ہے؟
28671,COCO_val2014_000000028671.jpg,Is there a book in the image?,yes,popular,book,کیا تصویر میں کوئی کتاب ہے؟
28671,COCO_val2014_000000028671.jpg,Is there a clock in the image?,yes,popular,clock,کیا تصویر میں کوئی گھڑی ہے؟
28671,COCO_val2014_000000028671.jpg,Is there a car in the image?,no,popular,car,کیا تصویر میں کوئی کار ہے؟
28671,COCO_val2014_000000028671.jpg,Is there a chair in the image?,no,popular,chair,کیا تصویر میں کرسی ہے؟
28671,COCO_val2014_000000028671.jpg,Is there a bottle in the image?,no,popular,bottle,کیا تصویر میں کوئی بوتل ہے؟
28671,COCO_val2014_000000028671.jpg,Is there a book in the image?,yes,adversarial,book,کیا تصویر میں کوئی کتاب ہے؟
28671,COCO_val2014_000000028671.jpg,Is there a person in the image?,yes,adversarial,person,کیا تصویر میں کوئی شخص ہے؟
28671,COCO_val2014_000000028671.jpg,Is there a hot dog in the image?,yes,adversarial,hot dog,کیا تصویر میں کوئی ہاٹ ڈاگ ہے؟
28671,COCO_val2014_000000028671.jpg,Is there a car in the image?,no,adversarial,car,کیا تصویر میں کوئی کار ہے؟
28671,COCO_val2014_000000028671.jpg,Is there a chair in the image?,no,adversarial,chair,کیا تصویر میں کرسی ہے؟
28671,COCO_val2014_000000028671.jpg,Is there a bottle in the image?,no,adversarial,bottle,کیا تصویر میں کوئی بوتل ہے؟
147980,COCO_val2014_000000147980.jpg,Is there a baseball glove in the image?,yes,random,baseball glove,کیا تصویر میں بیس بال کا دستانہ ہے؟
147980,COCO_val2014_000000147980.jpg,Is there a person in the image?,yes,random,person,کیا تصویر میں کوئی شخص ہے؟
147980,COCO_val2014_000000147980.jpg,Is there a sports ball in the image?,yes,random,sports ball,کیا تصویر میں کھیلوں کی گیند ہے؟
147980,COCO_val2014_000000147980.jpg,Is there a banana in the image?,no,random,banana,کیا تصویر میں کیلا ہے؟
147980,COCO_val2014_000000147980.jpg,Is there a donut in the image?,no,random,donut,کیا تصویر میں ڈونٹ ہے؟
147980,COCO_val2014_000000147980.jpg,Is there a zebra in the image?,no,random,zebra,کیا تصویر میں زیبرا ہے؟
147980,COCO_val2014_000000147980.jpg,Is there a baseball glove in the image?,yes,popular,baseball glove,کیا تصویر میں بیس بال کا دستانہ ہے؟
147980,COCO_val2014_000000147980.jpg,Is there a person in the image?,yes,popular,person,کیا تصویر میں کوئی شخص ہے؟
147980,COCO_val2014_000000147980.jpg,Is there a sports ball in the image?,yes,popular,sports ball,کیا تصویر میں کھیلوں کی گیند ہے؟
147980,COCO_val2014_000000147980.jpg,Is there a car in the image?,no,popular,car,کیا تصویر میں کوئی کار ہے؟
147980,COCO_val2014_000000147980.jpg,Is there a chair in the image?,no,popular,chair,کیا تصویر میں کرسی ہے؟
147980,COCO_val2014_000000147980.jpg,Is there a book in the image?,no,popular,book,کیا تصویر میں کوئی کتاب ہے؟
147980,COCO_val2014_000000147980.jpg,Is there a baseball glove in the image?,yes,adversarial,baseball glove,کیا تصویر میں بیس بال کا دستانہ ہے؟
147980,COCO_val2014_000000147980.jpg,Is there a person in the image?,yes,adversarial,person,کیا تصویر میں کوئی شخص ہے؟
147980,COCO_val2014_000000147980.jpg,Is there a sports ball in the image?,yes,adversarial,sports ball,کیا تصویر میں کھیلوں کی گیند ہے؟
147980,COCO_val2014_000000147980.jpg,Is there a car in the image?,no,adversarial,car,کیا تصویر میں کوئی کار ہے؟
147980,COCO_val2014_000000147980.jpg,Is there a chair in the image?,no,adversarial,chair,کیا تصویر میں کرسی ہے؟
147980,COCO_val2014_000000147980.jpg,Is there a book in the image?,no,adversarial,book,کیا تصویر میں کوئی کتاب ہے؟
345848,COCO_val2014_000000345848.jpg,Is there a bicycle in the image?,yes,random,bicycle,کیا تصویر میں کوئی سائیکل ہے؟
345848,COCO_val2014_000000345848.jpg,Is there a truck in the image?,yes,random,truck,کیا تصویر میں کوئی ٹرک ہے؟
345848,COCO_val2014_000000345848.jpg,Is there a motorcycle in the image?,yes,random,motorcycle,کیا تصویر میں کوئی موٹر سائیکل ہے؟
345848,COCO_val2014_000000345848.jpg,Is there a remote in the image?,no,random,remote,کیا تصویر میں کوئی ریموٹ ہے؟
345848,COCO_val2014_000000345848.jpg,Is there a frisbee in the image?,no,random,frisbee,کیا تصویر میں فریسبی ہے؟
345848,COCO_val2014_000000345848.jpg,Is there a stop sign in the image?,no,random,stop sign,کیا تصویر میں سٹاپ کا نشان ہے؟
345848,COCO_val2014_000000345848.jpg,Is there a person in the image?,yes,popular,person,کیا تصویر میں کوئی شخص ہے؟
345848,COCO_val2014_000000345848.jpg,Is there a truck in the image?,yes,popular,truck,کیا تصویر میں کوئی ٹرک ہے؟
345848,COCO_val2014_000000345848.jpg,Is there a bicycle in the image?,yes,popular,bicycle,کیا تصویر میں کوئی سائیکل ہے؟
345848,COCO_val2014_000000345848.jpg,Is there a chair in the image?,no,popular,chair,کیا تصویر میں کرسی ہے؟
345848,COCO_val2014_000000345848.jpg,Is there a book in the image?,no,popular,book,کیا تصویر میں کوئی کتاب ہے؟
345848,COCO_val2014_000000345848.jpg,Is there a bottle in the image?,no,popular,bottle,کیا تصویر میں کوئی بوتل ہے؟
345848,COCO_val2014_000000345848.jpg,Is there a motorcycle in the image?,yes,adversarial,motorcycle,کیا تصویر میں کوئی موٹر سائیکل ہے؟
345848,COCO_val2014_000000345848.jpg,Is there a truck in the image?,yes,adversarial,truck,کیا تصویر میں کوئی ٹرک ہے؟
345848,COCO_val2014_000000345848.jpg,Is there a person in the image?,yes,adversarial,person,کیا تصویر میں کوئی شخص ہے؟
345848,COCO_val2014_000000345848.jpg,Is there a chair in the image?,no,adversarial,chair,کیا تصویر میں کرسی ہے؟
345848,COCO_val2014_000000345848.jpg,Is there a book in the image?,no,adversarial,book,کیا تصویر میں کوئی کتاب ہے؟
345848,COCO_val2014_000000345848.jpg,Is there a bottle in the image?,no,adversarial,bottle,کیا تصویر میں کوئی بوتل ہے؟
290951,COCO_val2014_000000290951.jpg,Is there a person in the image?,yes,random,person,کیا تصویر میں کوئی شخص ہے؟
290951,COCO_val2014_000000290951.jpg,Is there a bench in the image?,yes,random,bench,کیا تصویر میں کوئی بینچ ہے؟
290951,COCO_val2014_000000290951.jpg,Is there a umbrella in the image?,yes,random,umbrella,کیا تصویر میں چھتری ہے؟
290951,COCO_val2014_000000290951.jpg,Is there a couch in the image?,no,random,couch,کیا تصویر میں صوفہ ہے؟
290951,COCO_val2014_000000290951.jpg,Is there a baseball glove in the image?,no,random,baseball glove,کیا تصویر میں بیس بال کا دستانہ ہے؟
290951,COCO_val2014_000000290951.jpg,Is there a stop sign in the image?,no,random,stop sign,کیا تصویر میں سٹاپ کا نشان ہے؟
290951,COCO_val2014_000000290951.jpg,Is there a bench in the image?,yes,popular,bench,کیا تصویر میں کوئی بینچ ہے؟
290951,COCO_val2014_000000290951.jpg,Is there a dining table in the image?,yes,popular,dining table,کیا تصویر میں کھانے کی میز ہے؟
290951,COCO_val2014_000000290951.jpg,Is there a person in the image?,yes,popular,person,کیا تصویر میں کوئی شخص ہے؟
290951,COCO_val2014_000000290951.jpg,Is there a car in the image?,no,popular,car,کیا تصویر میں کوئی کار ہے؟
290951,COCO_val2014_000000290951.jpg,Is there a book in the image?,no,popular,book,کیا تصویر میں کوئی کتاب ہے؟
290951,COCO_val2014_000000290951.jpg,Is there a bottle in the image?,no,popular,bottle,کیا تصویر میں کوئی بوتل ہے؟
290951,COCO_val2014_000000290951.jpg,Is there a chair in the image?,yes,adversarial,chair,کیا تصویر میں کرسی ہے؟
290951,COCO_val2014_000000290951.jpg,Is there a dining table in the image?,yes,adversarial,dining table,کیا تصویر میں کھانے کی میز ہے؟
290951,COCO_val2014_000000290951.jpg,Is there a umbrella in the image?,yes,adversarial,umbrella,کیا تصویر میں چھتری ہے؟
290951,COCO_val2014_000000290951.jpg,Is there a car in the image?,no,adversarial,car,کیا تصویر میں کوئی کار ہے؟
290951,COCO_val2014_000000290951.jpg,Is there a book in the image?,no,adversarial,book,کیا تصویر میں کوئی کتاب ہے؟
290951,COCO_val2014_000000290951.jpg,Is there a bottle in the image?,no,adversarial,bottle,کیا تصویر میں کوئی بوتل ہے؟
212261,COCO_val2014_000000212261.jpg,Is there a person in the image?,yes,random,person,کیا تصویر میں کوئی شخص ہے؟
212261,COCO_val2014_000000212261.jpg,Is there a handbag in the image?,yes,random,handbag,کیا تصویر میں ہینڈ بیگ ہے؟
212261,COCO_val2014_000000212261.jpg,Is there a refrigerator in the image?,yes,random,refrigerator,کیا تصویر میں ریفریجریٹر ہے؟
212261,COCO_val2014_000000212261.jpg,Is there a train in the image?,no,random,train,کیا تصویر میں ٹرین ہے؟
212261,COCO_val2014_000000212261.jpg,Is there a airplane in the image?,no,random,airplane,کیا تصویر میں ہوائی جہاز ہے؟
212261,COCO_val2014_000000212261.jpg,Is there a kite in the image?,no,random,kite,کیا تصویر میں پتنگ ہے؟
212261,COCO_val2014_000000212261.jpg,Is there a person in the image?,yes,popular,person,کیا تصویر میں کوئی شخص ہے؟
212261,COCO_val2014_000000212261.jpg,Is there a refrigerator in the image?,yes,popular,refrigerator,کیا تصویر میں ریفریجریٹر ہے؟
212261,COCO_val2014_000000212261.jpg,Is there a sandwich in the image?,yes,popular,sandwich,کیا تصویر میں کوئی سینڈوچ ہے؟
212261,COCO_val2014_000000212261.jpg,Is there a car in the image?,no,popular,car,کیا تصویر میں کوئی کار ہے؟
212261,COCO_val2014_000000212261.jpg,Is there a chair in the image?,no,popular,chair,کیا تصویر میں کرسی ہے؟
212261,COCO_val2014_000000212261.jpg,Is there a book in the image?,no,popular,book,کیا تصویر میں کوئی کتاب ہے؟
212261,COCO_val2014_000000212261.jpg,Is there a person in the image?,yes,adversarial,person,کیا تصویر میں کوئی شخص ہے؟
212261,COCO_val2014_000000212261.jpg,Is there a spoon in the image?,yes,adversarial,spoon,کیا تصویر میں چمچ ہے؟
212261,COCO_val2014_000000212261.jpg,Is there a handbag in the image?,yes,adversarial,handbag,کیا تصویر میں ہینڈ بیگ ہے؟
212261,COCO_val2014_000000212261.jpg,Is there a car in the image?,no,adversarial,car,کیا تصویر میں کوئی کار ہے؟
212261,COCO_val2014_000000212261.jpg,Is there a chair in the image?,no,adversarial,chair,کیا تصویر میں کرسی ہے؟
212261,COCO_val2014_000000212261.jpg,Is there a book in the image?,no,adversarial,book,کیا تصویر میں کوئی کتاب ہے؟
455716,COCO_val2014_000000455716.jpg,Is there a handbag in the image?,yes,random,handbag,کیا تصویر میں ہینڈ بیگ ہے؟
455716,COCO_val2014_000000455716.jpg,Is there a backpack in the image?,yes,random,backpack,کیا تصویر میں کوئی بیگ ہے؟
455716,COCO_val2014_000000455716.jpg,Is there a motorcycle in the image?,yes,random,motorcycle,کیا تصویر میں کوئی موٹر سائیکل ہے؟
455716,COCO_val2014_000000455716.jpg,Is there a tv in the image?,no,random,tv,کیا تصویر میں ٹی وی ہے؟
455716,COCO_val2014_000000455716.jpg,Is there a baseball glove in the image?,no,random,baseball glove,کیا تصویر میں بیس بال کا دستانہ ہے؟
455716,COCO_val2014_000000455716.jpg,Is there a broccoli in the image?,no,random,broccoli,کیا تصویر میں بروکولی ہے؟
455716,COCO_val2014_000000455716.jpg,Is there a backpack in the image?,yes,popular,backpack,کیا تصویر میں کوئی بیگ ہے؟
455716,COCO_val2014_000000455716.jpg,Is there a motorcycle in the image?,yes,popular,motorcycle,کیا تصویر میں کوئی موٹر سائیکل ہے؟
455716,COCO_val2014_000000455716.jpg,Is there a handbag in the image?,yes,popular,handbag,کیا تصویر میں ہینڈ بیگ ہے؟
455716,COCO_val2014_000000455716.jpg,Is there a person in the image?,no,popular,person,کیا تصویر میں کوئی شخص ہے؟
455716,COCO_val2014_000000455716.jpg,Is there a car in the image?,no,popular,car,کیا تصویر میں کوئی کار ہے؟
455716,COCO_val2014_000000455716.jpg,Is there a chair in the image?,no,popular,chair,کیا تصویر میں کرسی ہے؟
455716,COCO_val2014_000000455716.jpg,Is there a handbag in the image?,yes,adversarial,handbag,کیا تصویر میں ہینڈ بیگ ہے؟
455716,COCO_val2014_000000455716.jpg,Is there a backpack in the image?,yes,adversarial,backpack,کیا تصویر میں کوئی بیگ ہے؟
455716,COCO_val2014_000000455716.jpg,Is there a motorcycle in the image?,yes,adversarial,motorcycle,کیا تصویر میں کوئی موٹر سائیکل ہے؟
455716,COCO_val2014_000000455716.jpg,Is there a person in the image?,no,adversarial,person,کیا تصویر میں کوئی شخص ہے؟
455716,COCO_val2014_000000455716.jpg,Is there a car in the image?,no,adversarial,car,کیا تصویر میں کوئی کار ہے؟
455716,COCO_val2014_000000455716.jpg,Is there a chair in the image?,no,adversarial,chair,کیا تصویر میں کرسی ہے؟
287305,COCO_val2014_000000287305.jpg,Is there a car in the image?,yes,random,car,کیا تصویر میں کوئی کار ہے؟
287305,COCO_val2014_000000287305.jpg,Is there a bus in the image?,yes,random,bus,کیا تصویر میں بس ہے؟
287305,COCO_val2014_000000287305.jpg,Is there a person in the image?,yes,random,person,کیا تصویر میں کوئی شخص ہے؟
287305,COCO_val2014_000000287305.jpg,Is there a suitcase in the image?,no,random,suitcase,کیا تصویر میں کوئی سوٹ کیس ہے؟
287305,COCO_val2014_000000287305.jpg,Is there a parking meter in the image?,no,random,parking meter,کیا تصویر میں پارکنگ میٹر ہے؟
287305,COCO_val2014_000000287305.jpg,Is there a hair drier in the image?,no,random,hair drier,کیا تصویر میں ہیئر ڈرائر ہے؟
287305,COCO_val2014_000000287305.jpg,Is there a bus in the image?,yes,popular,bus,کیا تصویر میں بس ہے؟
287305,COCO_val2014_000000287305.jpg,Is there a person in the image?,yes,popular,person,کیا تصویر میں کوئی شخص ہے؟
287305,COCO_val2014_000000287305.jpg,Is there a car in the image?,yes,popular,car,کیا تصویر میں کوئی کار ہے؟
287305,COCO_val2014_000000287305.jpg,Is there a chair in the image?,no,popular,chair,کیا تصویر میں کرسی ہے؟
287305,COCO_val2014_000000287305.jpg,Is there a book in the image?,no,popular,book,کیا تصویر میں کوئی کتاب ہے؟
287305,COCO_val2014_000000287305.jpg,Is there a bottle in the image?,no,popular,bottle,کیا تصویر میں کوئی بوتل ہے؟
287305,COCO_val2014_000000287305.jpg,Is there a bus in the image?,yes,adversarial,bus,کیا تصویر میں بس ہے؟
287305,COCO_val2014_000000287305.jpg,Is there a car in the image?,yes,adversarial,car,کیا تصویر میں کوئی کار ہے؟
287305,COCO_val2014_000000287305.jpg,Is there a person in the image?,yes,adversarial,person,کیا تصویر میں کوئی شخص ہے؟
287305,COCO_val2014_000000287305.jpg,Is there a chair in the image?,no,adversarial,chair,کیا تصویر میں کرسی ہے؟
287305,COCO_val2014_000000287305.jpg,Is there a book in the image?,no,adversarial,book,کیا تصویر میں کوئی کتاب ہے؟
287305,COCO_val2014_000000287305.jpg,Is there a bottle in the image?,no,adversarial,bottle,کیا تصویر میں کوئی بوتل ہے؟
322816,COCO_val2014_000000322816.jpg,Is there a surfboard in the image?,yes,random,surfboard,کیا تصویر میں کوئی سرف بورڈ ہے؟
322816,COCO_val2014_000000322816.jpg,Is there a book in the image?,yes,random,book,کیا تصویر میں کوئی کتاب ہے؟
322816,COCO_val2014_000000322816.jpg,Is there a cake in the image?,yes,random,cake,کیا تصویر میں کیک ہے؟
322816,COCO_val2014_000000322816.jpg,Is there a toaster in the image?,no,random,toaster,کیا تصویر میں ٹوسٹر ہے؟
322816,COCO_val2014_000000322816.jpg,Is there a chair in the image?,no,random,chair,کیا تصویر میں کرسی ہے؟
322816,COCO_val2014_000000322816.jpg,Is there a sandwich in the image?,no,random,sandwich,کیا تصویر میں کوئی سینڈوچ ہے؟
322816,COCO_val2014_000000322816.jpg,Is there a book in the image?,yes,popular,book,کیا تصویر میں کوئی کتاب ہے؟
322816,COCO_val2014_000000322816.jpg,Is there a cake in the image?,yes,popular,cake,کیا تصویر میں کیک ہے؟
322816,COCO_val2014_000000322816.jpg,Is there a surfboard in the image?,yes,popular,surfboard,کیا تصویر میں کوئی سرف بورڈ ہے؟
322816,COCO_val2014_000000322816.jpg,Is there a person in the image?,no,popular,person,کیا تصویر میں کوئی شخص ہے؟
322816,COCO_val2014_000000322816.jpg,Is there a car in the image?,no,popular,car,کیا تصویر میں کوئی کار ہے؟
322816,COCO_val2014_000000322816.jpg,Is there a chair in the image?,no,popular,chair,کیا تصویر میں کرسی ہے؟
322816,COCO_val2014_000000322816.jpg,Is there a cake in the image?,yes,adversarial,cake,کیا تصویر میں کیک ہے؟
322816,COCO_val2014_000000322816.jpg,Is there a surfboard in the image?,yes,adversarial,surfboard,کیا تصویر میں کوئی سرف بورڈ ہے؟
322816,COCO_val2014_000000322816.jpg,Is there a book in the image?,yes,adversarial,book,کیا تصویر میں کوئی کتاب ہے؟
322816,COCO_val2014_000000322816.jpg,Is there a person in the image?,no,adversarial,person,کیا تصویر میں کوئی شخص ہے؟
322816,COCO_val2014_000000322816.jpg,Is there a car in the image?,no,adversarial,car,کیا تصویر میں کوئی کار ہے؟
322816,COCO_val2014_000000322816.jpg,Is there a chair in the image?,no,adversarial,chair,کیا تصویر میں کرسی ہے؟
568972,COCO_val2014_000000568972.jpg,Is there a traffic light in the image?,yes,random,traffic light,کیا تصویر میں ٹریفک لائٹ ہے؟
568972,COCO_val2014_000000568972.jpg,Is there a person in the image?,yes,random,person,کیا تصویر میں کوئی شخص ہے؟
568972,COCO_val2014_000000568972.jpg,Is there a bicycle in the image?,yes,random,bicycle,کیا تصویر میں کوئی سائیکل ہے؟
568972,COCO_val2014_000000568972.jpg,Is there a laptop in the image?,no,random,laptop,کیا تصویر میں لیپ ٹاپ ہے؟
568972,COCO_val2014_000000568972.jpg,Is there a backpack in the image?,no,random,backpack,کیا تصویر میں کوئی بیگ ہے؟
568972,COCO_val2014_000000568972.jpg,Is there a dining table in the image?,no,random,dining table,کیا تصویر میں کھانے کی میز ہے؟
568972,COCO_val2014_000000568972.jpg,Is there a motorcycle in the image?,yes,popular,motorcycle,کیا تصویر میں کوئی موٹر سائیکل ہے؟
568972,COCO_val2014_000000568972.jpg,Is there a person in the image?,yes,popular,person,کیا تصویر میں کوئی شخص ہے؟
568972,COCO_val2014_000000568972.jpg,Is there a traffic light in the image?,yes,popular,traffic light,کیا تصویر میں ٹریفک لائٹ ہے؟
568972,COCO_val2014_000000568972.jpg,Is there a chair in the image?,no,popular,chair,کیا تصویر میں کرسی ہے؟
568972,COCO_val2014_000000568972.jpg,Is there a book in the image?,no,popular,book,کیا تصویر میں کوئی کتاب ہے؟
568972,COCO_val2014_000000568972.jpg,Is there a bottle in the image?,no,popular,bottle,کیا تصویر میں کوئی بوتل ہے؟
568972,COCO_val2014_000000568972.jpg,Is there a bicycle in the image?,yes,adversarial,bicycle,کیا تصویر میں کوئی سائیکل ہے؟
568972,COCO_val2014_000000568972.jpg,Is there a traffic light in the image?,yes,adversarial,traffic light,کیا تصویر میں ٹریفک لائٹ ہے؟
568972,COCO_val2014_000000568972.jpg,Is there a motorcycle in the image?,yes,adversarial,motorcycle,کیا تصویر میں کوئی موٹر سائیکل ہے؟
568972,COCO_val2014_000000568972.jpg,Is there a chair in the image?,no,adversarial,chair,کیا تصویر میں کرسی ہے؟
568972,COCO_val2014_000000568972.jpg,Is there a book in the image?,no,adversarial,book,کیا تصویر میں کوئی کتاب ہے؟
568972,COCO_val2014_000000568972.jpg,Is there a bottle in the image?,no,adversarial,bottle,کیا تصویر میں کوئی بوتل ہے؟
260994,COCO_val2014_000000260994.jpg,Is there a handbag in the image?,yes,random,handbag,کیا تصویر میں ہینڈ بیگ ہے؟
260994,COCO_val2014_000000260994.jpg,Is there a backpack in the image?,yes,random,backpack,کیا تصویر میں کوئی بیگ ہے؟
260994,COCO_val2014_000000260994.jpg,Is there a hot dog in the image?,yes,random,hot dog,کیا تصویر میں کوئی ہاٹ ڈاگ ہے؟
260994,COCO_val2014_000000260994.jpg,Is there a spoon in the image?,no,random,spoon,کیا تصویر میں چمچ ہے؟
260994,COCO_val2014_000000260994.jpg,Is there a baseball bat in the image?,no,random,baseball bat,کیا تصویر میں بیس بال کا بیٹ ہے؟
260994,COCO_val2014_000000260994.jpg,Is there a parking meter in the image?,no,random,parking meter,کیا تصویر میں پارکنگ میٹر ہے؟
260994,COCO_val2014_000000260994.jpg,Is there a backpack in the image?,yes,popular,backpack,کیا تصویر میں کوئی بیگ ہے؟
260994,COCO_val2014_000000260994.jpg,Is there a hot dog in the image?,yes,popular,hot dog,کیا تصویر میں کوئی ہاٹ ڈاگ ہے؟
260994,COCO_val2014_000000260994.jpg,Is there a person in the image?,yes,popular,person,کیا تصویر میں کوئی شخص ہے؟
260994,COCO_val2014_000000260994.jpg,Is there a car in the image?,no,popular,car,کیا تصویر میں کوئی کار ہے؟
260994,COCO_val2014_000000260994.jpg,Is there a chair in the image?,no,popular,chair,کیا تصویر میں کرسی ہے؟
260994,COCO_val2014_000000260994.jpg,Is there a book in the image?,no,popular,book,کیا تصویر میں کوئی کتاب ہے؟
260994,COCO_val2014_000000260994.jpg,Is there a handbag in the image?,yes,adversarial,handbag,کیا تصویر میں ہینڈ بیگ ہے؟
260994,COCO_val2014_000000260994.jpg,Is there a backpack in the image?,yes,adversarial,backpack,کیا تصویر میں کوئی بیگ ہے؟
260994,COCO_val2014_000000260994.jpg,Is there a hot dog in the image?,yes,adversarial,hot dog,کیا تصویر میں کوئی ہاٹ ڈاگ ہے؟
260994,COCO_val2014_000000260994.jpg,Is there a car in the image?,no,adversarial,car,کیا تصویر میں کوئی کار ہے؟
260994,COCO_val2014_000000260994.jpg,Is there a chair in the image?,no,adversarial,chair,کیا تصویر میں کرسی ہے؟
260994,COCO_val2014_000000260994.jpg,Is there a book in the image?,no,adversarial,book,کیا تصویر میں کوئی کتاب ہے؟
83277,COCO_val2014_000000083277.jpg,Is there a car in the image?,yes,random,car,کیا تصویر میں کوئی کار ہے؟
83277,COCO_val2014_000000083277.jpg,Is there a person in the image?,yes,random,person,کیا تصویر میں کوئی شخص ہے؟
83277,COCO_val2014_000000083277.jpg,Is there a skateboard in the image?,yes,random,skateboard,کیا تصویر میں اسکیٹ بورڈ ہے؟
83277,COCO_val2014_000000083277.jpg,Is there a spoon in the image?,no,random,spoon,کیا تصویر میں چمچ ہے؟
83277,COCO_val2014_000000083277.jpg,Is there a umbrella in the image?,no,random,umbrella,کیا تصویر میں چھتری ہے؟
83277,COCO_val2014_000000083277.jpg,Is there a remote in the image?,no,random,remote,کیا تصویر میں کوئی ریموٹ ہے؟
83277,COCO_val2014_000000083277.jpg,Is there a person in the image?,yes,popular,person,کیا تصویر میں کوئی شخص ہے؟
83277,COCO_val2014_000000083277.jpg,Is there a car in the image?,yes,popular,car,کیا تصویر میں کوئی کار ہے؟
83277,COCO_val2014_000000083277.jpg,Is there a skateboard in the image?,yes,popular,skateboard,کیا تصویر میں اسکیٹ بورڈ ہے؟
83277,COCO_val2014_000000083277.jpg,Is there a chair in the image?,no,popular,chair,کیا تصویر میں کرسی ہے؟
83277,COCO_val2014_000000083277.jpg,Is there a book in the image?,no,popular,book,کیا تصویر میں کوئی کتاب ہے؟
83277,COCO_val2014_000000083277.jpg,Is there a bottle in the image?,no,popular,bottle,کیا تصویر میں کوئی بوتل ہے؟
83277,COCO_val2014_000000083277.jpg,Is there a car in the image?,yes,adversarial,car,کیا تصویر میں کوئی کار ہے؟
83277,COCO_val2014_000000083277.jpg,Is there a skateboard in the image?,yes,adversarial,skateboard,کیا تصویر میں اسکیٹ بورڈ ہے؟
83277,COCO_val2014_000000083277.jpg,Is there a person in the image?,yes,adversarial,person,کیا تصویر میں کوئی شخص ہے؟
83277,COCO_val2014_000000083277.jpg,Is there a chair in the image?,no,adversarial,chair,کیا تصویر میں کرسی ہے؟
83277,COCO_val2014_000000083277.jpg,Is there a book in the image?,no,adversarial,book,کیا تصویر میں کوئی کتاب ہے؟
83277,COCO_val2014_000000083277.jpg,Is there a bottle in the image?,no,adversarial,bottle,کیا تصویر میں کوئی بوتل ہے؟
143503,COCO_val2014_000000143503.jpg,Is there a handbag in the image?,yes,random,handbag,کیا تصویر میں ہینڈ بیگ ہے؟
143503,COCO_val2014_000000143503.jpg,Is there a umbrella in the image?,yes,random,umbrella,کیا تصویر میں چھتری ہے؟
143503,COCO_val2014_000000143503.jpg,Is there a horse in the image?,yes,random,horse,کیا تصویر میں گھوڑا ہے؟
143503,COCO_val2014_000000143503.jpg,Is there a frisbee in the image?,no,random,frisbee,کیا تصویر میں فریسبی ہے؟
143503,COCO_val2014_000000143503.jpg,Is there a stop sign in the image?,no,random,stop sign,کیا تصویر میں سٹاپ کا نشان ہے؟
143503,COCO_val2014_000000143503.jpg,Is there a baseball glove in the image?,no,random,baseball glove,کیا تصویر میں بیس بال کا دستانہ ہے؟
143503,COCO_val2014_000000143503.jpg,Is there a tie in the image?,yes,popular,tie,کیا تصویر میں ٹائی ہے؟
143503,COCO_val2014_000000143503.jpg,Is there a handbag in the image?,yes,popular,handbag,کیا تصویر میں ہینڈ بیگ ہے؟
143503,COCO_val2014_000000143503.jpg,Is there a horse in the image?,yes,popular,horse,کیا تصویر میں گھوڑا ہے؟
143503,COCO_val2014_000000143503.jpg,Is there a car in the image?,no,popular,car,کیا تصویر میں کوئی کار ہے؟
143503,COCO_val2014_000000143503.jpg,Is there a chair in the image?,no,popular,chair,کیا تصویر میں کرسی ہے؟
143503,COCO_val2014_000000143503.jpg,Is there a book in the image?,no,popular,book,کیا تصویر میں کوئی کتاب ہے؟
143503,COCO_val2014_000000143503.jpg,Is there a person in the image?,yes,adversarial,person,کیا تصویر میں کوئی شخص ہے؟
143503,COCO_val2014_000000143503.jpg,Is there a tie in the image?,yes,adversarial,tie,کیا تصویر میں ٹائی ہے؟
143503,COCO_val2014_000000143503.jpg,Is there a horse in the image?,yes,adversarial,horse,کیا تصویر میں گھوڑا ہے؟
143503,COCO_val2014_000000143503.jpg,Is there a car in the image?,no,adversarial,car,کیا تصویر میں کوئی کار ہے؟
143503,COCO_val2014_000000143503.jpg,Is there a chair in the image?,no,adversarial,chair,کیا تصویر میں کرسی ہے؟
143503,COCO_val2014_000000143503.jpg,Is there a book in the image?,no,adversarial,book,کیا تصویر میں کوئی کتاب ہے؟
327514,COCO_val2014_000000327514.jpg,Is there a bottle in the image?,yes,random,bottle,کیا تصویر میں کوئی بوتل ہے؟
327514,COCO_val2014_000000327514.jpg,Is there a oven in the image?,yes,random,oven,کیا تصویر میں تندور ہے؟
327514,COCO_val2014_000000327514.jpg,Is there a person in the image?,yes,random,person,کیا تصویر میں کوئی شخص ہے؟
327514,COCO_val2014_000000327514.jpg,Is there a parking meter in the image?,no,random,parking meter,کیا تصویر میں پارکنگ میٹر ہے؟
327514,COCO_val2014_000000327514.jpg,Is there a tennis racket in the image?,no,random,tennis racket,کیا تصویر میں ٹینس ریکیٹ ہے؟
327514,COCO_val2014_000000327514.jpg,Is there a frisbee in the image?,no,random,frisbee,کیا تصویر میں فریسبی ہے؟
327514,COCO_val2014_000000327514.jpg,Is there a bottle in the image?,yes,popular,bottle,کیا تصویر میں کوئی بوتل ہے؟
327514,COCO_val2014_000000327514.jpg,Is there a knife in the image?,yes,popular,knife,کیا تصویر میں چاقو ہے؟
327514,COCO_val2014_000000327514.jpg,Is there a person in the image?,yes,popular,person,کیا تصویر میں کوئی شخص ہے؟
327514,COCO_val2014_000000327514.jpg,Is there a car in the image?,no,popular,car,کیا تصویر میں کوئی کار ہے؟
327514,COCO_val2014_000000327514.jpg,Is there a chair in the image?,no,popular,chair,کیا تصویر میں کرسی ہے؟
327514,COCO_val2014_000000327514.jpg,Is there a book in the image?,no,popular,book,کیا تصویر میں کوئی کتاب ہے؟
327514,COCO_val2014_000000327514.jpg,Is there a knife in the image?,yes,adversarial,knife,کیا تصویر میں چاقو ہے؟
327514,COCO_val2014_000000327514.jpg,Is there a bottle in the image?,yes,adversarial,bottle,کیا تصویر میں کوئی بوتل ہے؟
327514,COCO_val2014_000000327514.jpg,Is there a oven in the image?,yes,adversarial,oven,کیا تصویر میں تندور ہے؟
327514,COCO_val2014_000000327514.jpg,Is there a car in the image?,no,adversarial,car,کیا تصویر میں کوئی کار ہے؟
327514,COCO_val2014_000000327514.jpg,Is there a chair in the image?,no,adversarial,chair,کیا تصویر میں کرسی ہے؟
327514,COCO_val2014_000000327514.jpg,Is there a book in the image?,no,adversarial,book,کیا تصویر میں کوئی کتاب ہے؟
549224,COCO_val2014_000000549224.jpg,Is there a broccoli in the image?,yes,random,broccoli,کیا تصویر میں بروکولی ہے؟
549224,COCO_val2014_000000549224.jpg,Is there a knife in the image?,yes,random,knife,کیا تصویر میں چاقو ہے؟
549224,COCO_val2014_000000549224.jpg,Is there a fork in the image?,yes,random,fork,کیا تصویر میں کانٹا ہے؟
549224,COCO_val2014_000000549224.jpg,Is there a potted plant in the image?,no,random,potted plant,کیا تصویر میں کوئی پودا ہے؟
549224,COCO_val2014_000000549224.jpg,Is there a clock in the image?,no,random,clock,کیا تصویر میں کوئی گھڑی ہے؟
549224,COCO_val2014_000000549224.jpg,Is there a spoon in the image?,no,random,spoon,کیا تصویر میں چمچ ہے؟
549224,COCO_val2014_000000549224.jpg,Is there a knife in the image?,yes,popular,knife,کیا تصویر میں چاقو ہے؟
549224,COCO_val2014_000000549224.jpg,Is there a broccoli in the image?,yes,popular,broccoli,کیا تصویر میں بروکولی ہے؟
549224,COCO_val2014_000000549224.jpg,Is there a fork in the image?,yes,popular,fork,کیا تصویر میں کانٹا ہے؟
549224,COCO_val2014_000000549224.jpg,Is there a person in the image?,no,popular,person,کیا تصویر میں کوئی شخص ہے؟
549224,COCO_val2014_000000549224.jpg,Is there a car in the image?,no,popular,car,کیا تصویر میں کوئی کار ہے؟
549224,COCO_val2014_000000549224.jpg,Is there a chair in the image?,no,popular,chair,کیا تصویر میں کرسی ہے؟
549224,COCO_val2014_000000549224.jpg,Is there a knife in the image?,yes,adversarial,knife,کیا تصویر میں چاقو ہے؟
549224,COCO_val2014_000000549224.jpg,Is there a fork in the image?,yes,adversarial,fork,کیا تصویر میں کانٹا ہے؟
549224,COCO_val2014_000000549224.jpg,Is there a broccoli in the image?,yes,adversarial,broccoli,کیا تصویر میں بروکولی ہے؟
549224,COCO_val2014_000000549224.jpg,Is there a person in the image?,no,adversarial,person,کیا تصویر میں کوئی شخص ہے؟
549224,COCO_val2014_000000549224.jpg,Is there a car in the image?,no,adversarial,car,کیا تصویر میں کوئی کار ہے؟
549224,COCO_val2014_000000549224.jpg,Is there a chair in the image?,no,adversarial,chair,کیا تصویر میں کرسی ہے؟
333665,COCO_val2014_000000333665.jpg,Is there a person in the image?,yes,random,person,کیا تصویر میں کوئی شخص ہے؟
333665,COCO_val2014_000000333665.jpg,Is there a book in the image?,yes,random,book,کیا تصویر میں کوئی کتاب ہے؟
333665,COCO_val2014_000000333665.jpg,Is there a cell phone in the image?,yes,random,cell phone,کیا تصویر میں سیل فون ہے؟
333665,COCO_val2014_000000333665.jpg,Is there a umbrella in the image?,no,random,umbrella,کیا تصویر میں چھتری ہے؟
333665,COCO_val2014_000000333665.jpg,Is there a knife in the image?,no,random,knife,کیا تصویر میں چاقو ہے؟
333665,COCO_val2014_000000333665.jpg,Is there a dog in the image?,no,random,dog,کیا تصویر میں کتا ہے؟
333665,COCO_val2014_000000333665.jpg,Is there a handbag in the image?,yes,popular,handbag,کیا تصویر میں ہینڈ بیگ ہے؟
333665,COCO_val2014_000000333665.jpg,Is there a person in the image?,yes,popular,person,کیا تصویر میں کوئی شخص ہے؟
333665,COCO_val2014_000000333665.jpg,Is there a book in the image?,yes,popular,book,کیا تصویر میں کوئی کتاب ہے؟
333665,COCO_val2014_000000333665.jpg,Is there a car in the image?,no,popular,car,کیا تصویر میں کوئی کار ہے؟
333665,COCO_val2014_000000333665.jpg,Is there a chair in the image?,no,popular,chair,کیا تصویر میں کرسی ہے؟
333665,COCO_val2014_000000333665.jpg,Is there a bottle in the image?,no,popular,bottle,کیا تصویر میں کوئی بوتل ہے؟
333665,COCO_val2014_000000333665.jpg,Is there a person in the image?,yes,adversarial,person,کیا تصویر میں کوئی شخص ہے؟
333665,COCO_val2014_000000333665.jpg,Is there a suitcase in the image?,yes,adversarial,suitcase,کیا تصویر میں کوئی سوٹ کیس ہے؟
333665,COCO_val2014_000000333665.jpg,Is there a handbag in the image?,yes,adversarial,handbag,کیا تصویر میں ہینڈ بیگ ہے؟
333665,COCO_val2014_000000333665.jpg,Is there a car in the image?,no,adversarial,car,کیا تصویر میں کوئی کار ہے؟
333665,COCO_val2014_000000333665.jpg,Is there a chair in the image?,no,adversarial,chair,کیا تصویر میں کرسی ہے؟
333665,COCO_val2014_000000333665.jpg,Is there a bottle in the image?,no,adversarial,bottle,کیا تصویر میں کوئی بوتل ہے؟
50942,COCO_val2014_000000050942.jpg,Is there a chair in the image?,yes,random,chair,کیا تصویر میں کرسی ہے؟
50942,COCO_val2014_000000050942.jpg,Is there a person in the image?,yes,random,person,کیا تصویر میں کوئی شخص ہے؟
50942,COCO_val2014_000000050942.jpg,Is there a mouse in the image?,yes,random,mouse,کیا تصویر میں کوئی چوہا ہے؟
50942,COCO_val2014_000000050942.jpg,Is there a tennis racket in the image?,no,random,tennis racket,کیا تصویر میں ٹینس ریکیٹ ہے؟
50942,COCO_val2014_000000050942.jpg,Is there a skis in the image?,no,random,skis,کیا تصویر میں کوئی سکی ہے؟
50942,COCO_val2014_000000050942.jpg,Is there a apple in the image?,no,random,apple,کیا تصویر میں ایک سیب ہے؟
50942,COCO_val2014_000000050942.jpg,Is there a keyboard in the image?,yes,popular,keyboard,کیا تصویر میں کی بورڈ ہے؟
50942,COCO_val2014_000000050942.jpg,Is there a mouse in the image?,yes,popular,mouse,کیا تصویر میں کوئی چوہا ہے؟
50942,COCO_val2014_000000050942.jpg,Is there a person in the image?,yes,popular,person,کیا تصویر میں کوئی شخص ہے؟
50942,COCO_val2014_000000050942.jpg,Is there a car in the image?,no,popular,car,کیا تصویر میں کوئی کار ہے؟
50942,COCO_val2014_000000050942.jpg,Is there a book in the image?,no,popular,book,کیا تصویر میں کوئی کتاب ہے؟
50942,COCO_val2014_000000050942.jpg,Is there a bottle in the image?,no,popular,bottle,کیا تصویر میں کوئی بوتل ہے؟
50942,COCO_val2014_000000050942.jpg,Is there a keyboard in the image?,yes,adversarial,keyboard,کیا تصویر میں کی بورڈ ہے؟
50942,COCO_val2014_000000050942.jpg,Is there a mouse in the image?,yes,adversarial,mouse,کیا تصویر میں کوئی چوہا ہے؟
50942,COCO_val2014_000000050942.jpg,Is there a person in the image?,yes,adversarial,person,کیا تصویر میں کوئی شخص ہے؟
50942,COCO_val2014_000000050942.jpg,Is there a car in the image?,no,adversarial,car,کیا تصویر میں کوئی کار ہے؟
50942,COCO_val2014_000000050942.jpg,Is there a book in the image?,no,adversarial,book,کیا تصویر میں کوئی کتاب ہے؟
50942,COCO_val2014_000000050942.jpg,Is there a bottle in the image?,no,adversarial,bottle,کیا تصویر میں کوئی بوتل ہے؟
431891,COCO_val2014_000000431891.jpg,Is there a person in the image?,yes,random,person,کیا تصویر میں کوئی شخص ہے؟
431891,COCO_val2014_000000431891.jpg,Is there a broccoli in the image?,yes,random,broccoli,کیا تصویر میں بروکولی ہے؟
431891,COCO_val2014_000000431891.jpg,Is there a carrot in the image?,yes,random,carrot,کیا تصویر میں گاجر ہے؟
431891,COCO_val2014_000000431891.jpg,Is there a horse in the image?,no,random,horse,کیا تصویر میں گھوڑا ہے؟
431891,COCO_val2014_000000431891.jpg,Is there a keyboard in the image?,no,random,keyboard,کیا تصویر میں کی بورڈ ہے؟
431891,COCO_val2014_000000431891.jpg,Is there a bird in the image?,no,random,bird,کیا تصویر میں کوئی پرندہ ہے؟
431891,COCO_val2014_000000431891.jpg,Is there a person in the image?,yes,popular,person,کیا تصویر میں کوئی شخص ہے؟
431891,COCO_val2014_000000431891.jpg,Is there a broccoli in the image?,yes,popular,broccoli,کیا تصویر میں بروکولی ہے؟
431891,COCO_val2014_000000431891.jpg,Is there a carrot in the image?,yes,popular,carrot,کیا تصویر میں گاجر ہے؟
431891,COCO_val2014_000000431891.jpg,Is there a car in the image?,no,popular,car,کیا تصویر میں کوئی کار ہے؟
431891,COCO_val2014_000000431891.jpg,Is there a chair in the image?,no,popular,chair,کیا تصویر میں کرسی ہے؟
431891,COCO_val2014_000000431891.jpg,Is there a book in the image?,no,popular,book,کیا تصویر میں کوئی کتاب ہے؟
431891,COCO_val2014_000000431891.jpg,Is there a bottle in the image?,yes,adversarial,bottle,کیا تصویر میں کوئی بوتل ہے؟
431891,COCO_val2014_000000431891.jpg,Is there a carrot in the image?,yes,adversarial,carrot,کیا تصویر میں گاجر ہے؟
431891,COCO_val2014_000000431891.jpg,Is there a broccoli in the image?,yes,adversarial,broccoli,کیا تصویر میں بروکولی ہے؟
431891,COCO_val2014_000000431891.jpg,Is there a car in the image?,no,adversarial,car,کیا تصویر میں کوئی کار ہے؟
431891,COCO_val2014_000000431891.jpg,Is there a chair in the image?,no,adversarial,chair,کیا تصویر میں کرسی ہے؟
431891,COCO_val2014_000000431891.jpg,Is there a book in the image?,no,adversarial,book,کیا تصویر میں کوئی کتاب ہے؟
288336,COCO_val2014_000000288336.jpg,Is there a umbrella in the image?,yes,random,umbrella,کیا تصویر میں چھتری ہے؟
288336,COCO_val2014_000000288336.jpg,Is there a dining table in the image?,yes,random,dining table,کیا تصویر میں کھانے کی میز ہے؟
288336,COCO_val2014_000000288336.jpg,Is there a car in the image?,yes,random,car,کیا تصویر میں کوئی کار ہے؟
288336,COCO_val2014_000000288336.jpg,Is there a surfboard in the image?,no,random,surfboard,کیا تصویر میں کوئی سرف بورڈ ہے؟
288336,COCO_val2014_000000288336.jpg,Is there a microwave in the image?,no,random,microwave,کیا تصویر میں مائکروویو ہے؟
288336,COCO_val2014_000000288336.jpg,Is there a sheep in the image?,no,random,sheep,کیا تصویر میں بھیڑ ہے؟
288336,COCO_val2014_000000288336.jpg,Is there a bicycle in the image?,yes,popular,bicycle,کیا تصویر میں کوئی سائیکل ہے؟
288336,COCO_val2014_000000288336.jpg,Is there a car in the image?,yes,popular,car,کیا تصویر میں کوئی کار ہے؟
288336,COCO_val2014_000000288336.jpg,Is there a person in the image?,yes,popular,person,کیا تصویر میں کوئی شخص ہے؟
288336,COCO_val2014_000000288336.jpg,Is there a chair in the image?,no,popular,chair,کیا تصویر میں کرسی ہے؟
288336,COCO_val2014_000000288336.jpg,Is there a book in the image?,no,popular,book,کیا تصویر میں کوئی کتاب ہے؟
288336,COCO_val2014_000000288336.jpg,Is there a bottle in the image?,no,popular,bottle,کیا تصویر میں کوئی بوتل ہے؟
288336,COCO_val2014_000000288336.jpg,Is there a person in the image?,yes,adversarial,person,کیا تصویر میں کوئی شخص ہے؟
288336,COCO_val2014_000000288336.jpg,Is there a car in the image?,yes,adversarial,car,کیا تصویر میں کوئی کار ہے؟
288336,COCO_val2014_000000288336.jpg,Is there a bench in the image?,yes,adversarial,bench,کیا تصویر میں کوئی بینچ ہے؟
288336,COCO_val2014_000000288336.jpg,Is there a chair in the image?,no,adversarial,chair,کیا تصویر میں کرسی ہے؟
288336,COCO_val2014_000000288336.jpg,Is there a book in the image?,no,adversarial,book,کیا تصویر میں کوئی کتاب ہے؟
288336,COCO_val2014_000000288336.jpg,Is there a bottle in the image?,no,adversarial,bottle,کیا تصویر میں کوئی بوتل ہے؟
250917,COCO_val2014_000000250917.jpg,Is there a cup in the image?,yes,random,cup,کیا تصویر میں کپ ہے؟
250917,COCO_val2014_000000250917.jpg,Is there a bowl in the image?,yes,random,bowl,کیا تصویر میں ایک پیالہ ہے؟
250917,COCO_val2014_000000250917.jpg,Is there a car in the image?,yes,random,car,کیا تصویر میں کوئی کار ہے؟
250917,COCO_val2014_000000250917.jpg,Is there a bear in the image?,no,random,bear,کیا تصویر میں ریچھ ہے؟
250917,COCO_val2014_000000250917.jpg,Is there a toothbrush in the image?,no,random,toothbrush,کیا تصویر میں ٹوتھ برش ہے؟
250917,COCO_val2014_000000250917.jpg,Is there a wine glass in the image?,no,random,wine glass,کیا تصویر میں شراب کا گلاس ہے؟
250917,COCO_val2014_000000250917.jpg,Is there a car in the image?,yes,popular,car,کیا تصویر میں کوئی کار ہے؟
250917,COCO_val2014_000000250917.jpg,Is there a dining table in the image?,yes,popular,dining table,کیا تصویر میں کھانے کی میز ہے؟
250917,COCO_val2014_000000250917.jpg,Is there a bowl in the image?,yes,popular,bowl,کیا تصویر میں ایک پیالہ ہے؟
250917,COCO_val2014_000000250917.jpg,Is there a chair in the image?,no,popular,chair,کیا تصویر میں کرسی ہے؟
250917,COCO_val2014_000000250917.jpg,Is there a book in the image?,no,popular,book,کیا تصویر میں کوئی کتاب ہے؟
250917,COCO_val2014_000000250917.jpg,Is there a bottle in the image?,no,popular,bottle,کیا تصویر میں کوئی بوتل ہے؟
250917,COCO_val2014_000000250917.jpg,Is there a cell phone in the image?,yes,adversarial,cell phone,کیا تصویر میں سیل فون ہے؟
250917,COCO_val2014_000000250917.jpg,Is there a person in the image?,yes,adversarial,person,کیا تصویر میں کوئی شخص ہے؟
250917,COCO_val2014_000000250917.jpg,Is there a bowl in the image?,yes,adversarial,bowl,کیا تصویر میں ایک پیالہ ہے؟
250917,COCO_val2014_000000250917.jpg,Is there a chair in the image?,no,adversarial,chair,کیا تصویر میں کرسی ہے؟
250917,COCO_val2014_000000250917.jpg,Is there a book in the image?,no,adversarial,book,کیا تصویر میں کوئی کتاب ہے؟
250917,COCO_val2014_000000250917.jpg,Is there a bottle in the image?,no,adversarial,bottle,کیا تصویر میں کوئی بوتل ہے؟
192095,COCO_val2014_000000192095.jpg,Is there a sports ball in the image?,yes,random,sports ball,کیا تصویر میں کھیلوں کی گیند ہے؟
192095,COCO_val2014_000000192095.jpg,Is there a person in the image?,yes,random,person,کیا تصویر میں کوئی شخص ہے؟
192095,COCO_val2014_000000192095.jpg,Is there a baseball glove in the image?,yes,random,baseball glove,کیا تصویر میں بیس بال کا دستانہ ہے؟
192095,COCO_val2014_000000192095.jpg,Is there a dining table in the image?,no,random,dining table,کیا تصویر میں کھانے کی میز ہے؟
192095,COCO_val2014_000000192095.jpg,Is there a bed in the image?,no,random,bed,کیا تصویر میں کوئی بستر ہے؟
192095,COCO_val2014_000000192095.jpg,Is there a cup in the image?,no,random,cup,کیا تصویر میں کپ ہے؟
192095,COCO_val2014_000000192095.jpg,Is there a sports ball in the image?,yes,popular,sports ball,کیا تصویر میں کھیلوں کی گیند ہے؟
192095,COCO_val2014_000000192095.jpg,Is there a baseball glove in the image?,yes,popular,baseball glove,کیا تصویر میں بیس بال کا دستانہ ہے؟
192095,COCO_val2014_000000192095.jpg,Is there a person in the image?,yes,popular,person,کیا تصویر میں کوئی شخص ہے؟
192095,COCO_val2014_000000192095.jpg,Is there a car in the image?,no,popular,car,کیا تصویر میں کوئی کار ہے؟
192095,COCO_val2014_000000192095.jpg,Is there a chair in the image?,no,popular,chair,کیا تصویر میں کرسی ہے؟
192095,COCO_val2014_000000192095.jpg,Is there a book in the image?,no,popular,book,کیا تصویر میں کوئی کتاب ہے؟
192095,COCO_val2014_000000192095.jpg,Is there a sports ball in the image?,yes,adversarial,sports ball,کیا تصویر میں کھیلوں کی گیند ہے؟
192095,COCO_val2014_000000192095.jpg,Is there a person in the image?,yes,adversarial,person,کیا تصویر میں کوئی شخص ہے؟
192095,COCO_val2014_000000192095.jpg,Is there a baseball glove in the image?,yes,adversarial,baseball glove,کیا تصویر میں بیس بال کا دستانہ ہے؟
192095,COCO_val2014_000000192095.jpg,Is there a car in the image?,no,adversarial,car,کیا تصویر میں کوئی کار ہے؟
192095,COCO_val2014_000000192095.jpg,Is there a chair in the image?,no,adversarial,chair,کیا تصویر میں کرسی ہے؟
192095,COCO_val2014_000000192095.jpg,Is there a book in the image?,no,adversarial,book,کیا تصویر میں کوئی کتاب ہے؟
437099,COCO_val2014_000000437099.jpg,Is there a traffic light in the image?,yes,random,traffic light,کیا تصویر میں ٹریفک لائٹ ہے؟
437099,COCO_val2014_000000437099.jpg,Is there a donut in the image?,yes,random,donut,کیا تصویر میں ڈونٹ ہے؟
437099,COCO_val2014_000000437099.jpg,Is there a person in the image?,yes,random,person,کیا تصویر میں کوئی شخص ہے؟
437099,COCO_val2014_000000437099.jpg,Is there a skateboard in the image?,no,random,skateboard,کیا تصویر میں اسکیٹ بورڈ ہے؟
437099,COCO_val2014_000000437099.jpg,Is there a bench in the image?,no,random,bench,کیا تصویر میں کوئی بینچ ہے؟
437099,COCO_val2014_000000437099.jpg,Is there a giraffe in the image?,no,random,giraffe,کیا تصویر میں زرافہ ہے؟
437099,COCO_val2014_000000437099.jpg,Is there a traffic light in the image?,yes,popular,traffic light,کیا تصویر میں ٹریفک لائٹ ہے؟
437099,COCO_val2014_000000437099.jpg,Is there a person in the image?,yes,popular,person,کیا تصویر میں کوئی شخص ہے؟
437099,COCO_val2014_000000437099.jpg,Is there a donut in the image?,yes,popular,donut,کیا تصویر میں ڈونٹ ہے؟
437099,COCO_val2014_000000437099.jpg,Is there a car in the image?,no,popular,car,کیا تصویر میں کوئی کار ہے؟
437099,COCO_val2014_000000437099.jpg,Is there a chair in the image?,no,popular,chair,کیا تصویر میں کرسی ہے؟
437099,COCO_val2014_000000437099.jpg,Is there a book in the image?,no,popular,book,کیا تصویر میں کوئی کتاب ہے؟
437099,COCO_val2014_000000437099.jpg,Is there a traffic light in the image?,yes,adversarial,traffic light,کیا تصویر میں ٹریفک لائٹ ہے؟
437099,COCO_val2014_000000437099.jpg,Is there a person in the image?,yes,adversarial,person,کیا تصویر میں کوئی شخص ہے؟
437099,COCO_val2014_000000437099.jpg,Is there a motorcycle in the image?,yes,adversarial,motorcycle,کیا تصویر میں کوئی موٹر سائیکل ہے؟
437099,COCO_val2014_000000437099.jpg,Is there a car in the image?,no,adversarial,car,کیا تصویر میں کوئی کار ہے؟
437099,COCO_val2014_000000437099.jpg,Is there a chair in the image?,no,adversarial,chair,کیا تصویر میں کرسی ہے؟
437099,COCO_val2014_000000437099.jpg,Is there a book in the image?,no,adversarial,book,کیا تصویر میں کوئی کتاب ہے؟
560427,COCO_val2014_000000560427.jpg,Is there a fork in the image?,yes,random,fork,کیا تصویر میں کانٹا ہے؟
560427,COCO_val2014_000000560427.jpg,Is there a cup in the image?,yes,random,cup,کیا تصویر میں کپ ہے؟
560427,COCO_val2014_000000560427.jpg,Is there a dining table in the image?,yes,random,dining table,کیا تصویر میں کھانے کی میز ہے؟
560427,COCO_val2014_000000560427.jpg,Is there a airplane in the image?,no,random,airplane,کیا تصویر میں ہوائی جہاز ہے؟
560427,COCO_val2014_000000560427.jpg,Is there a frisbee in the image?,no,random,frisbee,کیا تصویر میں فریسبی ہے؟
560427,COCO_val2014_000000560427.jpg,Is there a skateboard in the image?,no,random,skateboard,کیا تصویر میں اسکیٹ بورڈ ہے؟
560427,COCO_val2014_000000560427.jpg,Is there a cup in the image?,yes,popular,cup,کیا تصویر میں کپ ہے؟
560427,COCO_val2014_000000560427.jpg,Is there a fork in the image?,yes,popular,fork,کیا تصویر میں کانٹا ہے؟
560427,COCO_val2014_000000560427.jpg,Is there a dining table in the image?,yes,popular,dining table,کیا تصویر میں کھانے کی میز ہے؟
560427,COCO_val2014_000000560427.jpg,Is there a person in the image?,no,popular,person,کیا تصویر میں کوئی شخص ہے؟
560427,COCO_val2014_000000560427.jpg,Is there a car in the image?,no,popular,car,کیا تصویر میں کوئی کار ہے؟
560427,COCO_val2014_000000560427.jpg,Is there a chair in the image?,no,popular,chair,کیا تصویر میں کرسی ہے؟
560427,COCO_val2014_000000560427.jpg,Is there a dining table in the image?,yes,adversarial,dining table,کیا تصویر میں کھانے کی میز ہے؟
560427,COCO_val2014_000000560427.jpg,Is there a cup in the image?,yes,adversarial,cup,کیا تصویر میں کپ ہے؟
560427,COCO_val2014_000000560427.jpg,Is there a fork in the image?,yes,adversarial,fork,کیا تصویر میں کانٹا ہے؟
560427,COCO_val2014_000000560427.jpg,Is there a person in the image?,no,adversarial,person,کیا تصویر میں کوئی شخص ہے؟
560427,COCO_val2014_000000560427.jpg,Is there a car in the image?,no,adversarial,car,کیا تصویر میں کوئی کار ہے؟
560427,COCO_val2014_000000560427.jpg,Is there a chair in the image?,no,adversarial,chair,کیا تصویر میں کرسی ہے؟
415880,COCO_val2014_000000415880.jpg,Is there a person in the image?,yes,random,person,کیا تصویر میں کوئی شخص ہے؟
415880,COCO_val2014_000000415880.jpg,Is there a truck in the image?,yes,random,truck,کیا تصویر میں کوئی ٹرک ہے؟
415880,COCO_val2014_000000415880.jpg,Is there a banana in the image?,yes,random,banana,کیا تصویر میں کیلا ہے؟
415880,COCO_val2014_000000415880.jpg,Is there a dog in the image?,no,random,dog,کیا تصویر میں کتا ہے؟
415880,COCO_val2014_000000415880.jpg,Is there a refrigerator in the image?,no,random,refrigerator,کیا تصویر میں ریفریجریٹر ہے؟
415880,COCO_val2014_000000415880.jpg,Is there a skis in the image?,no,random,skis,کیا تصویر میں کوئی سکی ہے؟
415880,COCO_val2014_000000415880.jpg,Is there a person in the image?,yes,popular,person,کیا تصویر میں کوئی شخص ہے؟
415880,COCO_val2014_000000415880.jpg,Is there a truck in the image?,yes,popular,truck,کیا تصویر میں کوئی ٹرک ہے؟
415880,COCO_val2014_000000415880.jpg,Is there a banana in the image?,yes,popular,banana,کیا تصویر میں کیلا ہے؟
415880,COCO_val2014_000000415880.jpg,Is there a car in the image?,no,popular,car,کیا تصویر میں کوئی کار ہے؟
415880,COCO_val2014_000000415880.jpg,Is there a chair in the image?,no,popular,chair,کیا تصویر میں کرسی ہے؟
415880,COCO_val2014_000000415880.jpg,Is there a book in the image?,no,popular,book,کیا تصویر میں کوئی کتاب ہے؟
415880,COCO_val2014_000000415880.jpg,Is there a truck in the image?,yes,adversarial,truck,کیا تصویر میں کوئی ٹرک ہے؟
415880,COCO_val2014_000000415880.jpg,Is there a person in the image?,yes,adversarial,person,کیا تصویر میں کوئی شخص ہے؟
415880,COCO_val2014_000000415880.jpg,Is there a banana in the image?,yes,adversarial,banana,کیا تصویر میں کیلا ہے؟
415880,COCO_val2014_000000415880.jpg,Is there a car in the image?,no,adversarial,car,کیا تصویر میں کوئی کار ہے؟
415880,COCO_val2014_000000415880.jpg,Is there a chair in the image?,no,adversarial,chair,کیا تصویر میں کرسی ہے؟
415880,COCO_val2014_000000415880.jpg,Is there a book in the image?,no,adversarial,book,کیا تصویر میں کوئی کتاب ہے؟
494550,COCO_val2014_000000494550.jpg,Is there a banana in the image?,yes,random,banana,کیا تصویر میں کیلا ہے؟
494550,COCO_val2014_000000494550.jpg,Is there a apple in the image?,yes,random,apple,کیا تصویر میں ایک سیب ہے؟
494550,COCO_val2014_000000494550.jpg,Is there a orange in the image?,yes,random,orange,کیا تصویر میں نارنجی ہے؟
494550,COCO_val2014_000000494550.jpg,Is there a bed in the image?,no,random,bed,کیا تصویر میں کوئی بستر ہے؟
494550,COCO_val2014_000000494550.jpg,Is there a cat in the image?,no,random,cat,کیا تصویر میں بلی ہے؟
494550,COCO_val2014_000000494550.jpg,Is there a tv in the image?,no,random,tv,کیا تصویر میں ٹی وی ہے؟
494550,COCO_val2014_000000494550.jpg,Is there a orange in the image?,yes,popular,orange,کیا تصویر میں نارنجی ہے؟
494550,COCO_val2014_000000494550.jpg,Is there a apple in the image?,yes,popular,apple,کیا تصویر میں ایک سیب ہے؟
494550,COCO_val2014_000000494550.jpg,Is there a banana in the image?,yes,popular,banana,کیا تصویر میں کیلا ہے؟
494550,COCO_val2014_000000494550.jpg,Is there a person in the image?,no,popular,person,کیا تصویر میں کوئی شخص ہے؟
494550,COCO_val2014_000000494550.jpg,Is there a car in the image?,no,popular,car,کیا تصویر میں کوئی کار ہے؟
494550,COCO_val2014_000000494550.jpg,Is there a chair in the image?,no,popular,chair,کیا تصویر میں کرسی ہے؟
494550,COCO_val2014_000000494550.jpg,Is there a apple in the image?,yes,adversarial,apple,کیا تصویر میں ایک سیب ہے؟
494550,COCO_val2014_000000494550.jpg,Is there a orange in the image?,yes,adversarial,orange,کیا تصویر میں نارنجی ہے؟
494550,COCO_val2014_000000494550.jpg,Is there a banana in the image?,yes,adversarial,banana,کیا تصویر میں کیلا ہے؟
494550,COCO_val2014_000000494550.jpg,Is there a person in the image?,no,adversarial,person,کیا تصویر میں کوئی شخص ہے؟
494550,COCO_val2014_000000494550.jpg,Is there a car in the image?,no,adversarial,car,کیا تصویر میں کوئی کار ہے؟
494550,COCO_val2014_000000494550.jpg,Is there a chair in the image?,no,adversarial,chair,کیا تصویر میں کرسی ہے؟
89032,COCO_val2014_000000089032.jpg,Is there a tie in the image?,yes,random,tie,کیا تصویر میں ٹائی ہے؟
89032,COCO_val2014_000000089032.jpg,Is there a umbrella in the image?,yes,random,umbrella,کیا تصویر میں چھتری ہے؟
89032,COCO_val2014_000000089032.jpg,Is there a person in the image?,yes,random,person,کیا تصویر میں کوئی شخص ہے؟
89032,COCO_val2014_000000089032.jpg,Is there a bed in the image?,no,random,bed,کیا تصویر میں کوئی بستر ہے؟
89032,COCO_val2014_000000089032.jpg,Is there a bowl in the image?,no,random,bowl,کیا تصویر میں ایک پیالہ ہے؟
89032,COCO_val2014_000000089032.jpg,Is there a skateboard in the image?,no,random,skateboard,کیا تصویر میں اسکیٹ بورڈ ہے؟
89032,COCO_val2014_000000089032.jpg,Is there a tie in the image?,yes,popular,tie,کیا تصویر میں ٹائی ہے؟
89032,COCO_val2014_000000089032.jpg,Is there a person in the image?,yes,popular,person,کیا تصویر میں کوئی شخص ہے؟
89032,COCO_val2014_000000089032.jpg,Is there a umbrella in the image?,yes,popular,umbrella,کیا تصویر میں چھتری ہے؟
89032,COCO_val2014_000000089032.jpg,Is there a chair in the image?,no,popular,chair,کیا تصویر میں کرسی ہے؟
89032,COCO_val2014_000000089032.jpg,Is there a book in the image?,no,popular,book,کیا تصویر میں کوئی کتاب ہے؟
89032,COCO_val2014_000000089032.jpg,Is there a bottle in the image?,no,popular,bottle,کیا تصویر میں کوئی بوتل ہے؟
89032,COCO_val2014_000000089032.jpg,Is there a tie in the image?,yes,adversarial,tie,کیا تصویر میں ٹائی ہے؟
89032,COCO_val2014_000000089032.jpg,Is there a umbrella in the image?,yes,adversarial,umbrella,کیا تصویر میں چھتری ہے؟
89032,COCO_val2014_000000089032.jpg,Is there a car in the image?,yes,adversarial,car,کیا تصویر میں کوئی کار ہے؟
89032,COCO_val2014_000000089032.jpg,Is there a chair in the image?,no,adversarial,chair,کیا تصویر میں کرسی ہے؟
89032,COCO_val2014_000000089032.jpg,Is there a book in the image?,no,adversarial,book,کیا تصویر میں کوئی کتاب ہے؟
89032,COCO_val2014_000000089032.jpg,Is there a bottle in the image?,no,adversarial,bottle,کیا تصویر میں کوئی بوتل ہے؟
110313,COCO_val2014_000000110313.jpg,Is there a handbag in the image?,yes,random,handbag,کیا تصویر میں ہینڈ بیگ ہے؟
110313,COCO_val2014_000000110313.jpg,Is there a person in the image?,yes,random,person,کیا تصویر میں کوئی شخص ہے؟
110313,COCO_val2014_000000110313.jpg,Is there a umbrella in the image?,yes,random,umbrella,کیا تصویر میں چھتری ہے؟
110313,COCO_val2014_000000110313.jpg,Is there a laptop in the image?,no,random,laptop,کیا تصویر میں لیپ ٹاپ ہے؟
110313,COCO_val2014_000000110313.jpg,Is there a oven in the image?,no,random,oven,کیا تصویر میں تندور ہے؟
110313,COCO_val2014_000000110313.jpg,Is there a bed in the image?,no,random,bed,کیا تصویر میں کوئی بستر ہے؟
110313,COCO_val2014_000000110313.jpg,Is there a umbrella in the image?,yes,popular,umbrella,کیا تصویر میں چھتری ہے؟
110313,COCO_val2014_000000110313.jpg,Is there a person in the image?,yes,popular,person,کیا تصویر میں کوئی شخص ہے؟
110313,COCO_val2014_000000110313.jpg,Is there a handbag in the image?,yes,popular,handbag,کیا تصویر میں ہینڈ بیگ ہے؟
110313,COCO_val2014_000000110313.jpg,Is there a car in the image?,no,popular,car,کیا تصویر میں کوئی کار ہے؟
110313,COCO_val2014_000000110313.jpg,Is there a chair in the image?,no,popular,chair,کیا تصویر میں کرسی ہے؟
110313,COCO_val2014_000000110313.jpg,Is there a book in the image?,no,popular,book,کیا تصویر میں کوئی کتاب ہے؟
110313,COCO_val2014_000000110313.jpg,Is there a handbag in the image?,yes,adversarial,handbag,کیا تصویر میں ہینڈ بیگ ہے؟
110313,COCO_val2014_000000110313.jpg,Is there a umbrella in the image?,yes,adversarial,umbrella,کیا تصویر میں چھتری ہے؟
110313,COCO_val2014_000000110313.jpg,Is there a person in the image?,yes,adversarial,person,کیا تصویر میں کوئی شخص ہے؟
110313,COCO_val2014_000000110313.jpg,Is there a car in the image?,no,adversarial,car,کیا تصویر میں کوئی کار ہے؟
110313,COCO_val2014_000000110313.jpg,Is there a chair in the image?,no,adversarial,chair,کیا تصویر میں کرسی ہے؟
110313,COCO_val2014_000000110313.jpg,Is there a book in the image?,no,adversarial,book,کیا تصویر میں کوئی کتاب ہے؟
444913,COCO_val2014_000000444913.jpg,Is there a frisbee in the image?,yes,random,frisbee,کیا تصویر میں فریسبی ہے؟
444913,COCO_val2014_000000444913.jpg,Is there a car in the image?,yes,random,car,کیا تصویر میں کوئی کار ہے؟
444913,COCO_val2014_000000444913.jpg,Is there a person in the image?,yes,random,person,کیا تصویر میں کوئی شخص ہے؟
444913,COCO_val2014_000000444913.jpg,Is there a bowl in the image?,no,random,bowl,کیا تصویر میں ایک پیالہ ہے؟
444913,COCO_val2014_000000444913.jpg,Is there a spoon in the image?,no,random,spoon,کیا تصویر میں چمچ ہے؟
444913,COCO_val2014_000000444913.jpg,Is there a cat in the image?,no,random,cat,کیا تصویر میں بلی ہے؟
444913,COCO_val2014_000000444913.jpg,Is there a person in the image?,yes,popular,person,کیا تصویر میں کوئی شخص ہے؟
444913,COCO_val2014_000000444913.jpg,Is there a frisbee in the image?,yes,popular,frisbee,کیا تصویر میں فریسبی ہے؟
444913,COCO_val2014_000000444913.jpg,Is there a car in the image?,yes,popular,car,کیا تصویر میں کوئی کار ہے؟
444913,COCO_val2014_000000444913.jpg,Is there a chair in the image?,no,popular,chair,کیا تصویر میں کرسی ہے؟
444913,COCO_val2014_000000444913.jpg,Is there a book in the image?,no,popular,book,کیا تصویر میں کوئی کتاب ہے؟
444913,COCO_val2014_000000444913.jpg,Is there a bottle in the image?,no,popular,bottle,کیا تصویر میں کوئی بوتل ہے؟
444913,COCO_val2014_000000444913.jpg,Is there a car in the image?,yes,adversarial,car,کیا تصویر میں کوئی کار ہے؟
444913,COCO_val2014_000000444913.jpg,Is there a frisbee in the image?,yes,adversarial,frisbee,کیا تصویر میں فریسبی ہے؟
444913,COCO_val2014_000000444913.jpg,Is there a person in the image?,yes,adversarial,person,کیا تصویر میں کوئی شخص ہے؟
444913,COCO_val2014_000000444913.jpg,Is there a chair in the image?,no,adversarial,chair,کیا تصویر میں کرسی ہے؟
444913,COCO_val2014_000000444913.jpg,Is there a book in the image?,no,adversarial,book,کیا تصویر میں کوئی کتاب ہے؟
444913,COCO_val2014_000000444913.jpg,Is there a bottle in the image?,no,adversarial,bottle,کیا تصویر میں کوئی بوتل ہے؟
153524,COCO_val2014_000000153524.jpg,Is there a mouse in the image?,yes,random,mouse,کیا تصویر میں کوئی چوہا ہے؟
153524,COCO_val2014_000000153524.jpg,Is there a keyboard in the image?,yes,random,keyboard,کیا تصویر میں کی بورڈ ہے؟
153524,COCO_val2014_000000153524.jpg,Is there a tv in the image?,yes,random,tv,کیا تصویر میں ٹی وی ہے؟
153524,COCO_val2014_000000153524.jpg,Is there a potted plant in the image?,no,random,potted plant,کیا تصویر میں کوئی پودا ہے؟
153524,COCO_val2014_000000153524.jpg,Is there a stop sign in the image?,no,random,stop sign,کیا تصویر میں سٹاپ کا نشان ہے؟
153524,COCO_val2014_000000153524.jpg,Is there a wine glass in the image?,no,random,wine glass,کیا تصویر میں شراب کا گلاس ہے؟
153524,COCO_val2014_000000153524.jpg,Is there a keyboard in the image?,yes,popular,keyboard,کیا تصویر میں کی بورڈ ہے؟
153524,COCO_val2014_000000153524.jpg,Is there a mouse in the image?,yes,popular,mouse,کیا تصویر میں کوئی چوہا ہے؟
153524,COCO_val2014_000000153524.jpg,Is there a tv in the image?,yes,popular,tv,کیا تصویر میں ٹی وی ہے؟
153524,COCO_val2014_000000153524.jpg,Is there a person in the image?,no,popular,person,کیا تصویر میں کوئی شخص ہے؟
153524,COCO_val2014_000000153524.jpg,Is there a car in the image?,no,popular,car,کیا تصویر میں کوئی کار ہے؟
153524,COCO_val2014_000000153524.jpg,Is there a chair in the image?,no,popular,chair,کیا تصویر میں کرسی ہے؟
153524,COCO_val2014_000000153524.jpg,Is there a keyboard in the image?,yes,adversarial,keyboard,کیا تصویر میں کی بورڈ ہے؟
153524,COCO_val2014_000000153524.jpg,Is there a tv in the image?,yes,adversarial,tv,کیا تصویر میں ٹی وی ہے؟
153524,COCO_val2014_000000153524.jpg,Is there a mouse in the image?,yes,adversarial,mouse,کیا تصویر میں کوئی چوہا ہے؟
153524,COCO_val2014_000000153524.jpg,Is there a person in the image?,no,adversarial,person,کیا تصویر میں کوئی شخص ہے؟
153524,COCO_val2014_000000153524.jpg,Is there a car in the image?,no,adversarial,car,کیا تصویر میں کوئی کار ہے؟
153524,COCO_val2014_000000153524.jpg,Is there a chair in the image?,no,adversarial,chair,کیا تصویر میں کرسی ہے؟
155687,COCO_val2014_000000155687.jpg,Is there a umbrella in the image?,yes,random,umbrella,کیا تصویر میں چھتری ہے؟
155687,COCO_val2014_000000155687.jpg,Is there a person in the image?,yes,random,person,کیا تصویر میں کوئی شخص ہے؟
155687,COCO_val2014_000000155687.jpg,Is there a handbag in the image?,yes,random,handbag,کیا تصویر میں ہینڈ بیگ ہے؟
155687,COCO_val2014_000000155687.jpg,Is there a oven in the image?,no,random,oven,کیا تصویر میں تندور ہے؟
155687,COCO_val2014_000000155687.jpg,Is there a orange in the image?,no,random,orange,کیا تصویر میں نارنجی ہے؟
155687,COCO_val2014_000000155687.jpg,Is there a keyboard in the image?,no,random,keyboard,کیا تصویر میں کی بورڈ ہے؟
155687,COCO_val2014_000000155687.jpg,Is there a handbag in the image?,yes,popular,handbag,کیا تصویر میں ہینڈ بیگ ہے؟
155687,COCO_val2014_000000155687.jpg,Is there a umbrella in the image?,yes,popular,umbrella,کیا تصویر میں چھتری ہے؟
155687,COCO_val2014_000000155687.jpg,Is there a person in the image?,yes,popular,person,کیا تصویر میں کوئی شخص ہے؟
155687,COCO_val2014_000000155687.jpg,Is there a car in the image?,no,popular,car,کیا تصویر میں کوئی کار ہے؟
155687,COCO_val2014_000000155687.jpg,Is there a chair in the image?,no,popular,chair,کیا تصویر میں کرسی ہے؟
155687,COCO_val2014_000000155687.jpg,Is there a book in the image?,no,popular,book,کیا تصویر میں کوئی کتاب ہے؟
155687,COCO_val2014_000000155687.jpg,Is there a person in the image?,yes,adversarial,person,کیا تصویر میں کوئی شخص ہے؟
155687,COCO_val2014_000000155687.jpg,Is there a umbrella in the image?,yes,adversarial,umbrella,کیا تصویر میں چھتری ہے؟
155687,COCO_val2014_000000155687.jpg,Is there a handbag in the image?,yes,adversarial,handbag,کیا تصویر میں ہینڈ بیگ ہے؟
155687,COCO_val2014_000000155687.jpg,Is there a car in the image?,no,adversarial,car,کیا تصویر میں کوئی کار ہے؟
155687,COCO_val2014_000000155687.jpg,Is there a chair in the image?,no,adversarial,chair,کیا تصویر میں کرسی ہے؟
155687,COCO_val2014_000000155687.jpg,Is there a book in the image?,no,adversarial,book,کیا تصویر میں کوئی کتاب ہے؟
65001,COCO_val2014_000000065001.jpg,Is there a car in the image?,yes,random,car,کیا تصویر میں کوئی کار ہے؟
65001,COCO_val2014_000000065001.jpg,Is there a motorcycle in the image?,yes,random,motorcycle,کیا تصویر میں کوئی موٹر سائیکل ہے؟
65001,COCO_val2014_000000065001.jpg,Is there a person in the image?,yes,random,person,کیا تصویر میں کوئی شخص ہے؟
65001,COCO_val2014_000000065001.jpg,Is there a sheep in the image?,no,random,sheep,کیا تصویر میں بھیڑ ہے؟
65001,COCO_val2014_000000065001.jpg,Is there a train in the image?,no,random,train,کیا تصویر میں ٹرین ہے؟
65001,COCO_val2014_000000065001.jpg,Is there a kite in the image?,no,random,kite,کیا تصویر میں پتنگ ہے؟
65001,COCO_val2014_000000065001.jpg,Is there a motorcycle in the image?,yes,popular,motorcycle,کیا تصویر میں کوئی موٹر سائیکل ہے؟
65001,COCO_val2014_000000065001.jpg,Is there a person in the image?,yes,popular,person,کیا تصویر میں کوئی شخص ہے؟
65001,COCO_val2014_000000065001.jpg,Is there a car in the image?,yes,popular,car,کیا تصویر میں کوئی کار ہے؟
65001,COCO_val2014_000000065001.jpg,Is there a chair in the image?,no,popular,chair,کیا تصویر میں کرسی ہے؟
65001,COCO_val2014_000000065001.jpg,Is there a book in the image?,no,popular,book,کیا تصویر میں کوئی کتاب ہے؟
65001,COCO_val2014_000000065001.jpg,Is there a bottle in the image?,no,popular,bottle,کیا تصویر میں کوئی بوتل ہے؟
65001,COCO_val2014_000000065001.jpg,Is there a motorcycle in the image?,yes,adversarial,motorcycle,کیا تصویر میں کوئی موٹر سائیکل ہے؟
65001,COCO_val2014_000000065001.jpg,Is there a person in the image?,yes,adversarial,person,کیا تصویر میں کوئی شخص ہے؟
65001,COCO_val2014_000000065001.jpg,Is there a car in the image?,yes,adversarial,car,کیا تصویر میں کوئی کار ہے؟
65001,COCO_val2014_000000065001.jpg,Is there a chair in the image?,no,adversarial,chair,کیا تصویر میں کرسی ہے؟
65001,COCO_val2014_000000065001.jpg,Is there a book in the image?,no,adversarial,book,کیا تصویر میں کوئی کتاب ہے؟
65001,COCO_val2014_000000065001.jpg,Is there a bottle in the image?,no,adversarial,bottle,کیا تصویر میں کوئی بوتل ہے؟
428712,COCO_val2014_000000428712.jpg,Is there a dining table in the image?,yes,random,dining table,کیا تصویر میں کھانے کی میز ہے؟
428712,COCO_val2014_000000428712.jpg,Is there a sandwich in the image?,yes,random,sandwich,کیا تصویر میں کوئی سینڈوچ ہے؟
428712,COCO_val2014_000000428712.jpg,Is there a cake in the image?,yes,random,cake,کیا تصویر میں کیک ہے؟
428712,COCO_val2014_000000428712.jpg,Is there a tv in the image?,no,random,tv,کیا تصویر میں ٹی وی ہے؟
428712,COCO_val2014_000000428712.jpg,Is there a cat in the image?,no,random,cat,کیا تصویر میں بلی ہے؟
428712,COCO_val2014_000000428712.jpg,Is there a cow in the image?,no,random,cow,کیا تصویر میں گائے ہے؟
428712,COCO_val2014_000000428712.jpg,Is there a cake in the image?,yes,popular,cake,کیا تصویر میں کیک ہے؟
428712,COCO_val2014_000000428712.jpg,Is there a sandwich in the image?,yes,popular,sandwich,کیا تصویر میں کوئی سینڈوچ ہے؟
428712,COCO_val2014_000000428712.jpg,Is there a dining table in the image?,yes,popular,dining table,کیا تصویر میں کھانے کی میز ہے؟
428712,COCO_val2014_000000428712.jpg,Is there a person in the image?,no,popular,person,کیا تصویر میں کوئی شخص ہے؟
428712,COCO_val2014_000000428712.jpg,Is there a car in the image?,no,popular,car,کیا تصویر میں کوئی کار ہے؟
428712,COCO_val2014_000000428712.jpg,Is there a chair in the image?,no,popular,chair,کیا تصویر میں کرسی ہے؟
428712,COCO_val2014_000000428712.jpg,Is there a cake in the image?,yes,adversarial,cake,کیا تصویر میں کیک ہے؟
428712,COCO_val2014_000000428712.jpg,Is there a sandwich in the image?,yes,adversarial,sandwich,کیا تصویر میں کوئی سینڈوچ ہے؟
428712,COCO_val2014_000000428712.jpg,Is there a dining table in the image?,yes,adversarial,dining table,کیا تصویر میں کھانے کی میز ہے؟
428712,COCO_val2014_000000428712.jpg,Is there a person in the image?,no,adversarial,person,کیا تصویر میں کوئی شخص ہے؟
428712,COCO_val2014_000000428712.jpg,Is there a car in the image?,no,adversarial,car,کیا تصویر میں کوئی کار ہے؟
428712,COCO_val2014_000000428712.jpg,Is there a chair in the image?,no,adversarial,chair,کیا تصویر میں کرسی ہے؟
131280,COCO_val2014_000000131280.jpg,Is there a baseball glove in the image?,yes,random,baseball glove,کیا تصویر میں بیس بال کا دستانہ ہے؟
131280,COCO_val2014_000000131280.jpg,Is there a sports ball in the image?,yes,random,sports ball,کیا تصویر میں کھیلوں کی گیند ہے؟
131280,COCO_val2014_000000131280.jpg,Is there a person in the image?,yes,random,person,کیا تصویر میں کوئی شخص ہے؟
131280,COCO_val2014_000000131280.jpg,Is there a pizza in the image?,no,random,pizza,کیا تصویر میں پیزا ہے؟
131280,COCO_val2014_000000131280.jpg,Is there a handbag in the image?,no,random,handbag,کیا تصویر میں ہینڈ بیگ ہے؟
131280,COCO_val2014_000000131280.jpg,Is there a oven in the image?,no,random,oven,کیا تصویر میں تندور ہے؟
131280,COCO_val2014_000000131280.jpg,Is there a baseball glove in the image?,yes,popular,baseball glove,کیا تصویر میں بیس بال کا دستانہ ہے؟
131280,COCO_val2014_000000131280.jpg,Is there a person in the image?,yes,popular,person,کیا تصویر میں کوئی شخص ہے؟
131280,COCO_val2014_000000131280.jpg,Is there a sports ball in the image?,yes,popular,sports ball,کیا تصویر میں کھیلوں کی گیند ہے؟
131280,COCO_val2014_000000131280.jpg,Is there a car in the image?,no,popular,car,کیا تصویر میں کوئی کار ہے؟
131280,COCO_val2014_000000131280.jpg,Is there a chair in the image?,no,popular,chair,کیا تصویر میں کرسی ہے؟
131280,COCO_val2014_000000131280.jpg,Is there a book in the image?,no,popular,book,کیا تصویر میں کوئی کتاب ہے؟
131280,COCO_val2014_000000131280.jpg,Is there a sports ball in the image?,yes,adversarial,sports ball,کیا تصویر میں کھیلوں کی گیند ہے؟
131280,COCO_val2014_000000131280.jpg,Is there a baseball glove in the image?,yes,adversarial,baseball glove,کیا تصویر میں بیس بال کا دستانہ ہے؟
131280,COCO_val2014_000000131280.jpg,Is there a umbrella in the image?,yes,adversarial,umbrella,کیا تصویر میں چھتری ہے؟
131280,COCO_val2014_000000131280.jpg,Is there a car in the image?,no,adversarial,car,کیا تصویر میں کوئی کار ہے؟
131280,COCO_val2014_000000131280.jpg,Is there a chair in the image?,no,adversarial,chair,کیا تصویر میں کرسی ہے؟
131280,COCO_val2014_000000131280.jpg,Is there a book in the image?,no,adversarial,book,کیا تصویر میں کوئی کتاب ہے؟
375285,COCO_val2014_000000375285.jpg,Is there a person in the image?,yes,random,person,کیا تصویر میں کوئی شخص ہے؟
375285,COCO_val2014_000000375285.jpg,Is there a backpack in the image?,yes,random,backpack,کیا تصویر میں کوئی بیگ ہے؟
375285,COCO_val2014_000000375285.jpg,Is there a surfboard in the image?,yes,random,surfboard,کیا تصویر میں کوئی سرف بورڈ ہے؟
375285,COCO_val2014_000000375285.jpg,Is there a hair drier in the image?,no,random,hair drier,کیا تصویر میں ہیئر ڈرائر ہے؟
375285,COCO_val2014_000000375285.jpg,Is there a teddy bear in the image?,no,random,teddy bear,کیا تصویر میں کوئی ٹیڈی بیر ہے؟
375285,COCO_val2014_000000375285.jpg,Is there a remote in the image?,no,random,remote,کیا تصویر میں کوئی ریموٹ ہے؟
375285,COCO_val2014_000000375285.jpg,Is there a person in the image?,yes,popular,person,کیا تصویر میں کوئی شخص ہے؟
375285,COCO_val2014_000000375285.jpg,Is there a backpack in the image?,yes,popular,backpack,کیا تصویر میں کوئی بیگ ہے؟
375285,COCO_val2014_000000375285.jpg,Is there a surfboard in the image?,yes,popular,surfboard,کیا تصویر میں کوئی سرف بورڈ ہے؟
375285,COCO_val2014_000000375285.jpg,Is there a car in the image?,no,popular,car,کیا تصویر میں کوئی کار ہے؟
375285,COCO_val2014_000000375285.jpg,Is there a chair in the image?,no,popular,chair,کیا تصویر میں کرسی ہے؟
375285,COCO_val2014_000000375285.jpg,Is there a book in the image?,no,popular,book,کیا تصویر میں کوئی کتاب ہے؟
375285,COCO_val2014_000000375285.jpg,Is there a backpack in the image?,yes,adversarial,backpack,کیا تصویر میں کوئی بیگ ہے؟
375285,COCO_val2014_000000375285.jpg,Is there a surfboard in the image?,yes,adversarial,surfboard,کیا تصویر میں کوئی سرف بورڈ ہے؟
375285,COCO_val2014_000000375285.jpg,Is there a person in the image?,yes,adversarial,person,کیا تصویر میں کوئی شخص ہے؟
375285,COCO_val2014_000000375285.jpg,Is there a car in the image?,no,adversarial,car,کیا تصویر میں کوئی کار ہے؟
375285,COCO_val2014_000000375285.jpg,Is there a chair in the image?,no,adversarial,chair,کیا تصویر میں کرسی ہے؟
375285,COCO_val2014_000000375285.jpg,Is there a book in the image?,no,adversarial,book,کیا تصویر میں کوئی کتاب ہے؟
403177,COCO_val2014_000000403177.jpg,Is there a dining table in the image?,yes,random,dining table,کیا تصویر میں کھانے کی میز ہے؟
403177,COCO_val2014_000000403177.jpg,Is there a sandwich in the image?,yes,random,sandwich,کیا تصویر میں کوئی سینڈوچ ہے؟
403177,COCO_val2014_000000403177.jpg,Is there a person in the image?,yes,random,person,کیا تصویر میں کوئی شخص ہے؟
403177,COCO_val2014_000000403177.jpg,Is there a snowboard in the image?,no,random,snowboard,کیا تصویر میں سنو بورڈ ہے؟
403177,COCO_val2014_000000403177.jpg,Is there a scissors in the image?,no,random,scissors,کیا تصویر میں قینچی ہے؟
403177,COCO_val2014_000000403177.jpg,Is there a carrot in the image?,no,random,carrot,کیا تصویر میں گاجر ہے؟
403177,COCO_val2014_000000403177.jpg,Is there a person in the image?,yes,popular,person,کیا تصویر میں کوئی شخص ہے؟
403177,COCO_val2014_000000403177.jpg,Is there a dining table in the image?,yes,popular,dining table,کیا تصویر میں کھانے کی میز ہے؟
403177,COCO_val2014_000000403177.jpg,Is there a sandwich in the image?,yes,popular,sandwich,کیا تصویر میں کوئی سینڈوچ ہے؟
403177,COCO_val2014_000000403177.jpg,Is there a car in the image?,no,popular,car,کیا تصویر میں کوئی کار ہے؟
403177,COCO_val2014_000000403177.jpg,Is there a chair in the image?,no,popular,chair,کیا تصویر میں کرسی ہے؟
403177,COCO_val2014_000000403177.jpg,Is there a book in the image?,no,popular,book,کیا تصویر میں کوئی کتاب ہے؟
403177,COCO_val2014_000000403177.jpg,Is there a dining table in the image?,yes,adversarial,dining table,کیا تصویر میں کھانے کی میز ہے؟
403177,COCO_val2014_000000403177.jpg,Is there a sandwich in the image?,yes,adversarial,sandwich,کیا تصویر میں کوئی سینڈوچ ہے؟
403177,COCO_val2014_000000403177.jpg,Is there a person in the image?,yes,adversarial,person,کیا تصویر میں کوئی شخص ہے؟
403177,COCO_val2014_000000403177.jpg,Is there a car in the image?,no,adversarial,car,کیا تصویر میں کوئی کار ہے؟
403177,COCO_val2014_000000403177.jpg,Is there a chair in the image?,no,adversarial,chair,کیا تصویر میں کرسی ہے؟
403177,COCO_val2014_000000403177.jpg,Is there a book in the image?,no,adversarial,book,کیا تصویر میں کوئی کتاب ہے؟
520047,COCO_val2014_000000520047.jpg,Is there a truck in the image?,yes,random,truck,کیا تصویر میں کوئی ٹرک ہے؟
520047,COCO_val2014_000000520047.jpg,Is there a person in the image?,yes,random,person,کیا تصویر میں کوئی شخص ہے؟
520047,COCO_val2014_000000520047.jpg,Is there a train in the image?,yes,random,train,کیا تصویر میں ٹرین ہے؟
520047,COCO_val2014_000000520047.jpg,Is there a boat in the image?,no,random,boat,کیا تصویر میں کوئی کشتی ہے؟
520047,COCO_val2014_000000520047.jpg,Is there a bear in the image?,no,random,bear,کیا تصویر میں ریچھ ہے؟
520047,COCO_val2014_000000520047.jpg,Is there a oven in the image?,no,random,oven,کیا تصویر میں تندور ہے؟
520047,COCO_val2014_000000520047.jpg,Is there a train in the image?,yes,popular,train,کیا تصویر میں ٹرین ہے؟
520047,COCO_val2014_000000520047.jpg,Is there a traffic light in the image?,yes,popular,traffic light,کیا تصویر میں ٹریفک لائٹ ہے؟
520047,COCO_val2014_000000520047.jpg,Is there a car in the image?,yes,popular,car,کیا تصویر میں کوئی کار ہے؟
520047,COCO_val2014_000000520047.jpg,Is there a chair in the image?,no,popular,chair,کیا تصویر میں کرسی ہے؟
520047,COCO_val2014_000000520047.jpg,Is there a book in the image?,no,popular,book,کیا تصویر میں کوئی کتاب ہے؟
520047,COCO_val2014_000000520047.jpg,Is there a bottle in the image?,no,popular,bottle,کیا تصویر میں کوئی بوتل ہے؟
520047,COCO_val2014_000000520047.jpg,Is there a truck in the image?,yes,adversarial,truck,کیا تصویر میں کوئی ٹرک ہے؟
520047,COCO_val2014_000000520047.jpg,Is there a car in the image?,yes,adversarial,car,کیا تصویر میں کوئی کار ہے؟
520047,COCO_val2014_000000520047.jpg,Is there a traffic light in the image?,yes,adversarial,traffic light,کیا تصویر میں ٹریفک لائٹ ہے؟
520047,COCO_val2014_000000520047.jpg,Is there a chair in the image?,no,adversarial,chair,کیا تصویر میں کرسی ہے؟
520047,COCO_val2014_000000520047.jpg,Is there a book in the image?,no,adversarial,book,کیا تصویر میں کوئی کتاب ہے؟
520047,COCO_val2014_000000520047.jpg,Is there a bottle in the image?,no,adversarial,bottle,کیا تصویر میں کوئی بوتل ہے؟
520659,COCO_val2014_000000520659.jpg,Is there a surfboard in the image?,yes,random,surfboard,کیا تصویر میں کوئی سرف بورڈ ہے؟
520659,COCO_val2014_000000520659.jpg,Is there a person in the image?,yes,random,person,کیا تصویر میں کوئی شخص ہے؟
520659,COCO_val2014_000000520659.jpg,Is there a umbrella in the image?,yes,random,umbrella,کیا تصویر میں چھتری ہے؟
520659,COCO_val2014_000000520659.jpg,Is there a cake in the image?,no,random,cake,کیا تصویر میں کیک ہے؟
520659,COCO_val2014_000000520659.jpg,Is there a elephant in the image?,no,random,elephant,کیا تصویر میں ہاتھی ہے؟
520659,COCO_val2014_000000520659.jpg,Is there a fire hydrant in the image?,no,random,fire hydrant,کیا تصویر میں فائر ہائیڈرنٹ ہے؟
520659,COCO_val2014_000000520659.jpg,Is there a surfboard in the image?,yes,popular,surfboard,کیا تصویر میں کوئی سرف بورڈ ہے؟
520659,COCO_val2014_000000520659.jpg,Is there a chair in the image?,yes,popular,chair,کیا تصویر میں کرسی ہے؟
520659,COCO_val2014_000000520659.jpg,Is there a umbrella in the image?,yes,popular,umbrella,کیا تصویر میں چھتری ہے؟
520659,COCO_val2014_000000520659.jpg,Is there a car in the image?,no,popular,car,کیا تصویر میں کوئی کار ہے؟
520659,COCO_val2014_000000520659.jpg,Is there a book in the image?,no,popular,book,کیا تصویر میں کوئی کتاب ہے؟
520659,COCO_val2014_000000520659.jpg,Is there a bottle in the image?,no,popular,bottle,کیا تصویر میں کوئی بوتل ہے؟
520659,COCO_val2014_000000520659.jpg,Is there a surfboard in the image?,yes,adversarial,surfboard,کیا تصویر میں کوئی سرف بورڈ ہے؟
520659,COCO_val2014_000000520659.jpg,Is there a umbrella in the image?,yes,adversarial,umbrella,کیا تصویر میں چھتری ہے؟
520659,COCO_val2014_000000520659.jpg,Is there a person in the image?,yes,adversarial,person,کیا تصویر میں کوئی شخص ہے؟
520659,COCO_val2014_000000520659.jpg,Is there a car in the image?,no,adversarial,car,کیا تصویر میں کوئی کار ہے؟
520659,COCO_val2014_000000520659.jpg,Is there a book in the image?,no,adversarial,book,کیا تصویر میں کوئی کتاب ہے؟
520659,COCO_val2014_000000520659.jpg,Is there a bottle in the image?,no,adversarial,bottle,کیا تصویر میں کوئی بوتل ہے؟
564743,COCO_val2014_000000564743.jpg,Is there a skis in the image?,yes,random,skis,کیا تصویر میں کوئی سکی ہے؟
564743,COCO_val2014_000000564743.jpg,Is there a snowboard in the image?,yes,random,snowboard,کیا تصویر میں سنو بورڈ ہے؟
564743,COCO_val2014_000000564743.jpg,Is there a backpack in the image?,yes,random,backpack,کیا تصویر میں کوئی بیگ ہے؟
564743,COCO_val2014_000000564743.jpg,Is there a spoon in the image?,no,random,spoon,کیا تصویر میں چمچ ہے؟
564743,COCO_val2014_000000564743.jpg,Is there a keyboard in the image?,no,random,keyboard,کیا تصویر میں کی بورڈ ہے؟
564743,COCO_val2014_000000564743.jpg,Is there a book in the image?,no,random,book,کیا تصویر میں کوئی کتاب ہے؟
564743,COCO_val2014_000000564743.jpg,Is there a person in the image?,yes,popular,person,کیا تصویر میں کوئی شخص ہے؟
564743,COCO_val2014_000000564743.jpg,Is there a skis in the image?,yes,popular,skis,کیا تصویر میں کوئی سکی ہے؟
564743,COCO_val2014_000000564743.jpg,Is there a snowboard in the image?,yes,popular,snowboard,کیا تصویر میں سنو بورڈ ہے؟
564743,COCO_val2014_000000564743.jpg,Is there a car in the image?,no,popular,car,کیا تصویر میں کوئی کار ہے؟
564743,COCO_val2014_000000564743.jpg,Is there a chair in the image?,no,popular,chair,کیا تصویر میں کرسی ہے؟
564743,COCO_val2014_000000564743.jpg,Is there a book in the image?,no,popular,book,کیا تصویر میں کوئی کتاب ہے؟
564743,COCO_val2014_000000564743.jpg,Is there a backpack in the image?,yes,adversarial,backpack,کیا تصویر میں کوئی بیگ ہے؟
564743,COCO_val2014_000000564743.jpg,Is there a skis in the image?,yes,adversarial,skis,کیا تصویر میں کوئی سکی ہے؟
564743,COCO_val2014_000000564743.jpg,Is there a snowboard in the image?,yes,adversarial,snowboard,کیا تصویر میں سنو بورڈ ہے؟
564743,COCO_val2014_000000564743.jpg,Is there a car in the image?,no,adversarial,car,کیا تصویر میں کوئی کار ہے؟
564743,COCO_val2014_000000564743.jpg,Is there a chair in the image?,no,adversarial,chair,کیا تصویر میں کرسی ہے؟
564743,COCO_val2014_000000564743.jpg,Is there a book in the image?,no,adversarial,book,کیا تصویر میں کوئی کتاب ہے؟
36942,COCO_val2014_000000036942.jpg,Is there a couch in the image?,yes,random,couch,کیا تصویر میں صوفہ ہے؟
36942,COCO_val2014_000000036942.jpg,Is there a cat in the image?,yes,random,cat,کیا تصویر میں بلی ہے؟
36942,COCO_val2014_000000036942.jpg,Is there a laptop in the image?,yes,random,laptop,کیا تصویر میں لیپ ٹاپ ہے؟
36942,COCO_val2014_000000036942.jpg,Is there a bench in the image?,no,random,bench,کیا تصویر میں کوئی بینچ ہے؟
36942,COCO_val2014_000000036942.jpg,Is there a bed in the image?,no,random,bed,کیا تصویر میں کوئی بستر ہے؟
36942,COCO_val2014_000000036942.jpg,Is there a giraffe in the image?,no,random,giraffe,کیا تصویر میں زرافہ ہے؟
36942,COCO_val2014_000000036942.jpg,Is there a person in the image?,yes,popular,person,کیا تصویر میں کوئی شخص ہے؟
36942,COCO_val2014_000000036942.jpg,Is there a cat in the image?,yes,popular,cat,کیا تصویر میں بلی ہے؟
36942,COCO_val2014_000000036942.jpg,Is there a keyboard in the image?,yes,popular,keyboard,کیا تصویر میں کی بورڈ ہے؟
36942,COCO_val2014_000000036942.jpg,Is there a car in the image?,no,popular,car,کیا تصویر میں کوئی کار ہے؟
36942,COCO_val2014_000000036942.jpg,Is there a chair in the image?,no,popular,chair,کیا تصویر میں کرسی ہے؟
36942,COCO_val2014_000000036942.jpg,Is there a book in the image?,no,popular,book,کیا تصویر میں کوئی کتاب ہے؟
36942,COCO_val2014_000000036942.jpg,Is there a person in the image?,yes,adversarial,person,کیا تصویر میں کوئی شخص ہے؟
36942,COCO_val2014_000000036942.jpg,Is there a cat in the image?,yes,adversarial,cat,کیا تصویر میں بلی ہے؟
36942,COCO_val2014_000000036942.jpg,Is there a couch in the image?,yes,adversarial,couch,کیا تصویر میں صوفہ ہے؟
36942,COCO_val2014_000000036942.jpg,Is there a car in the image?,no,adversarial,car,کیا تصویر میں کوئی کار ہے؟
36942,COCO_val2014_000000036942.jpg,Is there a chair in the image?,no,adversarial,chair,کیا تصویر میں کرسی ہے؟
36942,COCO_val2014_000000036942.jpg,Is there a book in the image?,no,adversarial,book,کیا تصویر میں کوئی کتاب ہے؟
73445,COCO_val2014_000000073445.jpg,Is there a car in the image?,yes,random,car,کیا تصویر میں کوئی کار ہے؟
73445,COCO_val2014_000000073445.jpg,Is there a horse in the image?,yes,random,horse,کیا تصویر میں گھوڑا ہے؟
73445,COCO_val2014_000000073445.jpg,Is there a person in the image?,yes,random,person,کیا تصویر میں کوئی شخص ہے؟
73445,COCO_val2014_000000073445.jpg,Is there a bear in the image?,no,random,bear,کیا تصویر میں ریچھ ہے؟
73445,COCO_val2014_000000073445.jpg,Is there a baseball bat in the image?,no,random,baseball bat,کیا تصویر میں بیس بال کا بیٹ ہے؟
73445,COCO_val2014_000000073445.jpg,Is there a toaster in the image?,no,random,toaster,کیا تصویر میں ٹوسٹر ہے؟
73445,COCO_val2014_000000073445.jpg,Is there a car in the image?,yes,popular,car,کیا تصویر میں کوئی کار ہے؟
73445,COCO_val2014_000000073445.jpg,Is there a person in the image?,yes,popular,person,کیا تصویر میں کوئی شخص ہے؟
73445,COCO_val2014_000000073445.jpg,Is there a horse in the image?,yes,popular,horse,کیا تصویر میں گھوڑا ہے؟
73445,COCO_val2014_000000073445.jpg,Is there a chair in the image?,no,popular,chair,کیا تصویر میں کرسی ہے؟
73445,COCO_val2014_000000073445.jpg,Is there a book in the image?,no,popular,book,کیا تصویر میں کوئی کتاب ہے؟
73445,COCO_val2014_000000073445.jpg,Is there a bottle in the image?,no,popular,bottle,کیا تصویر میں کوئی بوتل ہے؟
73445,COCO_val2014_000000073445.jpg,Is there a person in the image?,yes,adversarial,person,کیا تصویر میں کوئی شخص ہے؟
73445,COCO_val2014_000000073445.jpg,Is there a horse in the image?,yes,adversarial,horse,کیا تصویر میں گھوڑا ہے؟
73445,COCO_val2014_000000073445.jpg,Is there a car in the image?,yes,adversarial,car,کیا تصویر میں کوئی کار ہے؟
73445,COCO_val2014_000000073445.jpg,Is there a chair in the image?,no,adversarial,chair,کیا تصویر میں کرسی ہے؟
73445,COCO_val2014_000000073445.jpg,Is there a book in the image?,no,adversarial,book,کیا تصویر میں کوئی کتاب ہے؟
73445,COCO_val2014_000000073445.jpg,Is there a bottle in the image?,no,adversarial,bottle,کیا تصویر میں کوئی بوتل ہے؟
50350,COCO_val2014_000000050350.jpg,Is there a bowl in the image?,yes,random,bowl,کیا تصویر میں ایک پیالہ ہے؟
50350,COCO_val2014_000000050350.jpg,Is there a toilet in the image?,yes,random,toilet,کیا تصویر میں بیت الخلا ہے؟
50350,COCO_val2014_000000050350.jpg,Is there a vase in the image?,yes,random,vase,کیا تصویر میں گلدان ہے؟
50350,COCO_val2014_000000050350.jpg,Is there a teddy bear in the image?,no,random,teddy bear,کیا تصویر میں کوئی ٹیڈی بیر ہے؟
50350,COCO_val2014_000000050350.jpg,Is there a sheep in the image?,no,random,sheep,کیا تصویر میں بھیڑ ہے؟
50350,COCO_val2014_000000050350.jpg,Is there a frisbee in the image?,no,random,frisbee,کیا تصویر میں فریسبی ہے؟
50350,COCO_val2014_000000050350.jpg,Is there a vase in the image?,yes,popular,vase,کیا تصویر میں گلدان ہے؟
50350,COCO_val2014_000000050350.jpg,Is there a bowl in the image?,yes,popular,bowl,کیا تصویر میں ایک پیالہ ہے؟
50350,COCO_val2014_000000050350.jpg,Is there a toilet in the image?,yes,popular,toilet,کیا تصویر میں بیت الخلا ہے؟
50350,COCO_val2014_000000050350.jpg,Is there a person in the image?,no,popular,person,کیا تصویر میں کوئی شخص ہے؟
50350,COCO_val2014_000000050350.jpg,Is there a car in the image?,no,popular,car,کیا تصویر میں کوئی کار ہے؟
50350,COCO_val2014_000000050350.jpg,Is there a chair in the image?,no,popular,chair,کیا تصویر میں کرسی ہے؟
50350,COCO_val2014_000000050350.jpg,Is there a vase in the image?,yes,adversarial,vase,کیا تصویر میں گلدان ہے؟
50350,COCO_val2014_000000050350.jpg,Is there a toilet in the image?,yes,adversarial,toilet,کیا تصویر میں بیت الخلا ہے؟
50350,COCO_val2014_000000050350.jpg,Is there a bowl in the image?,yes,adversarial,bowl,کیا تصویر میں ایک پیالہ ہے؟
50350,COCO_val2014_000000050350.jpg,Is there a person in the image?,no,adversarial,person,کیا تصویر میں کوئی شخص ہے؟
50350,COCO_val2014_000000050350.jpg,Is there a car in the image?,no,adversarial,car,کیا تصویر میں کوئی کار ہے؟
50350,COCO_val2014_000000050350.jpg,Is there a chair in the image?,no,adversarial,chair,کیا تصویر میں کرسی ہے؟
8333,COCO_val2014_000000008333.jpg,Is there a train in the image?,yes,random,train,کیا تصویر میں ٹرین ہے؟
8333,COCO_val2014_000000008333.jpg,Is there a traffic light in the image?,yes,random,traffic light,کیا تصویر میں ٹریفک لائٹ ہے؟
8333,COCO_val2014_000000008333.jpg,Is there a car in the image?,yes,random,car,کیا تصویر میں کوئی کار ہے؟
8333,COCO_val2014_000000008333.jpg,Is there a bench in the image?,no,random,bench,کیا تصویر میں کوئی بینچ ہے؟
8333,COCO_val2014_000000008333.jpg,Is there a dining table in the image?,no,random,dining table,کیا تصویر میں کھانے کی میز ہے؟
8333,COCO_val2014_000000008333.jpg,Is there a sandwich in the image?,no,random,sandwich,کیا تصویر میں کوئی سینڈوچ ہے؟
8333,COCO_val2014_000000008333.jpg,Is there a train in the image?,yes,popular,train,کیا تصویر میں ٹرین ہے؟
8333,COCO_val2014_000000008333.jpg,Is there a traffic light in the image?,yes,popular,traffic light,کیا تصویر میں ٹریفک لائٹ ہے؟
8333,COCO_val2014_000000008333.jpg,Is there a bus in the image?,yes,popular,bus,کیا تصویر میں بس ہے؟
8333,COCO_val2014_000000008333.jpg,Is there a person in the image?,no,popular,person,کیا تصویر میں کوئی شخص ہے؟
8333,COCO_val2014_000000008333.jpg,Is there a chair in the image?,no,popular,chair,کیا تصویر میں کرسی ہے؟
8333,COCO_val2014_000000008333.jpg,Is there a book in the image?,no,popular,book,کیا تصویر میں کوئی کتاب ہے؟
8333,COCO_val2014_000000008333.jpg,Is there a train in the image?,yes,adversarial,train,کیا تصویر میں ٹرین ہے؟
8333,COCO_val2014_000000008333.jpg,Is there a bus in the image?,yes,adversarial,bus,کیا تصویر میں بس ہے؟
8333,COCO_val2014_000000008333.jpg,Is there a traffic light in the image?,yes,adversarial,traffic light,کیا تصویر میں ٹریفک لائٹ ہے؟
8333,COCO_val2014_000000008333.jpg,Is there a person in the image?,no,adversarial,person,کیا تصویر میں کوئی شخص ہے؟
8333,COCO_val2014_000000008333.jpg,Is there a chair in the image?,no,adversarial,chair,کیا تصویر میں کرسی ہے؟
8333,COCO_val2014_000000008333.jpg,Is there a book in the image?,no,adversarial,book,کیا تصویر میں کوئی کتاب ہے؟
218494,COCO_val2014_000000218494.jpg,Is there a keyboard in the image?,yes,random,keyboard,کیا تصویر میں کی بورڈ ہے؟
218494,COCO_val2014_000000218494.jpg,Is there a laptop in the image?,yes,random,laptop,کیا تصویر میں لیپ ٹاپ ہے؟
218494,COCO_val2014_000000218494.jpg,Is there a mouse in the image?,yes,random,mouse,کیا تصویر میں کوئی چوہا ہے؟
218494,COCO_val2014_000000218494.jpg,Is there a bench in the image?,no,random,bench,کیا تصویر میں کوئی بینچ ہے؟
218494,COCO_val2014_000000218494.jpg,Is there a skis in the image?,no,random,skis,کیا تصویر میں کوئی سکی ہے؟
218494,COCO_val2014_000000218494.jpg,Is there a sandwich in the image?,no,random,sandwich,کیا تصویر میں کوئی سینڈوچ ہے؟
218494,COCO_val2014_000000218494.jpg,Is there a mouse in the image?,yes,popular,mouse,کیا تصویر میں کوئی چوہا ہے؟
218494,COCO_val2014_000000218494.jpg,Is there a laptop in the image?,yes,popular,laptop,کیا تصویر میں لیپ ٹاپ ہے؟
218494,COCO_val2014_000000218494.jpg,Is there a keyboard in the image?,yes,popular,keyboard,کیا تصویر میں کی بورڈ ہے؟
218494,COCO_val2014_000000218494.jpg,Is there a person in the image?,no,popular,person,کیا تصویر میں کوئی شخص ہے؟
218494,COCO_val2014_000000218494.jpg,Is there a car in the image?,no,popular,car,کیا تصویر میں کوئی کار ہے؟
218494,COCO_val2014_000000218494.jpg,Is there a chair in the image?,no,popular,chair,کیا تصویر میں کرسی ہے؟
218494,COCO_val2014_000000218494.jpg,Is there a mouse in the image?,yes,adversarial,mouse,کیا تصویر میں کوئی چوہا ہے؟
218494,COCO_val2014_000000218494.jpg,Is there a laptop in the image?,yes,adversarial,laptop,کیا تصویر میں لیپ ٹاپ ہے؟
218494,COCO_val2014_000000218494.jpg,Is there a keyboard in the image?,yes,adversarial,keyboard,کیا تصویر میں کی بورڈ ہے؟
218494,COCO_val2014_000000218494.jpg,Is there a person in the image?,no,adversarial,person,کیا تصویر میں کوئی شخص ہے؟
218494,COCO_val2014_000000218494.jpg,Is there a car in the image?,no,adversarial,car,کیا تصویر میں کوئی کار ہے؟
218494,COCO_val2014_000000218494.jpg,Is there a chair in the image?,no,adversarial,chair,کیا تصویر میں کرسی ہے؟
480652,COCO_val2014_000000480652.jpg,Is there a handbag in the image?,yes,random,handbag,کیا تصویر میں ہینڈ بیگ ہے؟
480652,COCO_val2014_000000480652.jpg,Is there a chair in the image?,yes,random,chair,کیا تصویر میں کرسی ہے؟
480652,COCO_val2014_000000480652.jpg,Is there a suitcase in the image?,yes,random,suitcase,کیا تصویر میں کوئی سوٹ کیس ہے؟
480652,COCO_val2014_000000480652.jpg,Is there a scissors in the image?,no,random,scissors,کیا تصویر میں قینچی ہے؟
480652,COCO_val2014_000000480652.jpg,Is there a train in the image?,no,random,train,کیا تصویر میں ٹرین ہے؟
480652,COCO_val2014_000000480652.jpg,Is there a cell phone in the image?,no,random,cell phone,کیا تصویر میں سیل فون ہے؟
480652,COCO_val2014_000000480652.jpg,Is there a backpack in the image?,yes,popular,backpack,کیا تصویر میں کوئی بیگ ہے؟
480652,COCO_val2014_000000480652.jpg,Is there a suitcase in the image?,yes,popular,suitcase,کیا تصویر میں کوئی سوٹ کیس ہے؟
480652,COCO_val2014_000000480652.jpg,Is there a chair in the image?,yes,popular,chair,کیا تصویر میں کرسی ہے؟
480652,COCO_val2014_000000480652.jpg,Is there a person in the image?,no,popular,person,کیا تصویر میں کوئی شخص ہے؟
480652,COCO_val2014_000000480652.jpg,Is there a car in the image?,no,popular,car,کیا تصویر میں کوئی کار ہے؟
480652,COCO_val2014_000000480652.jpg,Is there a book in the image?,no,popular,book,کیا تصویر میں کوئی کتاب ہے؟
480652,COCO_val2014_000000480652.jpg,Is there a chair in the image?,yes,adversarial,chair,کیا تصویر میں کرسی ہے؟
480652,COCO_val2014_000000480652.jpg,Is there a backpack in the image?,yes,adversarial,backpack,کیا تصویر میں کوئی بیگ ہے؟
480652,COCO_val2014_000000480652.jpg,Is there a suitcase in the image?,yes,adversarial,suitcase,کیا تصویر میں کوئی سوٹ کیس ہے؟
480652,COCO_val2014_000000480652.jpg,Is there a person in the image?,no,adversarial,person,کیا تصویر میں کوئی شخص ہے؟
480652,COCO_val2014_000000480652.jpg,Is there a car in the image?,no,adversarial,car,کیا تصویر میں کوئی کار ہے؟
480652,COCO_val2014_000000480652.jpg,Is there a book in the image?,no,adversarial,book,کیا تصویر میں کوئی کتاب ہے؟
114855,COCO_val2014_000000114855.jpg,Is there a bicycle in the image?,yes,random,bicycle,کیا تصویر میں کوئی سائیکل ہے؟
114855,COCO_val2014_000000114855.jpg,Is there a car in the image?,yes,random,car,کیا تصویر میں کوئی کار ہے؟
114855,COCO_val2014_000000114855.jpg,Is there a person in the image?,yes,random,person,کیا تصویر میں کوئی شخص ہے؟
114855,COCO_val2014_000000114855.jpg,Is there a cat in the image?,no,random,cat,کیا تصویر میں بلی ہے؟
114855,COCO_val2014_000000114855.jpg,Is there a boat in the image?,no,random,boat,کیا تصویر میں کوئی کشتی ہے؟
114855,COCO_val2014_000000114855.jpg,Is there a fork in the image?,no,random,fork,کیا تصویر میں کانٹا ہے؟
114855,COCO_val2014_000000114855.jpg,Is there a car in the image?,yes,popular,car,کیا تصویر میں کوئی کار ہے؟
114855,COCO_val2014_000000114855.jpg,Is there a person in the image?,yes,popular,person,کیا تصویر میں کوئی شخص ہے؟
114855,COCO_val2014_000000114855.jpg,Is there a bicycle in the image?,yes,popular,bicycle,کیا تصویر میں کوئی سائیکل ہے؟
114855,COCO_val2014_000000114855.jpg,Is there a chair in the image?,no,popular,chair,کیا تصویر میں کرسی ہے؟
114855,COCO_val2014_000000114855.jpg,Is there a book in the image?,no,popular,book,کیا تصویر میں کوئی کتاب ہے؟
114855,COCO_val2014_000000114855.jpg,Is there a bottle in the image?,no,popular,bottle,کیا تصویر میں کوئی بوتل ہے؟
114855,COCO_val2014_000000114855.jpg,Is there a bicycle in the image?,yes,adversarial,bicycle,کیا تصویر میں کوئی سائیکل ہے؟
114855,COCO_val2014_000000114855.jpg,Is there a person in the image?,yes,adversarial,person,کیا تصویر میں کوئی شخص ہے؟
114855,COCO_val2014_000000114855.jpg,Is there a car in the image?,yes,adversarial,car,کیا تصویر میں کوئی کار ہے؟
114855,COCO_val2014_000000114855.jpg,Is there a chair in the image?,no,adversarial,chair,کیا تصویر میں کرسی ہے؟
114855,COCO_val2014_000000114855.jpg,Is there a book in the image?,no,adversarial,book,کیا تصویر میں کوئی کتاب ہے؟
114855,COCO_val2014_000000114855.jpg,Is there a bottle in the image?,no,adversarial,bottle,کیا تصویر میں کوئی بوتل ہے؟
213843,COCO_val2014_000000213843.jpg,Is there a knife in the image?,yes,random,knife,کیا تصویر میں چاقو ہے؟
213843,COCO_val2014_000000213843.jpg,Is there a cup in the image?,yes,random,cup,کیا تصویر میں کپ ہے؟
213843,COCO_val2014_000000213843.jpg,Is there a cake in the image?,yes,random,cake,کیا تصویر میں کیک ہے؟
213843,COCO_val2014_000000213843.jpg,Is there a zebra in the image?,no,random,zebra,کیا تصویر میں زیبرا ہے؟
213843,COCO_val2014_000000213843.jpg,Is there a umbrella in the image?,no,random,umbrella,کیا تصویر میں چھتری ہے؟
213843,COCO_val2014_000000213843.jpg,Is there a dog in the image?,no,random,dog,کیا تصویر میں کتا ہے؟
213843,COCO_val2014_000000213843.jpg,Is there a cup in the image?,yes,popular,cup,کیا تصویر میں کپ ہے؟
213843,COCO_val2014_000000213843.jpg,Is there a knife in the image?,yes,popular,knife,کیا تصویر میں چاقو ہے؟
213843,COCO_val2014_000000213843.jpg,Is there a cake in the image?,yes,popular,cake,کیا تصویر میں کیک ہے؟
213843,COCO_val2014_000000213843.jpg,Is there a person in the image?,no,popular,person,کیا تصویر میں کوئی شخص ہے؟
213843,COCO_val2014_000000213843.jpg,Is there a car in the image?,no,popular,car,کیا تصویر میں کوئی کار ہے؟
213843,COCO_val2014_000000213843.jpg,Is there a chair in the image?,no,popular,chair,کیا تصویر میں کرسی ہے؟
213843,COCO_val2014_000000213843.jpg,Is there a cake in the image?,yes,adversarial,cake,کیا تصویر میں کیک ہے؟
213843,COCO_val2014_000000213843.jpg,Is there a knife in the image?,yes,adversarial,knife,کیا تصویر میں چاقو ہے؟
213843,COCO_val2014_000000213843.jpg,Is there a cup in the image?,yes,adversarial,cup,کیا تصویر میں کپ ہے؟
213843,COCO_val2014_000000213843.jpg,Is there a person in the image?,no,adversarial,person,کیا تصویر میں کوئی شخص ہے؟
213843,COCO_val2014_000000213843.jpg,Is there a car in the image?,no,adversarial,car,کیا تصویر میں کوئی کار ہے؟
213843,COCO_val2014_000000213843.jpg,Is there a chair in the image?,no,adversarial,chair,کیا تصویر میں کرسی ہے؟
168250,COCO_val2014_000000168250.jpg,Is there a cup in the image?,yes,random,cup,کیا تصویر میں کپ ہے؟
168250,COCO_val2014_000000168250.jpg,Is there a spoon in the image?,yes,random,spoon,کیا تصویر میں چمچ ہے؟
168250,COCO_val2014_000000168250.jpg,Is there a donut in the image?,yes,random,donut,کیا تصویر میں ڈونٹ ہے؟
168250,COCO_val2014_000000168250.jpg,Is there a tv in the image?,no,random,tv,کیا تصویر میں ٹی وی ہے؟
168250,COCO_val2014_000000168250.jpg,Is there a traffic light in the image?,no,random,traffic light,کیا تصویر میں ٹریفک لائٹ ہے؟
168250,COCO_val2014_000000168250.jpg,Is there a sheep in the image?,no,random,sheep,کیا تصویر میں بھیڑ ہے؟
168250,COCO_val2014_000000168250.jpg,Is there a donut in the image?,yes,popular,donut,کیا تصویر میں ڈونٹ ہے؟
168250,COCO_val2014_000000168250.jpg,Is there a cup in the image?,yes,popular,cup,کیا تصویر میں کپ ہے؟
168250,COCO_val2014_000000168250.jpg,Is there a spoon in the image?,yes,popular,spoon,کیا تصویر میں چمچ ہے؟
168250,COCO_val2014_000000168250.jpg,Is there a person in the image?,no,popular,person,کیا تصویر میں کوئی شخص ہے؟
168250,COCO_val2014_000000168250.jpg,Is there a car in the image?,no,popular,car,کیا تصویر میں کوئی کار ہے؟
168250,COCO_val2014_000000168250.jpg,Is there a chair in the image?,no,popular,chair,کیا تصویر میں کرسی ہے؟
168250,COCO_val2014_000000168250.jpg,Is there a donut in the image?,yes,adversarial,donut,کیا تصویر میں ڈونٹ ہے؟
168250,COCO_val2014_000000168250.jpg,Is there a cup in the image?,yes,adversarial,cup,کیا تصویر میں کپ ہے؟
168250,COCO_val2014_000000168250.jpg,Is there a spoon in the image?,yes,adversarial,spoon,کیا تصویر میں چمچ ہے؟
168250,COCO_val2014_000000168250.jpg,Is there a person in the image?,no,adversarial,person,کیا تصویر میں کوئی شخص ہے؟
168250,COCO_val2014_000000168250.jpg,Is there a car in the image?,no,adversarial,car,کیا تصویر میں کوئی کار ہے؟
168250,COCO_val2014_000000168250.jpg,Is there a chair in the image?,no,adversarial,chair,کیا تصویر میں کرسی ہے؟
307263,COCO_val2014_000000307263.jpg,Is there a bottle in the image?,yes,random,bottle,کیا تصویر میں کوئی بوتل ہے؟
307263,COCO_val2014_000000307263.jpg,Is there a bowl in the image?,yes,random,bowl,کیا تصویر میں ایک پیالہ ہے؟
307263,COCO_val2014_000000307263.jpg,Is there a carrot in the image?,yes,random,carrot,کیا تصویر میں گاجر ہے؟
307263,COCO_val2014_000000307263.jpg,Is there a tv in the image?,no,random,tv,کیا تصویر میں ٹی وی ہے؟
307263,COCO_val2014_000000307263.jpg,Is there a orange in the image?,no,random,orange,کیا تصویر میں نارنجی ہے؟
307263,COCO_val2014_000000307263.jpg,Is there a kite in the image?,no,random,kite,کیا تصویر میں پتنگ ہے؟
307263,COCO_val2014_000000307263.jpg,Is there a bowl in the image?,yes,popular,bowl,کیا تصویر میں ایک پیالہ ہے؟
307263,COCO_val2014_000000307263.jpg,Is there a bottle in the image?,yes,popular,bottle,کیا تصویر میں کوئی بوتل ہے؟
307263,COCO_val2014_000000307263.jpg,Is there a broccoli in the image?,yes,popular,broccoli,کیا تصویر میں بروکولی ہے؟
307263,COCO_val2014_000000307263.jpg,Is there a person in the image?,no,popular,person,کیا تصویر میں کوئی شخص ہے؟
307263,COCO_val2014_000000307263.jpg,Is there a car in the image?,no,popular,car,کیا تصویر میں کوئی کار ہے؟
307263,COCO_val2014_000000307263.jpg,Is there a chair in the image?,no,popular,chair,کیا تصویر میں کرسی ہے؟
307263,COCO_val2014_000000307263.jpg,Is there a carrot in the image?,yes,adversarial,carrot,کیا تصویر میں گاجر ہے؟
307263,COCO_val2014_000000307263.jpg,Is there a bottle in the image?,yes,adversarial,bottle,کیا تصویر میں کوئی بوتل ہے؟
307263,COCO_val2014_000000307263.jpg,Is there a bowl in the image?,yes,adversarial,bowl,کیا تصویر میں ایک پیالہ ہے؟
307263,COCO_val2014_000000307263.jpg,Is there a person in the image?,no,adversarial,person,کیا تصویر میں کوئی شخص ہے؟
307263,COCO_val2014_000000307263.jpg,Is there a car in the image?,no,adversarial,car,کیا تصویر میں کوئی کار ہے؟
307263,COCO_val2014_000000307263.jpg,Is there a chair in the image?,no,adversarial,chair,کیا تصویر میں کرسی ہے؟
496618,COCO_val2014_000000496618.jpg,Is there a sandwich in the image?,yes,random,sandwich,کیا تصویر میں کوئی سینڈوچ ہے؟
496618,COCO_val2014_000000496618.jpg,Is there a fork in the image?,yes,random,fork,کیا تصویر میں کانٹا ہے؟
496618,COCO_val2014_000000496618.jpg,Is there a cup in the image?,yes,random,cup,کیا تصویر میں کپ ہے؟
496618,COCO_val2014_000000496618.jpg,Is there a suitcase in the image?,no,random,suitcase,کیا تصویر میں کوئی سوٹ کیس ہے؟
496618,COCO_val2014_000000496618.jpg,Is there a boat in the image?,no,random,boat,کیا تصویر میں کوئی کشتی ہے؟
496618,COCO_val2014_000000496618.jpg,Is there a tv in the image?,no,random,tv,کیا تصویر میں ٹی وی ہے؟
496618,COCO_val2014_000000496618.jpg,Is there a cup in the image?,yes,popular,cup,کیا تصویر میں کپ ہے؟
496618,COCO_val2014_000000496618.jpg,Is there a sandwich in the image?,yes,popular,sandwich,کیا تصویر میں کوئی سینڈوچ ہے؟
496618,COCO_val2014_000000496618.jpg,Is there a fork in the image?,yes,popular,fork,کیا تصویر میں کانٹا ہے؟
496618,COCO_val2014_000000496618.jpg,Is there a person in the image?,no,popular,person,کیا تصویر میں کوئی شخص ہے؟
496618,COCO_val2014_000000496618.jpg,Is there a car in the image?,no,popular,car,کیا تصویر میں کوئی کار ہے؟
496618,COCO_val2014_000000496618.jpg,Is there a chair in the image?,no,popular,chair,کیا تصویر میں کرسی ہے؟
496618,COCO_val2014_000000496618.jpg,Is there a fork in the image?,yes,adversarial,fork,کیا تصویر میں کانٹا ہے؟
496618,COCO_val2014_000000496618.jpg,Is there a cup in the image?,yes,adversarial,cup,کیا تصویر میں کپ ہے؟
496618,COCO_val2014_000000496618.jpg,Is there a sandwich in the image?,yes,adversarial,sandwich,کیا تصویر میں کوئی سینڈوچ ہے؟
496618,COCO_val2014_000000496618.jpg,Is there a person in the image?,no,adversarial,person,کیا تصویر میں کوئی شخص ہے؟
496618,COCO_val2014_000000496618.jpg,Is there a car in the image?,no,adversarial,car,کیا تصویر میں کوئی کار ہے؟
496618,COCO_val2014_000000496618.jpg,Is there a chair in the image?,no,adversarial,chair,کیا تصویر میں کرسی ہے؟
223804,COCO_val2014_000000223804.jpg,Is there a boat in the image?,yes,random,boat,کیا تصویر میں کوئی کشتی ہے؟
223804,COCO_val2014_000000223804.jpg,Is there a umbrella in the image?,yes,random,umbrella,کیا تصویر میں چھتری ہے؟
223804,COCO_val2014_000000223804.jpg,Is there a person in the image?,yes,random,person,کیا تصویر میں کوئی شخص ہے؟
223804,COCO_val2014_000000223804.jpg,Is there a dog in the image?,no,random,dog,کیا تصویر میں کتا ہے؟
223804,COCO_val2014_000000223804.jpg,Is there a bird in the image?,no,random,bird,کیا تصویر میں کوئی پرندہ ہے؟
223804,COCO_val2014_000000223804.jpg,Is there a kite in the image?,no,random,kite,کیا تصویر میں پتنگ ہے؟
223804,COCO_val2014_000000223804.jpg,Is there a person in the image?,yes,popular,person,کیا تصویر میں کوئی شخص ہے؟
223804,COCO_val2014_000000223804.jpg,Is there a boat in the image?,yes,popular,boat,کیا تصویر میں کوئی کشتی ہے؟
223804,COCO_val2014_000000223804.jpg,Is there a umbrella in the image?,yes,popular,umbrella,کیا تصویر میں چھتری ہے؟
223804,COCO_val2014_000000223804.jpg,Is there a car in the image?,no,popular,car,کیا تصویر میں کوئی کار ہے؟
223804,COCO_val2014_000000223804.jpg,Is there a chair in the image?,no,popular,chair,کیا تصویر میں کرسی ہے؟
223804,COCO_val2014_000000223804.jpg,Is there a book in the image?,no,popular,book,کیا تصویر میں کوئی کتاب ہے؟
223804,COCO_val2014_000000223804.jpg,Is there a umbrella in the image?,yes,adversarial,umbrella,کیا تصویر میں چھتری ہے؟
223804,COCO_val2014_000000223804.jpg,Is there a person in the image?,yes,adversarial,person,کیا تصویر میں کوئی شخص ہے؟
223804,COCO_val2014_000000223804.jpg,Is there a boat in the image?,yes,adversarial,boat,کیا تصویر میں کوئی کشتی ہے؟
223804,COCO_val2014_000000223804.jpg,Is there a car in the image?,no,adversarial,car,کیا تصویر میں کوئی کار ہے؟
223804,COCO_val2014_000000223804.jpg,Is there a chair in the image?,no,adversarial,chair,کیا تصویر میں کرسی ہے؟
223804,COCO_val2014_000000223804.jpg,Is there a book in the image?,no,adversarial,book,کیا تصویر میں کوئی کتاب ہے؟
115776,COCO_val2014_000000115776.jpg,Is there a fork in the image?,yes,random,fork,کیا تصویر میں کانٹا ہے؟
115776,COCO_val2014_000000115776.jpg,Is there a cake in the image?,yes,random,cake,کیا تصویر میں کیک ہے؟
115776,COCO_val2014_000000115776.jpg,Is there a cup in the image?,yes,random,cup,کیا تصویر میں کپ ہے؟
115776,COCO_val2014_000000115776.jpg,Is there a parking meter in the image?,no,random,parking meter,کیا تصویر میں پارکنگ میٹر ہے؟
115776,COCO_val2014_000000115776.jpg,Is there a cell phone in the image?,no,random,cell phone,کیا تصویر میں سیل فون ہے؟
115776,COCO_val2014_000000115776.jpg,Is there a chair in the image?,no,random,chair,کیا تصویر میں کرسی ہے؟
115776,COCO_val2014_000000115776.jpg,Is there a knife in the image?,yes,popular,knife,کیا تصویر میں چاقو ہے؟
115776,COCO_val2014_000000115776.jpg,Is there a dining table in the image?,yes,popular,dining table,کیا تصویر میں کھانے کی میز ہے؟
115776,COCO_val2014_000000115776.jpg,Is there a fork in the image?,yes,popular,fork,کیا تصویر میں کانٹا ہے؟
115776,COCO_val2014_000000115776.jpg,Is there a person in the image?,no,popular,person,کیا تصویر میں کوئی شخص ہے؟
115776,COCO_val2014_000000115776.jpg,Is there a car in the image?,no,popular,car,کیا تصویر میں کوئی کار ہے؟
115776,COCO_val2014_000000115776.jpg,Is there a chair in the image?,no,popular,chair,کیا تصویر میں کرسی ہے؟
115776,COCO_val2014_000000115776.jpg,Is there a knife in the image?,yes,adversarial,knife,کیا تصویر میں چاقو ہے؟
115776,COCO_val2014_000000115776.jpg,Is there a cake in the image?,yes,adversarial,cake,کیا تصویر میں کیک ہے؟
115776,COCO_val2014_000000115776.jpg,Is there a cup in the image?,yes,adversarial,cup,کیا تصویر میں کپ ہے؟
115776,COCO_val2014_000000115776.jpg,Is there a person in the image?,no,adversarial,person,کیا تصویر میں کوئی شخص ہے؟
115776,COCO_val2014_000000115776.jpg,Is there a car in the image?,no,adversarial,car,کیا تصویر میں کوئی کار ہے؟
115776,COCO_val2014_000000115776.jpg,Is there a chair in the image?,no,adversarial,chair,کیا تصویر میں کرسی ہے؟
438560,COCO_val2014_000000438560.jpg,Is there a car in the image?,yes,random,car,کیا تصویر میں کوئی کار ہے؟
438560,COCO_val2014_000000438560.jpg,Is there a person in the image?,yes,random,person,کیا تصویر میں کوئی شخص ہے؟
438560,COCO_val2014_000000438560.jpg,Is there a surfboard in the image?,yes,random,surfboard,کیا تصویر میں کوئی سرف بورڈ ہے؟
438560,COCO_val2014_000000438560.jpg,Is there a bird in the image?,no,random,bird,کیا تصویر میں کوئی پرندہ ہے؟
438560,COCO_val2014_000000438560.jpg,Is there a broccoli in the image?,no,random,broccoli,کیا تصویر میں بروکولی ہے؟
438560,COCO_val2014_000000438560.jpg,Is there a refrigerator in the image?,no,random,refrigerator,کیا تصویر میں ریفریجریٹر ہے؟
438560,COCO_val2014_000000438560.jpg,Is there a surfboard in the image?,yes,popular,surfboard,کیا تصویر میں کوئی سرف بورڈ ہے؟
438560,COCO_val2014_000000438560.jpg,Is there a car in the image?,yes,popular,car,کیا تصویر میں کوئی کار ہے؟
438560,COCO_val2014_000000438560.jpg,Is there a person in the image?,yes,popular,person,کیا تصویر میں کوئی شخص ہے؟
438560,COCO_val2014_000000438560.jpg,Is there a chair in the image?,no,popular,chair,کیا تصویر میں کرسی ہے؟
438560,COCO_val2014_000000438560.jpg,Is there a book in the image?,no,popular,book,کیا تصویر میں کوئی کتاب ہے؟
438560,COCO_val2014_000000438560.jpg,Is there a bottle in the image?,no,popular,bottle,کیا تصویر میں کوئی بوتل ہے؟
438560,COCO_val2014_000000438560.jpg,Is there a car in the image?,yes,adversarial,car,کیا تصویر میں کوئی کار ہے؟
438560,COCO_val2014_000000438560.jpg,Is there a surfboard in the image?,yes,adversarial,surfboard,کیا تصویر میں کوئی سرف بورڈ ہے؟
438560,COCO_val2014_000000438560.jpg,Is there a person in the image?,yes,adversarial,person,کیا تصویر میں کوئی شخص ہے؟
438560,COCO_val2014_000000438560.jpg,Is there a chair in the image?,no,adversarial,chair,کیا تصویر میں کرسی ہے؟
438560,COCO_val2014_000000438560.jpg,Is there a book in the image?,no,adversarial,book,کیا تصویر میں کوئی کتاب ہے؟
438560,COCO_val2014_000000438560.jpg,Is there a bottle in the image?,no,adversarial,bottle,کیا تصویر میں کوئی بوتل ہے؟
64183,COCO_val2014_000000064183.jpg,Is there a person in the image?,yes,random,person,کیا تصویر میں کوئی شخص ہے؟
64183,COCO_val2014_000000064183.jpg,Is there a car in the image?,yes,random,car,کیا تصویر میں کوئی کار ہے؟
64183,COCO_val2014_000000064183.jpg,Is there a umbrella in the image?,yes,random,umbrella,کیا تصویر میں چھتری ہے؟
64183,COCO_val2014_000000064183.jpg,Is there a snowboard in the image?,no,random,snowboard,کیا تصویر میں سنو بورڈ ہے؟
64183,COCO_val2014_000000064183.jpg,Is there a airplane in the image?,no,random,airplane,کیا تصویر میں ہوائی جہاز ہے؟
64183,COCO_val2014_000000064183.jpg,Is there a boat in the image?,no,random,boat,کیا تصویر میں کوئی کشتی ہے؟
64183,COCO_val2014_000000064183.jpg,Is there a fire hydrant in the image?,yes,popular,fire hydrant,کیا تصویر میں فائر ہائیڈرنٹ ہے؟
64183,COCO_val2014_000000064183.jpg,Is there a person in the image?,yes,popular,person,کیا تصویر میں کوئی شخص ہے؟
64183,COCO_val2014_000000064183.jpg,Is there a umbrella in the image?,yes,popular,umbrella,کیا تصویر میں چھتری ہے؟
64183,COCO_val2014_000000064183.jpg,Is there a chair in the image?,no,popular,chair,کیا تصویر میں کرسی ہے؟
64183,COCO_val2014_000000064183.jpg,Is there a book in the image?,no,popular,book,کیا تصویر میں کوئی کتاب ہے؟
64183,COCO_val2014_000000064183.jpg,Is there a bottle in the image?,no,popular,bottle,کیا تصویر میں کوئی بوتل ہے؟
64183,COCO_val2014_000000064183.jpg,Is there a car in the image?,yes,adversarial,car,کیا تصویر میں کوئی کار ہے؟
64183,COCO_val2014_000000064183.jpg,Is there a person in the image?,yes,adversarial,person,کیا تصویر میں کوئی شخص ہے؟
64183,COCO_val2014_000000064183.jpg,Is there a fire hydrant in the image?,yes,adversarial,fire hydrant,کیا تصویر میں فائر ہائیڈرنٹ ہے؟
64183,COCO_val2014_000000064183.jpg,Is there a chair in the image?,no,adversarial,chair,کیا تصویر میں کرسی ہے؟
64183,COCO_val2014_000000064183.jpg,Is there a book in the image?,no,adversarial,book,کیا تصویر میں کوئی کتاب ہے؟
64183,COCO_val2014_000000064183.jpg,Is there a bottle in the image?,no,adversarial,bottle,کیا تصویر میں کوئی بوتل ہے؟
204360,COCO_val2014_000000204360.jpg,Is there a bus in the image?,yes,random,bus,کیا تصویر میں بس ہے؟
204360,COCO_val2014_000000204360.jpg,Is there a person in the image?,yes,random,person,کیا تصویر میں کوئی شخص ہے؟
204360,COCO_val2014_000000204360.jpg,Is there a bicycle in the image?,yes,random,bicycle,کیا تصویر میں کوئی سائیکل ہے؟
204360,COCO_val2014_000000204360.jpg,Is there a sandwich in the image?,no,random,sandwich,کیا تصویر میں کوئی سینڈوچ ہے؟
204360,COCO_val2014_000000204360.jpg,Is there a giraffe in the image?,no,random,giraffe,کیا تصویر میں زرافہ ہے؟
204360,COCO_val2014_000000204360.jpg,Is there a motorcycle in the image?,no,random,motorcycle,کیا تصویر میں کوئی موٹر سائیکل ہے؟
204360,COCO_val2014_000000204360.jpg,Is there a backpack in the image?,yes,popular,backpack,کیا تصویر میں کوئی بیگ ہے؟
204360,COCO_val2014_000000204360.jpg,Is there a person in the image?,yes,popular,person,کیا تصویر میں کوئی شخص ہے؟
204360,COCO_val2014_000000204360.jpg,Is there a bus in the image?,yes,popular,bus,کیا تصویر میں بس ہے؟
204360,COCO_val2014_000000204360.jpg,Is there a chair in the image?,no,popular,chair,کیا تصویر میں کرسی ہے؟
204360,COCO_val2014_000000204360.jpg,Is there a book in the image?,no,popular,book,کیا تصویر میں کوئی کتاب ہے؟
204360,COCO_val2014_000000204360.jpg,Is there a bottle in the image?,no,popular,bottle,کیا تصویر میں کوئی بوتل ہے؟
204360,COCO_val2014_000000204360.jpg,Is there a bus in the image?,yes,adversarial,bus,کیا تصویر میں بس ہے؟
204360,COCO_val2014_000000204360.jpg,Is there a backpack in the image?,yes,adversarial,backpack,کیا تصویر میں کوئی بیگ ہے؟
204360,COCO_val2014_000000204360.jpg,Is there a person in the image?,yes,adversarial,person,کیا تصویر میں کوئی شخص ہے؟
204360,COCO_val2014_000000204360.jpg,Is there a chair in the image?,no,adversarial,chair,کیا تصویر میں کرسی ہے؟
204360,COCO_val2014_000000204360.jpg,Is there a book in the image?,no,adversarial,book,کیا تصویر میں کوئی کتاب ہے؟
204360,COCO_val2014_000000204360.jpg,Is there a bottle in the image?,no,adversarial,bottle,کیا تصویر میں کوئی بوتل ہے؟
299039,COCO_val2014_000000299039.jpg,Is there a cup in the image?,yes,random,cup,کیا تصویر میں کپ ہے؟
299039,COCO_val2014_000000299039.jpg,Is there a potted plant in the image?,yes,random,potted plant,کیا تصویر میں کوئی پودا ہے؟
299039,COCO_val2014_000000299039.jpg,Is there a sandwich in the image?,yes,random,sandwich,کیا تصویر میں کوئی سینڈوچ ہے؟
299039,COCO_val2014_000000299039.jpg,Is there a bicycle in the image?,no,random,bicycle,کیا تصویر میں کوئی سائیکل ہے؟
299039,COCO_val2014_000000299039.jpg,Is there a banana in the image?,no,random,banana,کیا تصویر میں کیلا ہے؟
299039,COCO_val2014_000000299039.jpg,Is there a skis in the image?,no,random,skis,کیا تصویر میں کوئی سکی ہے؟
299039,COCO_val2014_000000299039.jpg,Is there a potted plant in the image?,yes,popular,potted plant,کیا تصویر میں کوئی پودا ہے؟
299039,COCO_val2014_000000299039.jpg,Is there a sandwich in the image?,yes,popular,sandwich,کیا تصویر میں کوئی سینڈوچ ہے؟
299039,COCO_val2014_000000299039.jpg,Is there a cup in the image?,yes,popular,cup,کیا تصویر میں کپ ہے؟
299039,COCO_val2014_000000299039.jpg,Is there a person in the image?,no,popular,person,کیا تصویر میں کوئی شخص ہے؟
299039,COCO_val2014_000000299039.jpg,Is there a car in the image?,no,popular,car,کیا تصویر میں کوئی کار ہے؟
299039,COCO_val2014_000000299039.jpg,Is there a chair in the image?,no,popular,chair,کیا تصویر میں کرسی ہے؟
299039,COCO_val2014_000000299039.jpg,Is there a cup in the image?,yes,adversarial,cup,کیا تصویر میں کپ ہے؟
299039,COCO_val2014_000000299039.jpg,Is there a sandwich in the image?,yes,adversarial,sandwich,کیا تصویر میں کوئی سینڈوچ ہے؟
299039,COCO_val2014_000000299039.jpg,Is there a potted plant in the image?,yes,adversarial,potted plant,کیا تصویر میں کوئی پودا ہے؟
299039,COCO_val2014_000000299039.jpg,Is there a person in the image?,no,adversarial,person,کیا تصویر میں کوئی شخص ہے؟
299039,COCO_val2014_000000299039.jpg,Is there a car in the image?,no,adversarial,car,کیا تصویر میں کوئی کار ہے؟
299039,COCO_val2014_000000299039.jpg,Is there a chair in the image?,no,adversarial,chair,کیا تصویر میں کرسی ہے؟
550350,COCO_val2014_000000550350.jpg,Is there a couch in the image?,yes,random,couch,کیا تصویر میں صوفہ ہے؟
550350,COCO_val2014_000000550350.jpg,Is there a remote in the image?,yes,random,remote,کیا تصویر میں کوئی ریموٹ ہے؟
550350,COCO_val2014_000000550350.jpg,Is there a bottle in the image?,yes,random,bottle,کیا تصویر میں کوئی بوتل ہے؟
550350,COCO_val2014_000000550350.jpg,Is there a boat in the image?,no,random,boat,کیا تصویر میں کوئی کشتی ہے؟
550350,COCO_val2014_000000550350.jpg,Is there a tv in the image?,no,random,tv,کیا تصویر میں ٹی وی ہے؟
550350,COCO_val2014_000000550350.jpg,Is there a bed in the image?,no,random,bed,کیا تصویر میں کوئی بستر ہے؟
550350,COCO_val2014_000000550350.jpg,Is there a remote in the image?,yes,popular,remote,کیا تصویر میں کوئی ریموٹ ہے؟
550350,COCO_val2014_000000550350.jpg,Is there a couch in the image?,yes,popular,couch,کیا تصویر میں صوفہ ہے؟
550350,COCO_val2014_000000550350.jpg,Is there a bottle in the image?,yes,popular,bottle,کیا تصویر میں کوئی بوتل ہے؟
550350,COCO_val2014_000000550350.jpg,Is there a person in the image?,no,popular,person,کیا تصویر میں کوئی شخص ہے؟
550350,COCO_val2014_000000550350.jpg,Is there a car in the image?,no,popular,car,کیا تصویر میں کوئی کار ہے؟
550350,COCO_val2014_000000550350.jpg,Is there a chair in the image?,no,popular,chair,کیا تصویر میں کرسی ہے؟
550350,COCO_val2014_000000550350.jpg,Is there a bottle in the image?,yes,adversarial,bottle,کیا تصویر میں کوئی بوتل ہے؟
550350,COCO_val2014_000000550350.jpg,Is there a couch in the image?,yes,adversarial,couch,کیا تصویر میں صوفہ ہے؟
550350,COCO_val2014_000000550350.jpg,Is there a remote in the image?,yes,adversarial,remote,کیا تصویر میں کوئی ریموٹ ہے؟
550350,COCO_val2014_000000550350.jpg,Is there a person in the image?,no,adversarial,person,کیا تصویر میں کوئی شخص ہے؟
550350,COCO_val2014_000000550350.jpg,Is there a car in the image?,no,adversarial,car,کیا تصویر میں کوئی کار ہے؟
550350,COCO_val2014_000000550350.jpg,Is there a chair in the image?,no,adversarial,chair,کیا تصویر میں کرسی ہے؟
450037,COCO_val2014_000000450037.jpg,Is there a horse in the image?,yes,random,horse,کیا تصویر میں گھوڑا ہے؟
450037,COCO_val2014_000000450037.jpg,Is there a car in the image?,yes,random,car,کیا تصویر میں کوئی کار ہے؟
450037,COCO_val2014_000000450037.jpg,Is there a person in the image?,yes,random,person,کیا تصویر میں کوئی شخص ہے؟
450037,COCO_val2014_000000450037.jpg,Is there a bus in the image?,no,random,bus,کیا تصویر میں بس ہے؟
450037,COCO_val2014_000000450037.jpg,Is there a traffic light in the image?,no,random,traffic light,کیا تصویر میں ٹریفک لائٹ ہے؟
450037,COCO_val2014_000000450037.jpg,Is there a mouse in the image?,no,random,mouse,کیا تصویر میں کوئی چوہا ہے؟
450037,COCO_val2014_000000450037.jpg,Is there a car in the image?,yes,popular,car,کیا تصویر میں کوئی کار ہے؟
450037,COCO_val2014_000000450037.jpg,Is there a horse in the image?,yes,popular,horse,کیا تصویر میں گھوڑا ہے؟
450037,COCO_val2014_000000450037.jpg,Is there a person in the image?,yes,popular,person,کیا تصویر میں کوئی شخص ہے؟
450037,COCO_val2014_000000450037.jpg,Is there a chair in the image?,no,popular,chair,کیا تصویر میں کرسی ہے؟
450037,COCO_val2014_000000450037.jpg,Is there a book in the image?,no,popular,book,کیا تصویر میں کوئی کتاب ہے؟
450037,COCO_val2014_000000450037.jpg,Is there a bottle in the image?,no,popular,bottle,کیا تصویر میں کوئی بوتل ہے؟
450037,COCO_val2014_000000450037.jpg,Is there a car in the image?,yes,adversarial,car,کیا تصویر میں کوئی کار ہے؟
450037,COCO_val2014_000000450037.jpg,Is there a horse in the image?,yes,adversarial,horse,کیا تصویر میں گھوڑا ہے؟
450037,COCO_val2014_000000450037.jpg,Is there a person in the image?,yes,adversarial,person,کیا تصویر میں کوئی شخص ہے؟
450037,COCO_val2014_000000450037.jpg,Is there a chair in the image?,no,adversarial,chair,کیا تصویر میں کرسی ہے؟
450037,COCO_val2014_000000450037.jpg,Is there a book in the image?,no,adversarial,book,کیا تصویر میں کوئی کتاب ہے؟
450037,COCO_val2014_000000450037.jpg,Is there a bottle in the image?,no,adversarial,bottle,کیا تصویر میں کوئی بوتل ہے؟
228335,COCO_val2014_000000228335.jpg,Is there a refrigerator in the image?,yes,random,refrigerator,کیا تصویر میں ریفریجریٹر ہے؟
228335,COCO_val2014_000000228335.jpg,Is there a book in the image?,yes,random,book,کیا تصویر میں کوئی کتاب ہے؟
228335,COCO_val2014_000000228335.jpg,Is there a vase in the image?,yes,random,vase,کیا تصویر میں گلدان ہے؟
228335,COCO_val2014_000000228335.jpg,Is there a sheep in the image?,no,random,sheep,کیا تصویر میں بھیڑ ہے؟
228335,COCO_val2014_000000228335.jpg,Is there a boat in the image?,no,random,boat,کیا تصویر میں کوئی کشتی ہے؟
228335,COCO_val2014_000000228335.jpg,Is there a dog in the image?,no,random,dog,کیا تصویر میں کتا ہے؟
228335,COCO_val2014_000000228335.jpg,Is there a vase in the image?,yes,popular,vase,کیا تصویر میں گلدان ہے؟
228335,COCO_val2014_000000228335.jpg,Is there a spoon in the image?,yes,popular,spoon,کیا تصویر میں چمچ ہے؟
228335,COCO_val2014_000000228335.jpg,Is there a chair in the image?,yes,popular,chair,کیا تصویر میں کرسی ہے؟
228335,COCO_val2014_000000228335.jpg,Is there a person in the image?,no,popular,person,کیا تصویر میں کوئی شخص ہے؟
228335,COCO_val2014_000000228335.jpg,Is there a car in the image?,no,popular,car,کیا تصویر میں کوئی کار ہے؟
228335,COCO_val2014_000000228335.jpg,Is there a bottle in the image?,no,popular,bottle,کیا تصویر میں کوئی بوتل ہے؟
228335,COCO_val2014_000000228335.jpg,Is there a chair in the image?,yes,adversarial,chair,کیا تصویر میں کرسی ہے؟
228335,COCO_val2014_000000228335.jpg,Is there a potted plant in the image?,yes,adversarial,potted plant,کیا تصویر میں کوئی پودا ہے؟
228335,COCO_val2014_000000228335.jpg,Is there a vase in the image?,yes,adversarial,vase,کیا تصویر میں گلدان ہے؟
228335,COCO_val2014_000000228335.jpg,Is there a person in the image?,no,adversarial,person,کیا تصویر میں کوئی شخص ہے؟
228335,COCO_val2014_000000228335.jpg,Is there a car in the image?,no,adversarial,car,کیا تصویر میں کوئی کار ہے؟
228335,COCO_val2014_000000228335.jpg,Is there a bottle in the image?,no,adversarial,bottle,کیا تصویر میں کوئی بوتل ہے؟
275979,COCO_val2014_000000275979.jpg,Is there a chair in the image?,yes,random,chair,کیا تصویر میں کرسی ہے؟
275979,COCO_val2014_000000275979.jpg,Is there a cat in the image?,yes,random,cat,کیا تصویر میں بلی ہے؟
275979,COCO_val2014_000000275979.jpg,Is there a scissors in the image?,yes,random,scissors,کیا تصویر میں قینچی ہے؟
275979,COCO_val2014_000000275979.jpg,Is there a parking meter in the image?,no,random,parking meter,کیا تصویر میں پارکنگ میٹر ہے؟
275979,COCO_val2014_000000275979.jpg,Is there a bird in the image?,no,random,bird,کیا تصویر میں کوئی پرندہ ہے؟
275979,COCO_val2014_000000275979.jpg,Is there a book in the image?,no,random,book,کیا تصویر میں کوئی کتاب ہے؟
275979,COCO_val2014_000000275979.jpg,Is there a cat in the image?,yes,popular,cat,کیا تصویر میں بلی ہے؟
275979,COCO_val2014_000000275979.jpg,Is there a scissors in the image?,yes,popular,scissors,کیا تصویر میں قینچی ہے؟
275979,COCO_val2014_000000275979.jpg,Is there a chair in the image?,yes,popular,chair,کیا تصویر میں کرسی ہے؟
275979,COCO_val2014_000000275979.jpg,Is there a person in the image?,no,popular,person,کیا تصویر میں کوئی شخص ہے؟
275979,COCO_val2014_000000275979.jpg,Is there a car in the image?,no,popular,car,کیا تصویر میں کوئی کار ہے؟
275979,COCO_val2014_000000275979.jpg,Is there a book in the image?,no,popular,book,کیا تصویر میں کوئی کتاب ہے؟
275979,COCO_val2014_000000275979.jpg,Is there a cat in the image?,yes,adversarial,cat,کیا تصویر میں بلی ہے؟
275979,COCO_val2014_000000275979.jpg,Is there a scissors in the image?,yes,adversarial,scissors,کیا تصویر میں قینچی ہے؟
275979,COCO_val2014_000000275979.jpg,Is there a chair in the image?,yes,adversarial,chair,کیا تصویر میں کرسی ہے؟
275979,COCO_val2014_000000275979.jpg,Is there a person in the image?,no,adversarial,person,کیا تصویر میں کوئی شخص ہے؟
275979,COCO_val2014_000000275979.jpg,Is there a car in the image?,no,adversarial,car,کیا تصویر میں کوئی کار ہے؟
275979,COCO_val2014_000000275979.jpg,Is there a book in the image?,no,adversarial,book,کیا تصویر میں کوئی کتاب ہے؟
462527,COCO_val2014_000000462527.jpg,Is there a microwave in the image?,yes,random,microwave,کیا تصویر میں مائکروویو ہے؟
462527,COCO_val2014_000000462527.jpg,Is there a sink in the image?,yes,random,sink,کیا تصویر میں کوئی سنک ہے؟
462527,COCO_val2014_000000462527.jpg,Is there a refrigerator in the image?,yes,random,refrigerator,کیا تصویر میں ریفریجریٹر ہے؟
462527,COCO_val2014_000000462527.jpg,Is there a parking meter in the image?,no,random,parking meter,کیا تصویر میں پارکنگ میٹر ہے؟
462527,COCO_val2014_000000462527.jpg,Is there a wine glass in the image?,no,random,wine glass,کیا تصویر میں شراب کا گلاس ہے؟
462527,COCO_val2014_000000462527.jpg,Is there a donut in the image?,no,random,donut,کیا تصویر میں ڈونٹ ہے؟
462527,COCO_val2014_000000462527.jpg,Is there a microwave in the image?,yes,popular,microwave,کیا تصویر میں مائکروویو ہے؟
462527,COCO_val2014_000000462527.jpg,Is there a sink in the image?,yes,popular,sink,کیا تصویر میں کوئی سنک ہے؟
462527,COCO_val2014_000000462527.jpg,Is there a refrigerator in the image?,yes,popular,refrigerator,کیا تصویر میں ریفریجریٹر ہے؟
462527,COCO_val2014_000000462527.jpg,Is there a person in the image?,no,popular,person,کیا تصویر میں کوئی شخص ہے؟
462527,COCO_val2014_000000462527.jpg,Is there a car in the image?,no,popular,car,کیا تصویر میں کوئی کار ہے؟
462527,COCO_val2014_000000462527.jpg,Is there a chair in the image?,no,popular,chair,کیا تصویر میں کرسی ہے؟
462527,COCO_val2014_000000462527.jpg,Is there a refrigerator in the image?,yes,adversarial,refrigerator,کیا تصویر میں ریفریجریٹر ہے؟
462527,COCO_val2014_000000462527.jpg,Is there a microwave in the image?,yes,adversarial,microwave,کیا تصویر میں مائکروویو ہے؟
462527,COCO_val2014_000000462527.jpg,Is there a sink in the image?,yes,adversarial,sink,کیا تصویر میں کوئی سنک ہے؟
462527,COCO_val2014_000000462527.jpg,Is there a person in the image?,no,adversarial,person,کیا تصویر میں کوئی شخص ہے؟
462527,COCO_val2014_000000462527.jpg,Is there a car in the image?,no,adversarial,car,کیا تصویر میں کوئی کار ہے؟
462527,COCO_val2014_000000462527.jpg,Is there a chair in the image?,no,adversarial,chair,کیا تصویر میں کرسی ہے؟
28842,COCO_val2014_000000028842.jpg,Is there a person in the image?,yes,random,person,کیا تصویر میں کوئی شخص ہے؟
28842,COCO_val2014_000000028842.jpg,Is there a skateboard in the image?,yes,random,skateboard,کیا تصویر میں اسکیٹ بورڈ ہے؟
28842,COCO_val2014_000000028842.jpg,Is there a dog in the image?,yes,random,dog,کیا تصویر میں کتا ہے؟
28842,COCO_val2014_000000028842.jpg,Is there a potted plant in the image?,no,random,potted plant,کیا تصویر میں کوئی پودا ہے؟
28842,COCO_val2014_000000028842.jpg,Is there a bench in the image?,no,random,bench,کیا تصویر میں کوئی بینچ ہے؟
28842,COCO_val2014_000000028842.jpg,Is there a broccoli in the image?,no,random,broccoli,کیا تصویر میں بروکولی ہے؟
28842,COCO_val2014_000000028842.jpg,Is there a person in the image?,yes,popular,person,کیا تصویر میں کوئی شخص ہے؟
28842,COCO_val2014_000000028842.jpg,Is there a skateboard in the image?,yes,popular,skateboard,کیا تصویر میں اسکیٹ بورڈ ہے؟
28842,COCO_val2014_000000028842.jpg,Is there a dog in the image?,yes,popular,dog,کیا تصویر میں کتا ہے؟
28842,COCO_val2014_000000028842.jpg,Is there a car in the image?,no,popular,car,کیا تصویر میں کوئی کار ہے؟
28842,COCO_val2014_000000028842.jpg,Is there a chair in the image?,no,popular,chair,کیا تصویر میں کرسی ہے؟
28842,COCO_val2014_000000028842.jpg,Is there a book in the image?,no,popular,book,کیا تصویر میں کوئی کتاب ہے؟
28842,COCO_val2014_000000028842.jpg,Is there a skateboard in the image?,yes,adversarial,skateboard,کیا تصویر میں اسکیٹ بورڈ ہے؟
28842,COCO_val2014_000000028842.jpg,Is there a person in the image?,yes,adversarial,person,کیا تصویر میں کوئی شخص ہے؟
28842,COCO_val2014_000000028842.jpg,Is there a dog in the image?,yes,adversarial,dog,کیا تصویر میں کتا ہے؟
28842,COCO_val2014_000000028842.jpg,Is there a car in the image?,no,adversarial,car,کیا تصویر میں کوئی کار ہے؟
28842,COCO_val2014_000000028842.jpg,Is there a chair in the image?,no,adversarial,chair,کیا تصویر میں کرسی ہے؟
28842,COCO_val2014_000000028842.jpg,Is there a book in the image?,no,adversarial,book,کیا تصویر میں کوئی کتاب ہے؟
415073,COCO_val2014_000000415073.jpg,Is there a tie in the image?,yes,random,tie,کیا تصویر میں ٹائی ہے؟
415073,COCO_val2014_000000415073.jpg,Is there a chair in the image?,yes,random,chair,کیا تصویر میں کرسی ہے؟
415073,COCO_val2014_000000415073.jpg,Is there a bottle in the image?,yes,random,bottle,کیا تصویر میں کوئی بوتل ہے؟
415073,COCO_val2014_000000415073.jpg,Is there a truck in the image?,no,random,truck,کیا تصویر میں کوئی ٹرک ہے؟
415073,COCO_val2014_000000415073.jpg,Is there a tennis racket in the image?,no,random,tennis racket,کیا تصویر میں ٹینس ریکیٹ ہے؟
415073,COCO_val2014_000000415073.jpg,Is there a fork in the image?,no,random,fork,کیا تصویر میں کانٹا ہے؟
415073,COCO_val2014_000000415073.jpg,Is there a tie in the image?,yes,popular,tie,کیا تصویر میں ٹائی ہے؟
415073,COCO_val2014_000000415073.jpg,Is there a dining table in the image?,yes,popular,dining table,کیا تصویر میں کھانے کی میز ہے؟
415073,COCO_val2014_000000415073.jpg,Is there a bottle in the image?,yes,popular,bottle,کیا تصویر میں کوئی بوتل ہے؟
415073,COCO_val2014_000000415073.jpg,Is there a car in the image?,no,popular,car,کیا تصویر میں کوئی کار ہے؟
415073,COCO_val2014_000000415073.jpg,Is there a book in the image?,no,popular,book,کیا تصویر میں کوئی کتاب ہے؟
415073,COCO_val2014_000000415073.jpg,Is there a cup in the image?,no,popular,cup,کیا تصویر میں کپ ہے؟
415073,COCO_val2014_000000415073.jpg,Is there a bottle in the image?,yes,adversarial,bottle,کیا تصویر میں کوئی بوتل ہے؟
415073,COCO_val2014_000000415073.jpg,Is there a person in the image?,yes,adversarial,person,کیا تصویر میں کوئی شخص ہے؟
415073,COCO_val2014_000000415073.jpg,Is there a dining table in the image?,yes,adversarial,dining table,کیا تصویر میں کھانے کی میز ہے؟
415073,COCO_val2014_000000415073.jpg,Is there a car in the image?,no,adversarial,car,کیا تصویر میں کوئی کار ہے؟
415073,COCO_val2014_000000415073.jpg,Is there a book in the image?,no,adversarial,book,کیا تصویر میں کوئی کتاب ہے؟
415073,COCO_val2014_000000415073.jpg,Is there a cup in the image?,no,adversarial,cup,کیا تصویر میں کپ ہے؟
281687,COCO_val2014_000000281687.jpg,Is there a handbag in the image?,yes,random,handbag,کیا تصویر میں ہینڈ بیگ ہے؟
281687,COCO_val2014_000000281687.jpg,Is there a person in the image?,yes,random,person,کیا تصویر میں کوئی شخص ہے؟
281687,COCO_val2014_000000281687.jpg,Is there a cell phone in the image?,yes,random,cell phone,کیا تصویر میں سیل فون ہے؟
281687,COCO_val2014_000000281687.jpg,Is there a apple in the image?,no,random,apple,کیا تصویر میں ایک سیب ہے؟
281687,COCO_val2014_000000281687.jpg,Is there a vase in the image?,no,random,vase,کیا تصویر میں گلدان ہے؟
281687,COCO_val2014_000000281687.jpg,Is there a broccoli in the image?,no,random,broccoli,کیا تصویر میں بروکولی ہے؟
281687,COCO_val2014_000000281687.jpg,Is there a person in the image?,yes,popular,person,کیا تصویر میں کوئی شخص ہے؟
281687,COCO_val2014_000000281687.jpg,Is there a car in the image?,yes,popular,car,کیا تصویر میں کوئی کار ہے؟
281687,COCO_val2014_000000281687.jpg,Is there a handbag in the image?,yes,popular,handbag,کیا تصویر میں ہینڈ بیگ ہے؟
281687,COCO_val2014_000000281687.jpg,Is there a chair in the image?,no,popular,chair,کیا تصویر میں کرسی ہے؟
281687,COCO_val2014_000000281687.jpg,Is there a book in the image?,no,popular,book,کیا تصویر میں کوئی کتاب ہے؟
281687,COCO_val2014_000000281687.jpg,Is there a bottle in the image?,no,popular,bottle,کیا تصویر میں کوئی بوتل ہے؟
281687,COCO_val2014_000000281687.jpg,Is there a handbag in the image?,yes,adversarial,handbag,کیا تصویر میں ہینڈ بیگ ہے؟
281687,COCO_val2014_000000281687.jpg,Is there a cell phone in the image?,yes,adversarial,cell phone,کیا تصویر میں سیل فون ہے؟
281687,COCO_val2014_000000281687.jpg,Is there a person in the image?,yes,adversarial,person,کیا تصویر میں کوئی شخص ہے؟
281687,COCO_val2014_000000281687.jpg,Is there a chair in the image?,no,adversarial,chair,کیا تصویر میں کرسی ہے؟
281687,COCO_val2014_000000281687.jpg,Is there a book in the image?,no,adversarial,book,کیا تصویر میں کوئی کتاب ہے؟
281687,COCO_val2014_000000281687.jpg,Is there a bottle in the image?,no,adversarial,bottle,کیا تصویر میں کوئی بوتل ہے؟
248089,COCO_val2014_000000248089.jpg,Is there a tv in the image?,yes,random,tv,کیا تصویر میں ٹی وی ہے؟
248089,COCO_val2014_000000248089.jpg,Is there a remote in the image?,yes,random,remote,کیا تصویر میں کوئی ریموٹ ہے؟
248089,COCO_val2014_000000248089.jpg,Is there a person in the image?,yes,random,person,کیا تصویر میں کوئی شخص ہے؟
248089,COCO_val2014_000000248089.jpg,Is there a backpack in the image?,no,random,backpack,کیا تصویر میں کوئی بیگ ہے؟
248089,COCO_val2014_000000248089.jpg,Is there a baseball glove in the image?,no,random,baseball glove,کیا تصویر میں بیس بال کا دستانہ ہے؟
248089,COCO_val2014_000000248089.jpg,Is there a wine glass in the image?,no,random,wine glass,کیا تصویر میں شراب کا گلاس ہے؟
248089,COCO_val2014_000000248089.jpg,Is there a remote in the image?,yes,popular,remote,کیا تصویر میں کوئی ریموٹ ہے؟
248089,COCO_val2014_000000248089.jpg,Is there a tv in the image?,yes,popular,tv,کیا تصویر میں ٹی وی ہے؟
248089,COCO_val2014_000000248089.jpg,Is there a person in the image?,yes,popular,person,کیا تصویر میں کوئی شخص ہے؟
248089,COCO_val2014_000000248089.jpg,Is there a car in the image?,no,popular,car,کیا تصویر میں کوئی کار ہے؟
248089,COCO_val2014_000000248089.jpg,Is there a chair in the image?,no,popular,chair,کیا تصویر میں کرسی ہے؟
248089,COCO_val2014_000000248089.jpg,Is there a book in the image?,no,popular,book,کیا تصویر میں کوئی کتاب ہے؟
248089,COCO_val2014_000000248089.jpg,Is there a person in the image?,yes,adversarial,person,کیا تصویر میں کوئی شخص ہے؟
248089,COCO_val2014_000000248089.jpg,Is there a tv in the image?,yes,adversarial,tv,کیا تصویر میں ٹی وی ہے؟
248089,COCO_val2014_000000248089.jpg,Is there a remote in the image?,yes,adversarial,remote,کیا تصویر میں کوئی ریموٹ ہے؟
248089,COCO_val2014_000000248089.jpg,Is there a car in the image?,no,adversarial,car,کیا تصویر میں کوئی کار ہے؟
248089,COCO_val2014_000000248089.jpg,Is there a chair in the image?,no,adversarial,chair,کیا تصویر میں کرسی ہے؟
248089,COCO_val2014_000000248089.jpg,Is there a book in the image?,no,adversarial,book,کیا تصویر میں کوئی کتاب ہے؟
44839,COCO_val2014_000000044839.jpg,Is there a dining table in the image?,yes,random,dining table,کیا تصویر میں کھانے کی میز ہے؟
44839,COCO_val2014_000000044839.jpg,Is there a person in the image?,yes,random,person,کیا تصویر میں کوئی شخص ہے؟
44839,COCO_val2014_000000044839.jpg,Is there a spoon in the image?,yes,random,spoon,کیا تصویر میں چمچ ہے؟
44839,COCO_val2014_000000044839.jpg,Is there a parking meter in the image?,no,random,parking meter,کیا تصویر میں پارکنگ میٹر ہے؟
44839,COCO_val2014_000000044839.jpg,Is there a clock in the image?,no,random,clock,کیا تصویر میں کوئی گھڑی ہے؟
44839,COCO_val2014_000000044839.jpg,Is there a suitcase in the image?,no,random,suitcase,کیا تصویر میں کوئی سوٹ کیس ہے؟
44839,COCO_val2014_000000044839.jpg,Is there a cup in the image?,yes,popular,cup,کیا تصویر میں کپ ہے؟
44839,COCO_val2014_000000044839.jpg,Is there a spoon in the image?,yes,popular,spoon,کیا تصویر میں چمچ ہے؟
44839,COCO_val2014_000000044839.jpg,Is there a fork in the image?,yes,popular,fork,کیا تصویر میں کانٹا ہے؟
44839,COCO_val2014_000000044839.jpg,Is there a car in the image?,no,popular,car,کیا تصویر میں کوئی کار ہے؟
44839,COCO_val2014_000000044839.jpg,Is there a chair in the image?,no,popular,chair,کیا تصویر میں کرسی ہے؟
44839,COCO_val2014_000000044839.jpg,Is there a book in the image?,no,popular,book,کیا تصویر میں کوئی کتاب ہے؟
44839,COCO_val2014_000000044839.jpg,Is there a cake in the image?,yes,adversarial,cake,کیا تصویر میں کیک ہے؟
44839,COCO_val2014_000000044839.jpg,Is there a person in the image?,yes,adversarial,person,کیا تصویر میں کوئی شخص ہے؟
44839,COCO_val2014_000000044839.jpg,Is there a spoon in the image?,yes,adversarial,spoon,کیا تصویر میں چمچ ہے؟
44839,COCO_val2014_000000044839.jpg,Is there a car in the image?,no,adversarial,car,کیا تصویر میں کوئی کار ہے؟
44839,COCO_val2014_000000044839.jpg,Is there a chair in the image?,no,adversarial,chair,کیا تصویر میں کرسی ہے؟
44839,COCO_val2014_000000044839.jpg,Is there a book in the image?,no,adversarial,book,کیا تصویر میں کوئی کتاب ہے؟
433787,COCO_val2014_000000433787.jpg,Is there a surfboard in the image?,yes,random,surfboard,کیا تصویر میں کوئی سرف بورڈ ہے؟
433787,COCO_val2014_000000433787.jpg,Is there a bird in the image?,yes,random,bird,کیا تصویر میں کوئی پرندہ ہے؟
433787,COCO_val2014_000000433787.jpg,Is there a person in the image?,yes,random,person,کیا تصویر میں کوئی شخص ہے؟
433787,COCO_val2014_000000433787.jpg,Is there a truck in the image?,no,random,truck,کیا تصویر میں کوئی ٹرک ہے؟
433787,COCO_val2014_000000433787.jpg,Is there a bear in the image?,no,random,bear,کیا تصویر میں ریچھ ہے؟
433787,COCO_val2014_000000433787.jpg,Is there a zebra in the image?,no,random,zebra,کیا تصویر میں زیبرا ہے؟
433787,COCO_val2014_000000433787.jpg,Is there a bird in the image?,yes,popular,bird,کیا تصویر میں کوئی پرندہ ہے؟
433787,COCO_val2014_000000433787.jpg,Is there a person in the image?,yes,popular,person,کیا تصویر میں کوئی شخص ہے؟
433787,COCO_val2014_000000433787.jpg,Is there a surfboard in the image?,yes,popular,surfboard,کیا تصویر میں کوئی سرف بورڈ ہے؟
433787,COCO_val2014_000000433787.jpg,Is there a car in the image?,no,popular,car,کیا تصویر میں کوئی کار ہے؟
433787,COCO_val2014_000000433787.jpg,Is there a chair in the image?,no,popular,chair,کیا تصویر میں کرسی ہے؟
433787,COCO_val2014_000000433787.jpg,Is there a book in the image?,no,popular,book,کیا تصویر میں کوئی کتاب ہے؟
433787,COCO_val2014_000000433787.jpg,Is there a surfboard in the image?,yes,adversarial,surfboard,کیا تصویر میں کوئی سرف بورڈ ہے؟
433787,COCO_val2014_000000433787.jpg,Is there a bird in the image?,yes,adversarial,bird,کیا تصویر میں کوئی پرندہ ہے؟
433787,COCO_val2014_000000433787.jpg,Is there a person in the image?,yes,adversarial,person,کیا تصویر میں کوئی شخص ہے؟
433787,COCO_val2014_000000433787.jpg,Is there a car in the image?,no,adversarial,car,کیا تصویر میں کوئی کار ہے؟
433787,COCO_val2014_000000433787.jpg,Is there a chair in the image?,no,adversarial,chair,کیا تصویر میں کرسی ہے؟
433787,COCO_val2014_000000433787.jpg,Is there a book in the image?,no,adversarial,book,کیا تصویر میں کوئی کتاب ہے؟
577219,COCO_val2014_000000577219.jpg,Is there a horse in the image?,yes,random,horse,کیا تصویر میں گھوڑا ہے؟
577219,COCO_val2014_000000577219.jpg,Is there a backpack in the image?,yes,random,backpack,کیا تصویر میں کوئی بیگ ہے؟
577219,COCO_val2014_000000577219.jpg,Is there a person in the image?,yes,random,person,کیا تصویر میں کوئی شخص ہے؟
577219,COCO_val2014_000000577219.jpg,Is there a surfboard in the image?,no,random,surfboard,کیا تصویر میں کوئی سرف بورڈ ہے؟
577219,COCO_val2014_000000577219.jpg,Is there a skis in the image?,no,random,skis,کیا تصویر میں کوئی سکی ہے؟
577219,COCO_val2014_000000577219.jpg,Is there a microwave in the image?,no,random,microwave,کیا تصویر میں مائکروویو ہے؟
577219,COCO_val2014_000000577219.jpg,Is there a person in the image?,yes,popular,person,کیا تصویر میں کوئی شخص ہے؟
577219,COCO_val2014_000000577219.jpg,Is there a horse in the image?,yes,popular,horse,کیا تصویر میں گھوڑا ہے؟
577219,COCO_val2014_000000577219.jpg,Is there a backpack in the image?,yes,popular,backpack,کیا تصویر میں کوئی بیگ ہے؟
577219,COCO_val2014_000000577219.jpg,Is there a car in the image?,no,popular,car,کیا تصویر میں کوئی کار ہے؟
577219,COCO_val2014_000000577219.jpg,Is there a chair in the image?,no,popular,chair,کیا تصویر میں کرسی ہے؟
577219,COCO_val2014_000000577219.jpg,Is there a book in the image?,no,popular,book,کیا تصویر میں کوئی کتاب ہے؟
577219,COCO_val2014_000000577219.jpg,Is there a person in the image?,yes,adversarial,person,کیا تصویر میں کوئی شخص ہے؟
577219,COCO_val2014_000000577219.jpg,Is there a horse in the image?,yes,adversarial,horse,کیا تصویر میں گھوڑا ہے؟
577219,COCO_val2014_000000577219.jpg,Is there a backpack in the image?,yes,adversarial,backpack,کیا تصویر میں کوئی بیگ ہے؟
577219,COCO_val2014_000000577219.jpg,Is there a car in the image?,no,adversarial,car,کیا تصویر میں کوئی کار ہے؟
577219,COCO_val2014_000000577219.jpg,Is there a chair in the image?,no,adversarial,chair,کیا تصویر میں کرسی ہے؟
577219,COCO_val2014_000000577219.jpg,Is there a book in the image?,no,adversarial,book,کیا تصویر میں کوئی کتاب ہے؟
498400,COCO_val2014_000000498400.jpg,Is there a potted plant in the image?,yes,random,potted plant,کیا تصویر میں کوئی پودا ہے؟
498400,COCO_val2014_000000498400.jpg,Is there a truck in the image?,yes,random,truck,کیا تصویر میں کوئی ٹرک ہے؟
498400,COCO_val2014_000000498400.jpg,Is there a person in the image?,yes,random,person,کیا تصویر میں کوئی شخص ہے؟
498400,COCO_val2014_000000498400.jpg,Is there a traffic light in the image?,no,random,traffic light,کیا تصویر میں ٹریفک لائٹ ہے؟
498400,COCO_val2014_000000498400.jpg,Is there a kite in the image?,no,random,kite,کیا تصویر میں پتنگ ہے؟
498400,COCO_val2014_000000498400.jpg,Is there a chair in the image?,no,random,chair,کیا تصویر میں کرسی ہے؟
498400,COCO_val2014_000000498400.jpg,Is there a potted plant in the image?,yes,popular,potted plant,کیا تصویر میں کوئی پودا ہے؟
498400,COCO_val2014_000000498400.jpg,Is there a car in the image?,yes,popular,car,کیا تصویر میں کوئی کار ہے؟
498400,COCO_val2014_000000498400.jpg,Is there a truck in the image?,yes,popular,truck,کیا تصویر میں کوئی ٹرک ہے؟
498400,COCO_val2014_000000498400.jpg,Is there a chair in the image?,no,popular,chair,کیا تصویر میں کرسی ہے؟
498400,COCO_val2014_000000498400.jpg,Is there a book in the image?,no,popular,book,کیا تصویر میں کوئی کتاب ہے؟
498400,COCO_val2014_000000498400.jpg,Is there a bottle in the image?,no,popular,bottle,کیا تصویر میں کوئی بوتل ہے؟
498400,COCO_val2014_000000498400.jpg,Is there a motorcycle in the image?,yes,adversarial,motorcycle,کیا تصویر میں کوئی موٹر سائیکل ہے؟
498400,COCO_val2014_000000498400.jpg,Is there a person in the image?,yes,adversarial,person,کیا تصویر میں کوئی شخص ہے؟
498400,COCO_val2014_000000498400.jpg,Is there a cow in the image?,yes,adversarial,cow,کیا تصویر میں گائے ہے؟
498400,COCO_val2014_000000498400.jpg,Is there a chair in the image?,no,adversarial,chair,کیا تصویر میں کرسی ہے؟
498400,COCO_val2014_000000498400.jpg,Is there a book in the image?,no,adversarial,book,کیا تصویر میں کوئی کتاب ہے؟
498400,COCO_val2014_000000498400.jpg,Is there a bottle in the image?,no,adversarial,bottle,کیا تصویر میں کوئی بوتل ہے؟
312878,COCO_val2014_000000312878.jpg,Is there a suitcase in the image?,yes,random,suitcase,کیا تصویر میں کوئی سوٹ کیس ہے؟
312878,COCO_val2014_000000312878.jpg,Is there a traffic light in the image?,yes,random,traffic light,کیا تصویر میں ٹریفک لائٹ ہے؟
312878,COCO_val2014_000000312878.jpg,Is there a backpack in the image?,yes,random,backpack,کیا تصویر میں کوئی بیگ ہے؟
312878,COCO_val2014_000000312878.jpg,Is there a bowl in the image?,no,random,bowl,کیا تصویر میں ایک پیالہ ہے؟
312878,COCO_val2014_000000312878.jpg,Is there a horse in the image?,no,random,horse,کیا تصویر میں گھوڑا ہے؟
312878,COCO_val2014_000000312878.jpg,Is there a bicycle in the image?,no,random,bicycle,کیا تصویر میں کوئی سائیکل ہے؟
312878,COCO_val2014_000000312878.jpg,Is there a traffic light in the image?,yes,popular,traffic light,کیا تصویر میں ٹریفک لائٹ ہے؟
312878,COCO_val2014_000000312878.jpg,Is there a backpack in the image?,yes,popular,backpack,کیا تصویر میں کوئی بیگ ہے؟
312878,COCO_val2014_000000312878.jpg,Is there a suitcase in the image?,yes,popular,suitcase,کیا تصویر میں کوئی سوٹ کیس ہے؟
312878,COCO_val2014_000000312878.jpg,Is there a car in the image?,no,popular,car,کیا تصویر میں کوئی کار ہے؟
312878,COCO_val2014_000000312878.jpg,Is there a chair in the image?,no,popular,chair,کیا تصویر میں کرسی ہے؟
312878,COCO_val2014_000000312878.jpg,Is there a book in the image?,no,popular,book,کیا تصویر میں کوئی کتاب ہے؟
312878,COCO_val2014_000000312878.jpg,Is there a suitcase in the image?,yes,adversarial,suitcase,کیا تصویر میں کوئی سوٹ کیس ہے؟
312878,COCO_val2014_000000312878.jpg,Is there a person in the image?,yes,adversarial,person,کیا تصویر میں کوئی شخص ہے؟
312878,COCO_val2014_000000312878.jpg,Is there a traffic light in the image?,yes,adversarial,traffic light,کیا تصویر میں ٹریفک لائٹ ہے؟
312878,COCO_val2014_000000312878.jpg,Is there a car in the image?,no,adversarial,car,کیا تصویر میں کوئی کار ہے؟
312878,COCO_val2014_000000312878.jpg,Is there a chair in the image?,no,adversarial,chair,کیا تصویر میں کرسی ہے؟
312878,COCO_val2014_000000312878.jpg,Is there a book in the image?,no,adversarial,book,کیا تصویر میں کوئی کتاب ہے؟
527887,COCO_val2014_000000527887.jpg,Is there a cup in the image?,yes,random,cup,کیا تصویر میں کپ ہے؟
527887,COCO_val2014_000000527887.jpg,Is there a cell phone in the image?,yes,random,cell phone,کیا تصویر میں سیل فون ہے؟
527887,COCO_val2014_000000527887.jpg,Is there a handbag in the image?,yes,random,handbag,کیا تصویر میں ہینڈ بیگ ہے؟
527887,COCO_val2014_000000527887.jpg,Is there a fire hydrant in the image?,no,random,fire hydrant,کیا تصویر میں فائر ہائیڈرنٹ ہے؟
527887,COCO_val2014_000000527887.jpg,Is there a pizza in the image?,no,random,pizza,کیا تصویر میں پیزا ہے؟
527887,COCO_val2014_000000527887.jpg,Is there a train in the image?,no,random,train,کیا تصویر میں ٹرین ہے؟
527887,COCO_val2014_000000527887.jpg,Is there a handbag in the image?,yes,popular,handbag,کیا تصویر میں ہینڈ بیگ ہے؟
527887,COCO_val2014_000000527887.jpg,Is there a person in the image?,yes,popular,person,کیا تصویر میں کوئی شخص ہے؟
527887,COCO_val2014_000000527887.jpg,Is there a cup in the image?,yes,popular,cup,کیا تصویر میں کپ ہے؟
527887,COCO_val2014_000000527887.jpg,Is there a car in the image?,no,popular,car,کیا تصویر میں کوئی کار ہے؟
527887,COCO_val2014_000000527887.jpg,Is there a chair in the image?,no,popular,chair,کیا تصویر میں کرسی ہے؟
527887,COCO_val2014_000000527887.jpg,Is there a book in the image?,no,popular,book,کیا تصویر میں کوئی کتاب ہے؟
527887,COCO_val2014_000000527887.jpg,Is there a person in the image?,yes,adversarial,person,کیا تصویر میں کوئی شخص ہے؟
527887,COCO_val2014_000000527887.jpg,Is there a cup in the image?,yes,adversarial,cup,کیا تصویر میں کپ ہے؟
527887,COCO_val2014_000000527887.jpg,Is there a cell phone in the image?,yes,adversarial,cell phone,کیا تصویر میں سیل فون ہے؟
527887,COCO_val2014_000000527887.jpg,Is there a car in the image?,no,adversarial,car,کیا تصویر میں کوئی کار ہے؟
527887,COCO_val2014_000000527887.jpg,Is there a chair in the image?,no,adversarial,chair,کیا تصویر میں کرسی ہے؟
527887,COCO_val2014_000000527887.jpg,Is there a book in the image?,no,adversarial,book,کیا تصویر میں کوئی کتاب ہے؟
505822,COCO_val2014_000000505822.jpg,Is there a potted plant in the image?,yes,random,potted plant,کیا تصویر میں کوئی پودا ہے؟
505822,COCO_val2014_000000505822.jpg,Is there a dining table in the image?,yes,random,dining table,کیا تصویر میں کھانے کی میز ہے؟
505822,COCO_val2014_000000505822.jpg,Is there a vase in the image?,yes,random,vase,کیا تصویر میں گلدان ہے؟
505822,COCO_val2014_000000505822.jpg,Is there a surfboard in the image?,no,random,surfboard,کیا تصویر میں کوئی سرف بورڈ ہے؟
505822,COCO_val2014_000000505822.jpg,Is there a bird in the image?,no,random,bird,کیا تصویر میں کوئی پرندہ ہے؟
505822,COCO_val2014_000000505822.jpg,Is there a carrot in the image?,no,random,carrot,کیا تصویر میں گاجر ہے؟
505822,COCO_val2014_000000505822.jpg,Is there a vase in the image?,yes,popular,vase,کیا تصویر میں گلدان ہے؟
505822,COCO_val2014_000000505822.jpg,Is there a dining table in the image?,yes,popular,dining table,کیا تصویر میں کھانے کی میز ہے؟
505822,COCO_val2014_000000505822.jpg,Is there a potted plant in the image?,yes,popular,potted plant,کیا تصویر میں کوئی پودا ہے؟
505822,COCO_val2014_000000505822.jpg,Is there a person in the image?,no,popular,person,کیا تصویر میں کوئی شخص ہے؟
505822,COCO_val2014_000000505822.jpg,Is there a car in the image?,no,popular,car,کیا تصویر میں کوئی کار ہے؟
505822,COCO_val2014_000000505822.jpg,Is there a chair in the image?,no,popular,chair,کیا تصویر میں کرسی ہے؟
505822,COCO_val2014_000000505822.jpg,Is there a potted plant in the image?,yes,adversarial,potted plant,کیا تصویر میں کوئی پودا ہے؟
505822,COCO_val2014_000000505822.jpg,Is there a dining table in the image?,yes,adversarial,dining table,کیا تصویر میں کھانے کی میز ہے؟
505822,COCO_val2014_000000505822.jpg,Is there a vase in the image?,yes,adversarial,vase,کیا تصویر میں گلدان ہے؟
505822,COCO_val2014_000000505822.jpg,Is there a person in the image?,no,adversarial,person,کیا تصویر میں کوئی شخص ہے؟
505822,COCO_val2014_000000505822.jpg,Is there a car in the image?,no,adversarial,car,کیا تصویر میں کوئی کار ہے؟
505822,COCO_val2014_000000505822.jpg,Is there a chair in the image?,no,adversarial,chair,کیا تصویر میں کرسی ہے؟
322029,COCO_val2014_000000322029.jpg,Is there a person in the image?,yes,random,person,کیا تصویر میں کوئی شخص ہے؟
322029,COCO_val2014_000000322029.jpg,Is there a car in the image?,yes,random,car,کیا تصویر میں کوئی کار ہے؟
322029,COCO_val2014_000000322029.jpg,Is there a bicycle in the image?,yes,random,bicycle,کیا تصویر میں کوئی سائیکل ہے؟
322029,COCO_val2014_000000322029.jpg,Is there a baseball glove in the image?,no,random,baseball glove,کیا تصویر میں بیس بال کا دستانہ ہے؟
322029,COCO_val2014_000000322029.jpg,Is there a bed in the image?,no,random,bed,کیا تصویر میں کوئی بستر ہے؟
322029,COCO_val2014_000000322029.jpg,Is there a toothbrush in the image?,no,random,toothbrush,کیا تصویر میں ٹوتھ برش ہے؟
322029,COCO_val2014_000000322029.jpg,Is there a bicycle in the image?,yes,popular,bicycle,کیا تصویر میں کوئی سائیکل ہے؟
322029,COCO_val2014_000000322029.jpg,Is there a horse in the image?,yes,popular,horse,کیا تصویر میں گھوڑا ہے؟
322029,COCO_val2014_000000322029.jpg,Is there a person in the image?,yes,popular,person,کیا تصویر میں کوئی شخص ہے؟
322029,COCO_val2014_000000322029.jpg,Is there a chair in the image?,no,popular,chair,کیا تصویر میں کرسی ہے؟
322029,COCO_val2014_000000322029.jpg,Is there a book in the image?,no,popular,book,کیا تصویر میں کوئی کتاب ہے؟
322029,COCO_val2014_000000322029.jpg,Is there a bottle in the image?,no,popular,bottle,کیا تصویر میں کوئی بوتل ہے؟
322029,COCO_val2014_000000322029.jpg,Is there a bicycle in the image?,yes,adversarial,bicycle,کیا تصویر میں کوئی سائیکل ہے؟
322029,COCO_val2014_000000322029.jpg,Is there a car in the image?,yes,adversarial,car,کیا تصویر میں کوئی کار ہے؟
322029,COCO_val2014_000000322029.jpg,Is there a horse in the image?,yes,adversarial,horse,کیا تصویر میں گھوڑا ہے؟
322029,COCO_val2014_000000322029.jpg,Is there a chair in the image?,no,adversarial,chair,کیا تصویر میں کرسی ہے؟
322029,COCO_val2014_000000322029.jpg,Is there a book in the image?,no,adversarial,book,کیا تصویر میں کوئی کتاب ہے؟
322029,COCO_val2014_000000322029.jpg,Is there a bottle in the image?,no,adversarial,bottle,کیا تصویر میں کوئی بوتل ہے؟
2431,COCO_val2014_000000002431.jpg,Is there a person in the image?,yes,random,person,کیا تصویر میں کوئی شخص ہے؟
2431,COCO_val2014_000000002431.jpg,Is there a knife in the image?,yes,random,knife,کیا تصویر میں چاقو ہے؟
2431,COCO_val2014_000000002431.jpg,Is there a spoon in the image?,yes,random,spoon,کیا تصویر میں چمچ ہے؟
2431,COCO_val2014_000000002431.jpg,Is there a fire hydrant in the image?,no,random,fire hydrant,کیا تصویر میں فائر ہائیڈرنٹ ہے؟
2431,COCO_val2014_000000002431.jpg,Is there a sink in the image?,no,random,sink,کیا تصویر میں کوئی سنک ہے؟
2431,COCO_val2014_000000002431.jpg,Is there a cat in the image?,no,random,cat,کیا تصویر میں بلی ہے؟
2431,COCO_val2014_000000002431.jpg,Is there a wine glass in the image?,yes,popular,wine glass,کیا تصویر میں شراب کا گلاس ہے؟
2431,COCO_val2014_000000002431.jpg,Is there a spoon in the image?,yes,popular,spoon,کیا تصویر میں چمچ ہے؟
2431,COCO_val2014_000000002431.jpg,Is there a person in the image?,yes,popular,person,کیا تصویر میں کوئی شخص ہے؟
2431,COCO_val2014_000000002431.jpg,Is there a car in the image?,no,popular,car,کیا تصویر میں کوئی کار ہے؟
2431,COCO_val2014_000000002431.jpg,Is there a chair in the image?,no,popular,chair,کیا تصویر میں کرسی ہے؟
2431,COCO_val2014_000000002431.jpg,Is there a book in the image?,no,popular,book,کیا تصویر میں کوئی کتاب ہے؟
2431,COCO_val2014_000000002431.jpg,Is there a knife in the image?,yes,adversarial,knife,کیا تصویر میں چاقو ہے؟
2431,COCO_val2014_000000002431.jpg,Is there a spoon in the image?,yes,adversarial,spoon,کیا تصویر میں چمچ ہے؟
2431,COCO_val2014_000000002431.jpg,Is there a person in the image?,yes,adversarial,person,کیا تصویر میں کوئی شخص ہے؟
2431,COCO_val2014_000000002431.jpg,Is there a car in the image?,no,adversarial,car,کیا تصویر میں کوئی کار ہے؟
2431,COCO_val2014_000000002431.jpg,Is there a chair in the image?,no,adversarial,chair,کیا تصویر میں کرسی ہے؟
2431,COCO_val2014_000000002431.jpg,Is there a book in the image?,no,adversarial,book,کیا تصویر میں کوئی کتاب ہے؟
116678,COCO_val2014_000000116678.jpg,Is there a teddy bear in the image?,yes,random,teddy bear,کیا تصویر میں کوئی ٹیڈی بیر ہے؟
116678,COCO_val2014_000000116678.jpg,Is there a car in the image?,yes,random,car,کیا تصویر میں کوئی کار ہے؟
116678,COCO_val2014_000000116678.jpg,Is there a book in the image?,yes,random,book,کیا تصویر میں کوئی کتاب ہے؟
116678,COCO_val2014_000000116678.jpg,Is there a kite in the image?,no,random,kite,کیا تصویر میں پتنگ ہے؟
116678,COCO_val2014_000000116678.jpg,Is there a handbag in the image?,no,random,handbag,کیا تصویر میں ہینڈ بیگ ہے؟
116678,COCO_val2014_000000116678.jpg,Is there a giraffe in the image?,no,random,giraffe,کیا تصویر میں زرافہ ہے؟
116678,COCO_val2014_000000116678.jpg,Is there a teddy bear in the image?,yes,popular,teddy bear,کیا تصویر میں کوئی ٹیڈی بیر ہے؟
116678,COCO_val2014_000000116678.jpg,Is there a book in the image?,yes,popular,book,کیا تصویر میں کوئی کتاب ہے؟
116678,COCO_val2014_000000116678.jpg,Is there a car in the image?,yes,popular,car,کیا تصویر میں کوئی کار ہے؟
116678,COCO_val2014_000000116678.jpg,Is there a person in the image?,no,popular,person,کیا تصویر میں کوئی شخص ہے؟
116678,COCO_val2014_000000116678.jpg,Is there a chair in the image?,no,popular,chair,کیا تصویر میں کرسی ہے؟
116678,COCO_val2014_000000116678.jpg,Is there a bottle in the image?,no,popular,bottle,کیا تصویر میں کوئی بوتل ہے؟
116678,COCO_val2014_000000116678.jpg,Is there a teddy bear in the image?,yes,adversarial,teddy bear,کیا تصویر میں کوئی ٹیڈی بیر ہے؟
116678,COCO_val2014_000000116678.jpg,Is there a book in the image?,yes,adversarial,book,کیا تصویر میں کوئی کتاب ہے؟
116678,COCO_val2014_000000116678.jpg,Is there a bed in the image?,yes,adversarial,bed,کیا تصویر میں کوئی بستر ہے؟
116678,COCO_val2014_000000116678.jpg,Is there a person in the image?,no,adversarial,person,کیا تصویر میں کوئی شخص ہے؟
116678,COCO_val2014_000000116678.jpg,Is there a chair in the image?,no,adversarial,chair,کیا تصویر میں کرسی ہے؟
116678,COCO_val2014_000000116678.jpg,Is there a bottle in the image?,no,adversarial,bottle,کیا تصویر میں کوئی بوتل ہے؟
57150,COCO_val2014_000000057150.jpg,Is there a teddy bear in the image?,yes,random,teddy bear,کیا تصویر میں کوئی ٹیڈی بیر ہے؟
57150,COCO_val2014_000000057150.jpg,Is there a backpack in the image?,yes,random,backpack,کیا تصویر میں کوئی بیگ ہے؟
57150,COCO_val2014_000000057150.jpg,Is there a person in the image?,yes,random,person,کیا تصویر میں کوئی شخص ہے؟
57150,COCO_val2014_000000057150.jpg,Is there a fork in the image?,no,random,fork,کیا تصویر میں کانٹا ہے؟
57150,COCO_val2014_000000057150.jpg,Is there a elephant in the image?,no,random,elephant,کیا تصویر میں ہاتھی ہے؟
57150,COCO_val2014_000000057150.jpg,Is there a potted plant in the image?,no,random,potted plant,کیا تصویر میں کوئی پودا ہے؟
57150,COCO_val2014_000000057150.jpg,Is there a person in the image?,yes,popular,person,کیا تصویر میں کوئی شخص ہے؟
57150,COCO_val2014_000000057150.jpg,Is there a teddy bear in the image?,yes,popular,teddy bear,کیا تصویر میں کوئی ٹیڈی بیر ہے؟
57150,COCO_val2014_000000057150.jpg,Is there a backpack in the image?,yes,popular,backpack,کیا تصویر میں کوئی بیگ ہے؟
57150,COCO_val2014_000000057150.jpg,Is there a car in the image?,no,popular,car,کیا تصویر میں کوئی کار ہے؟
57150,COCO_val2014_000000057150.jpg,Is there a chair in the image?,no,popular,chair,کیا تصویر میں کرسی ہے؟
57150,COCO_val2014_000000057150.jpg,Is there a book in the image?,no,popular,book,کیا تصویر میں کوئی کتاب ہے؟
57150,COCO_val2014_000000057150.jpg,Is there a backpack in the image?,yes,adversarial,backpack,کیا تصویر میں کوئی بیگ ہے؟
57150,COCO_val2014_000000057150.jpg,Is there a teddy bear in the image?,yes,adversarial,teddy bear,کیا تصویر میں کوئی ٹیڈی بیر ہے؟
57150,COCO_val2014_000000057150.jpg,Is there a person in the image?,yes,adversarial,person,کیا تصویر میں کوئی شخص ہے؟
57150,COCO_val2014_000000057150.jpg,Is there a car in the image?,no,adversarial,car,کیا تصویر میں کوئی کار ہے؟
57150,COCO_val2014_000000057150.jpg,Is there a chair in the image?,no,adversarial,chair,کیا تصویر میں کرسی ہے؟
57150,COCO_val2014_000000057150.jpg,Is there a book in the image?,no,adversarial,book,کیا تصویر میں کوئی کتاب ہے؟
449379,COCO_val2014_000000449379.jpg,Is there a bed in the image?,yes,random,bed,کیا تصویر میں کوئی بستر ہے؟
449379,COCO_val2014_000000449379.jpg,Is there a person in the image?,yes,random,person,کیا تصویر میں کوئی شخص ہے؟
449379,COCO_val2014_000000449379.jpg,Is there a cat in the image?,yes,random,cat,کیا تصویر میں بلی ہے؟
449379,COCO_val2014_000000449379.jpg,Is there a cell phone in the image?,no,random,cell phone,کیا تصویر میں سیل فون ہے؟
449379,COCO_val2014_000000449379.jpg,Is there a fire hydrant in the image?,no,random,fire hydrant,کیا تصویر میں فائر ہائیڈرنٹ ہے؟
449379,COCO_val2014_000000449379.jpg,Is there a cup in the image?,no,random,cup,کیا تصویر میں کپ ہے؟
449379,COCO_val2014_000000449379.jpg,Is there a cat in the image?,yes,popular,cat,کیا تصویر میں بلی ہے؟
449379,COCO_val2014_000000449379.jpg,Is there a bed in the image?,yes,popular,bed,کیا تصویر میں کوئی بستر ہے؟
449379,COCO_val2014_000000449379.jpg,Is there a person in the image?,yes,popular,person,کیا تصویر میں کوئی شخص ہے؟
449379,COCO_val2014_000000449379.jpg,Is there a car in the image?,no,popular,car,کیا تصویر میں کوئی کار ہے؟
449379,COCO_val2014_000000449379.jpg,Is there a chair in the image?,no,popular,chair,کیا تصویر میں کرسی ہے؟
449379,COCO_val2014_000000449379.jpg,Is there a book in the image?,no,popular,book,کیا تصویر میں کوئی کتاب ہے؟
449379,COCO_val2014_000000449379.jpg,Is there a person in the image?,yes,adversarial,person,کیا تصویر میں کوئی شخص ہے؟
449379,COCO_val2014_000000449379.jpg,Is there a cat in the image?,yes,adversarial,cat,کیا تصویر میں بلی ہے؟
449379,COCO_val2014_000000449379.jpg,Is there a bed in the image?,yes,adversarial,bed,کیا تصویر میں کوئی بستر ہے؟
449379,COCO_val2014_000000449379.jpg,Is there a car in the image?,no,adversarial,car,کیا تصویر میں کوئی کار ہے؟
449379,COCO_val2014_000000449379.jpg,Is there a chair in the image?,no,adversarial,chair,کیا تصویر میں کرسی ہے؟
449379,COCO_val2014_000000449379.jpg,Is there a book in the image?,no,adversarial,book,کیا تصویر میں کوئی کتاب ہے؟
507087,COCO_val2014_000000507087.jpg,Is there a person in the image?,yes,random,person,کیا تصویر میں کوئی شخص ہے؟
507087,COCO_val2014_000000507087.jpg,Is there a surfboard in the image?,yes,random,surfboard,کیا تصویر میں کوئی سرف بورڈ ہے؟
507087,COCO_val2014_000000507087.jpg,Is there a boat in the image?,yes,random,boat,کیا تصویر میں کوئی کشتی ہے؟
507087,COCO_val2014_000000507087.jpg,Is there a tv in the image?,no,random,tv,کیا تصویر میں ٹی وی ہے؟
507087,COCO_val2014_000000507087.jpg,Is there a teddy bear in the image?,no,random,teddy bear,کیا تصویر میں کوئی ٹیڈی بیر ہے؟
507087,COCO_val2014_000000507087.jpg,Is there a book in the image?,no,random,book,کیا تصویر میں کوئی کتاب ہے؟
507087,COCO_val2014_000000507087.jpg,Is there a surfboard in the image?,yes,popular,surfboard,کیا تصویر میں کوئی سرف بورڈ ہے؟
507087,COCO_val2014_000000507087.jpg,Is there a person in the image?,yes,popular,person,کیا تصویر میں کوئی شخص ہے؟
507087,COCO_val2014_000000507087.jpg,Is there a boat in the image?,yes,popular,boat,کیا تصویر میں کوئی کشتی ہے؟
507087,COCO_val2014_000000507087.jpg,Is there a car in the image?,no,popular,car,کیا تصویر میں کوئی کار ہے؟
507087,COCO_val2014_000000507087.jpg,Is there a chair in the image?,no,popular,chair,کیا تصویر میں کرسی ہے؟
507087,COCO_val2014_000000507087.jpg,Is there a book in the image?,no,popular,book,کیا تصویر میں کوئی کتاب ہے؟
507087,COCO_val2014_000000507087.jpg,Is there a surfboard in the image?,yes,adversarial,surfboard,کیا تصویر میں کوئی سرف بورڈ ہے؟
507087,COCO_val2014_000000507087.jpg,Is there a person in the image?,yes,adversarial,person,کیا تصویر میں کوئی شخص ہے؟
507087,COCO_val2014_000000507087.jpg,Is there a boat in the image?,yes,adversarial,boat,کیا تصویر میں کوئی کشتی ہے؟
507087,COCO_val2014_000000507087.jpg,Is there a car in the image?,no,adversarial,car,کیا تصویر میں کوئی کار ہے؟
507087,COCO_val2014_000000507087.jpg,Is there a chair in the image?,no,adversarial,chair,کیا تصویر میں کرسی ہے؟
507087,COCO_val2014_000000507087.jpg,Is there a book in the image?,no,adversarial,book,کیا تصویر میں کوئی کتاب ہے؟
564352,COCO_val2014_000000564352.jpg,Is there a boat in the image?,yes,random,boat,کیا تصویر میں کوئی کشتی ہے؟
564352,COCO_val2014_000000564352.jpg,Is there a potted plant in the image?,yes,random,potted plant,کیا تصویر میں کوئی پودا ہے؟
564352,COCO_val2014_000000564352.jpg,Is there a person in the image?,yes,random,person,کیا تصویر میں کوئی شخص ہے؟
564352,COCO_val2014_000000564352.jpg,Is there a traffic light in the image?,no,random,traffic light,کیا تصویر میں ٹریفک لائٹ ہے؟
564352,COCO_val2014_000000564352.jpg,Is there a laptop in the image?,no,random,laptop,کیا تصویر میں لیپ ٹاپ ہے؟
564352,COCO_val2014_000000564352.jpg,Is there a dog in the image?,no,random,dog,کیا تصویر میں کتا ہے؟
564352,COCO_val2014_000000564352.jpg,Is there a bench in the image?,yes,popular,bench,کیا تصویر میں کوئی بینچ ہے؟
564352,COCO_val2014_000000564352.jpg,Is there a dining table in the image?,yes,popular,dining table,کیا تصویر میں کھانے کی میز ہے؟
564352,COCO_val2014_000000564352.jpg,Is there a person in the image?,yes,popular,person,کیا تصویر میں کوئی شخص ہے؟
564352,COCO_val2014_000000564352.jpg,Is there a car in the image?,no,popular,car,کیا تصویر میں کوئی کار ہے؟
564352,COCO_val2014_000000564352.jpg,Is there a book in the image?,no,popular,book,کیا تصویر میں کوئی کتاب ہے؟
564352,COCO_val2014_000000564352.jpg,Is there a bottle in the image?,no,popular,bottle,کیا تصویر میں کوئی بوتل ہے؟
564352,COCO_val2014_000000564352.jpg,Is there a dining table in the image?,yes,adversarial,dining table,کیا تصویر میں کھانے کی میز ہے؟
564352,COCO_val2014_000000564352.jpg,Is there a person in the image?,yes,adversarial,person,کیا تصویر میں کوئی شخص ہے؟
564352,COCO_val2014_000000564352.jpg,Is there a potted plant in the image?,yes,adversarial,potted plant,کیا تصویر میں کوئی پودا ہے؟
564352,COCO_val2014_000000564352.jpg,Is there a car in the image?,no,adversarial,car,کیا تصویر میں کوئی کار ہے؟
564352,COCO_val2014_000000564352.jpg,Is there a book in the image?,no,adversarial,book,کیا تصویر میں کوئی کتاب ہے؟
564352,COCO_val2014_000000564352.jpg,Is there a bottle in the image?,no,adversarial,bottle,کیا تصویر میں کوئی بوتل ہے؟
370701,COCO_val2014_000000370701.jpg,Is there a truck in the image?,yes,random,truck,کیا تصویر میں کوئی ٹرک ہے؟
370701,COCO_val2014_000000370701.jpg,Is there a person in the image?,yes,random,person,کیا تصویر میں کوئی شخص ہے؟
370701,COCO_val2014_000000370701.jpg,Is there a dog in the image?,yes,random,dog,کیا تصویر میں کتا ہے؟
370701,COCO_val2014_000000370701.jpg,Is there a broccoli in the image?,no,random,broccoli,کیا تصویر میں بروکولی ہے؟
370701,COCO_val2014_000000370701.jpg,Is there a bottle in the image?,no,random,bottle,کیا تصویر میں کوئی بوتل ہے؟
370701,COCO_val2014_000000370701.jpg,Is there a hot dog in the image?,no,random,hot dog,کیا تصویر میں کوئی ہاٹ ڈاگ ہے؟
370701,COCO_val2014_000000370701.jpg,Is there a truck in the image?,yes,popular,truck,کیا تصویر میں کوئی ٹرک ہے؟
370701,COCO_val2014_000000370701.jpg,Is there a dog in the image?,yes,popular,dog,کیا تصویر میں کتا ہے؟
370701,COCO_val2014_000000370701.jpg,Is there a person in the image?,yes,popular,person,کیا تصویر میں کوئی شخص ہے؟
370701,COCO_val2014_000000370701.jpg,Is there a car in the image?,no,popular,car,کیا تصویر میں کوئی کار ہے؟
370701,COCO_val2014_000000370701.jpg,Is there a chair in the image?,no,popular,chair,کیا تصویر میں کرسی ہے؟
370701,COCO_val2014_000000370701.jpg,Is there a book in the image?,no,popular,book,کیا تصویر میں کوئی کتاب ہے؟
370701,COCO_val2014_000000370701.jpg,Is there a dog in the image?,yes,adversarial,dog,کیا تصویر میں کتا ہے؟
370701,COCO_val2014_000000370701.jpg,Is there a truck in the image?,yes,adversarial,truck,کیا تصویر میں کوئی ٹرک ہے؟
370701,COCO_val2014_000000370701.jpg,Is there a person in the image?,yes,adversarial,person,کیا تصویر میں کوئی شخص ہے؟
370701,COCO_val2014_000000370701.jpg,Is there a car in the image?,no,adversarial,car,کیا تصویر میں کوئی کار ہے؟
370701,COCO_val2014_000000370701.jpg,Is there a chair in the image?,no,adversarial,chair,کیا تصویر میں کرسی ہے؟
370701,COCO_val2014_000000370701.jpg,Is there a book in the image?,no,adversarial,book,کیا تصویر میں کوئی کتاب ہے؟
60069,COCO_val2014_000000060069.jpg,Is there a kite in the image?,yes,random,kite,کیا تصویر میں پتنگ ہے؟
60069,COCO_val2014_000000060069.jpg,Is there a person in the image?,yes,random,person,کیا تصویر میں کوئی شخص ہے؟
60069,COCO_val2014_000000060069.jpg,Is there a surfboard in the image?,yes,random,surfboard,کیا تصویر میں کوئی سرف بورڈ ہے؟
60069,COCO_val2014_000000060069.jpg,Is there a bottle in the image?,no,random,bottle,کیا تصویر میں کوئی بوتل ہے؟
60069,COCO_val2014_000000060069.jpg,Is there a baseball bat in the image?,no,random,baseball bat,کیا تصویر میں بیس بال کا بیٹ ہے؟
60069,COCO_val2014_000000060069.jpg,Is there a elephant in the image?,no,random,elephant,کیا تصویر میں ہاتھی ہے؟
60069,COCO_val2014_000000060069.jpg,Is there a kite in the image?,yes,popular,kite,کیا تصویر میں پتنگ ہے؟
60069,COCO_val2014_000000060069.jpg,Is there a person in the image?,yes,popular,person,کیا تصویر میں کوئی شخص ہے؟
60069,COCO_val2014_000000060069.jpg,Is there a surfboard in the image?,yes,popular,surfboard,کیا تصویر میں کوئی سرف بورڈ ہے؟
60069,COCO_val2014_000000060069.jpg,Is there a car in the image?,no,popular,car,کیا تصویر میں کوئی کار ہے؟
60069,COCO_val2014_000000060069.jpg,Is there a chair in the image?,no,popular,chair,کیا تصویر میں کرسی ہے؟
60069,COCO_val2014_000000060069.jpg,Is there a book in the image?,no,popular,book,کیا تصویر میں کوئی کتاب ہے؟
60069,COCO_val2014_000000060069.jpg,Is there a kite in the image?,yes,adversarial,kite,کیا تصویر میں پتنگ ہے؟
60069,COCO_val2014_000000060069.jpg,Is there a surfboard in the image?,yes,adversarial,surfboard,کیا تصویر میں کوئی سرف بورڈ ہے؟
60069,COCO_val2014_000000060069.jpg,Is there a person in the image?,yes,adversarial,person,کیا تصویر میں کوئی شخص ہے؟
60069,COCO_val2014_000000060069.jpg,Is there a car in the image?,no,adversarial,car,کیا تصویر میں کوئی کار ہے؟
60069,COCO_val2014_000000060069.jpg,Is there a chair in the image?,no,adversarial,chair,کیا تصویر میں کرسی ہے؟
60069,COCO_val2014_000000060069.jpg,Is there a book in the image?,no,adversarial,book,کیا تصویر میں کوئی کتاب ہے؟
319726,COCO_val2014_000000319726.jpg,Is there a person in the image?,yes,random,person,کیا تصویر میں کوئی شخص ہے؟
319726,COCO_val2014_000000319726.jpg,Is there a sports ball in the image?,yes,random,sports ball,کیا تصویر میں کھیلوں کی گیند ہے؟
319726,COCO_val2014_000000319726.jpg,Is there a tennis racket in the image?,yes,random,tennis racket,کیا تصویر میں ٹینس ریکیٹ ہے؟
319726,COCO_val2014_000000319726.jpg,Is there a clock in the image?,no,random,clock,کیا تصویر میں کوئی گھڑی ہے؟
319726,COCO_val2014_000000319726.jpg,Is there a carrot in the image?,no,random,carrot,کیا تصویر میں گاجر ہے؟
319726,COCO_val2014_000000319726.jpg,Is there a bowl in the image?,no,random,bowl,کیا تصویر میں ایک پیالہ ہے؟
319726,COCO_val2014_000000319726.jpg,Is there a person in the image?,yes,popular,person,کیا تصویر میں کوئی شخص ہے؟
319726,COCO_val2014_000000319726.jpg,Is there a sports ball in the image?,yes,popular,sports ball,کیا تصویر میں کھیلوں کی گیند ہے؟
319726,COCO_val2014_000000319726.jpg,Is there a tennis racket in the image?,yes,popular,tennis racket,کیا تصویر میں ٹینس ریکیٹ ہے؟
319726,COCO_val2014_000000319726.jpg,Is there a car in the image?,no,popular,car,کیا تصویر میں کوئی کار ہے؟
319726,COCO_val2014_000000319726.jpg,Is there a chair in the image?,no,popular,chair,کیا تصویر میں کرسی ہے؟
319726,COCO_val2014_000000319726.jpg,Is there a book in the image?,no,popular,book,کیا تصویر میں کوئی کتاب ہے؟
319726,COCO_val2014_000000319726.jpg,Is there a sports ball in the image?,yes,adversarial,sports ball,کیا تصویر میں کھیلوں کی گیند ہے؟
319726,COCO_val2014_000000319726.jpg,Is there a tennis racket in the image?,yes,adversarial,tennis racket,کیا تصویر میں ٹینس ریکیٹ ہے؟
319726,COCO_val2014_000000319726.jpg,Is there a person in the image?,yes,adversarial,person,کیا تصویر میں کوئی شخص ہے؟
319726,COCO_val2014_000000319726.jpg,Is there a car in the image?,no,adversarial,car,کیا تصویر میں کوئی کار ہے؟
319726,COCO_val2014_000000319726.jpg,Is there a chair in the image?,no,adversarial,chair,کیا تصویر میں کرسی ہے؟
319726,COCO_val2014_000000319726.jpg,Is there a book in the image?,no,adversarial,book,کیا تصویر میں کوئی کتاب ہے؟
113828,COCO_val2014_000000113828.jpg,Is there a car in the image?,yes,random,car,کیا تصویر میں کوئی کار ہے؟
113828,COCO_val2014_000000113828.jpg,Is there a bus in the image?,yes,random,bus,کیا تصویر میں بس ہے؟
113828,COCO_val2014_000000113828.jpg,Is there a person in the image?,yes,random,person,کیا تصویر میں کوئی شخص ہے؟
113828,COCO_val2014_000000113828.jpg,Is there a skis in the image?,no,random,skis,کیا تصویر میں کوئی سکی ہے؟
113828,COCO_val2014_000000113828.jpg,Is there a banana in the image?,no,random,banana,کیا تصویر میں کیلا ہے؟
113828,COCO_val2014_000000113828.jpg,Is there a remote in the image?,no,random,remote,کیا تصویر میں کوئی ریموٹ ہے؟
113828,COCO_val2014_000000113828.jpg,Is there a person in the image?,yes,popular,person,کیا تصویر میں کوئی شخص ہے؟
113828,COCO_val2014_000000113828.jpg,Is there a bus in the image?,yes,popular,bus,کیا تصویر میں بس ہے؟
113828,COCO_val2014_000000113828.jpg,Is there a car in the image?,yes,popular,car,کیا تصویر میں کوئی کار ہے؟
113828,COCO_val2014_000000113828.jpg,Is there a chair in the image?,no,popular,chair,کیا تصویر میں کرسی ہے؟
113828,COCO_val2014_000000113828.jpg,Is there a book in the image?,no,popular,book,کیا تصویر میں کوئی کتاب ہے؟
113828,COCO_val2014_000000113828.jpg,Is there a bottle in the image?,no,popular,bottle,کیا تصویر میں کوئی بوتل ہے؟
113828,COCO_val2014_000000113828.jpg,Is there a person in the image?,yes,adversarial,person,کیا تصویر میں کوئی شخص ہے؟
113828,COCO_val2014_000000113828.jpg,Is there a bus in the image?,yes,adversarial,bus,کیا تصویر میں بس ہے؟
113828,COCO_val2014_000000113828.jpg,Is there a car in the image?,yes,adversarial,car,کیا تصویر میں کوئی کار ہے؟
113828,COCO_val2014_000000113828.jpg,Is there a chair in the image?,no,adversarial,chair,کیا تصویر میں کرسی ہے؟
113828,COCO_val2014_000000113828.jpg,Is there a book in the image?,no,adversarial,book,کیا تصویر میں کوئی کتاب ہے؟
113828,COCO_val2014_000000113828.jpg,Is there a bottle in the image?,no,adversarial,bottle,کیا تصویر میں کوئی بوتل ہے؟
87328,COCO_val2014_000000087328.jpg,Is there a person in the image?,yes,random,person,کیا تصویر میں کوئی شخص ہے؟
87328,COCO_val2014_000000087328.jpg,Is there a sports ball in the image?,yes,random,sports ball,کیا تصویر میں کھیلوں کی گیند ہے؟
87328,COCO_val2014_000000087328.jpg,Is there a book in the image?,yes,random,book,کیا تصویر میں کوئی کتاب ہے؟
87328,COCO_val2014_000000087328.jpg,Is there a horse in the image?,no,random,horse,کیا تصویر میں گھوڑا ہے؟
87328,COCO_val2014_000000087328.jpg,Is there a toothbrush in the image?,no,random,toothbrush,کیا تصویر میں ٹوتھ برش ہے؟
87328,COCO_val2014_000000087328.jpg,Is there a broccoli in the image?,no,random,broccoli,کیا تصویر میں بروکولی ہے؟
87328,COCO_val2014_000000087328.jpg,Is there a person in the image?,yes,popular,person,کیا تصویر میں کوئی شخص ہے؟
87328,COCO_val2014_000000087328.jpg,Is there a sports ball in the image?,yes,popular,sports ball,کیا تصویر میں کھیلوں کی گیند ہے؟
87328,COCO_val2014_000000087328.jpg,Is there a book in the image?,yes,popular,book,کیا تصویر میں کوئی کتاب ہے؟
87328,COCO_val2014_000000087328.jpg,Is there a car in the image?,no,popular,car,کیا تصویر میں کوئی کار ہے؟
87328,COCO_val2014_000000087328.jpg,Is there a chair in the image?,no,popular,chair,کیا تصویر میں کرسی ہے؟
87328,COCO_val2014_000000087328.jpg,Is there a bottle in the image?,no,popular,bottle,کیا تصویر میں کوئی بوتل ہے؟
87328,COCO_val2014_000000087328.jpg,Is there a sports ball in the image?,yes,adversarial,sports ball,کیا تصویر میں کھیلوں کی گیند ہے؟
87328,COCO_val2014_000000087328.jpg,Is there a person in the image?,yes,adversarial,person,کیا تصویر میں کوئی شخص ہے؟
87328,COCO_val2014_000000087328.jpg,Is there a book in the image?,yes,adversarial,book,کیا تصویر میں کوئی کتاب ہے؟
87328,COCO_val2014_000000087328.jpg,Is there a car in the image?,no,adversarial,car,کیا تصویر میں کوئی کار ہے؟
87328,COCO_val2014_000000087328.jpg,Is there a chair in the image?,no,adversarial,chair,کیا تصویر میں کرسی ہے؟
87328,COCO_val2014_000000087328.jpg,Is there a bottle in the image?,no,adversarial,bottle,کیا تصویر میں کوئی بوتل ہے؟
330204,COCO_val2014_000000330204.jpg,Is there a person in the image?,yes,random,person,کیا تصویر میں کوئی شخص ہے؟
330204,COCO_val2014_000000330204.jpg,Is there a handbag in the image?,yes,random,handbag,کیا تصویر میں ہینڈ بیگ ہے؟
330204,COCO_val2014_000000330204.jpg,Is there a bus in the image?,yes,random,bus,کیا تصویر میں بس ہے؟
330204,COCO_val2014_000000330204.jpg,Is there a kite in the image?,no,random,kite,کیا تصویر میں پتنگ ہے؟
330204,COCO_val2014_000000330204.jpg,Is there a bed in the image?,no,random,bed,کیا تصویر میں کوئی بستر ہے؟
330204,COCO_val2014_000000330204.jpg,Is there a bottle in the image?,no,random,bottle,کیا تصویر میں کوئی بوتل ہے؟
330204,COCO_val2014_000000330204.jpg,Is there a bus in the image?,yes,popular,bus,کیا تصویر میں بس ہے؟
330204,COCO_val2014_000000330204.jpg,Is there a handbag in the image?,yes,popular,handbag,کیا تصویر میں ہینڈ بیگ ہے؟
330204,COCO_val2014_000000330204.jpg,Is there a person in the image?,yes,popular,person,کیا تصویر میں کوئی شخص ہے؟
330204,COCO_val2014_000000330204.jpg,Is there a car in the image?,no,popular,car,کیا تصویر میں کوئی کار ہے؟
330204,COCO_val2014_000000330204.jpg,Is there a chair in the image?,no,popular,chair,کیا تصویر میں کرسی ہے؟
330204,COCO_val2014_000000330204.jpg,Is there a book in the image?,no,popular,book,کیا تصویر میں کوئی کتاب ہے؟
330204,COCO_val2014_000000330204.jpg,Is there a bus in the image?,yes,adversarial,bus,کیا تصویر میں بس ہے؟
330204,COCO_val2014_000000330204.jpg,Is there a person in the image?,yes,adversarial,person,کیا تصویر میں کوئی شخص ہے؟
330204,COCO_val2014_000000330204.jpg,Is there a handbag in the image?,yes,adversarial,handbag,کیا تصویر میں ہینڈ بیگ ہے؟
330204,COCO_val2014_000000330204.jpg,Is there a car in the image?,no,adversarial,car,کیا تصویر میں کوئی کار ہے؟
330204,COCO_val2014_000000330204.jpg,Is there a chair in the image?,no,adversarial,chair,کیا تصویر میں کرسی ہے؟
330204,COCO_val2014_000000330204.jpg,Is there a book in the image?,no,adversarial,book,کیا تصویر میں کوئی کتاب ہے؟
39589,COCO_val2014_000000039589.jpg,Is there a cat in the image?,yes,random,cat,کیا تصویر میں بلی ہے؟
39589,COCO_val2014_000000039589.jpg,Is there a donut in the image?,yes,random,donut,کیا تصویر میں ڈونٹ ہے؟
39589,COCO_val2014_000000039589.jpg,Is there a book in the image?,yes,random,book,کیا تصویر میں کوئی کتاب ہے؟
39589,COCO_val2014_000000039589.jpg,Is there a scissors in the image?,no,random,scissors,کیا تصویر میں قینچی ہے؟
39589,COCO_val2014_000000039589.jpg,Is there a potted plant in the image?,no,random,potted plant,کیا تصویر میں کوئی پودا ہے؟
39589,COCO_val2014_000000039589.jpg,Is there a toilet in the image?,no,random,toilet,کیا تصویر میں بیت الخلا ہے؟
39589,COCO_val2014_000000039589.jpg,Is there a cat in the image?,yes,popular,cat,کیا تصویر میں بلی ہے؟
39589,COCO_val2014_000000039589.jpg,Is there a book in the image?,yes,popular,book,کیا تصویر میں کوئی کتاب ہے؟
39589,COCO_val2014_000000039589.jpg,Is there a donut in the image?,yes,popular,donut,کیا تصویر میں ڈونٹ ہے؟
39589,COCO_val2014_000000039589.jpg,Is there a person in the image?,no,popular,person,کیا تصویر میں کوئی شخص ہے؟
39589,COCO_val2014_000000039589.jpg,Is there a car in the image?,no,popular,car,کیا تصویر میں کوئی کار ہے؟
39589,COCO_val2014_000000039589.jpg,Is there a chair in the image?,no,popular,chair,کیا تصویر میں کرسی ہے؟
39589,COCO_val2014_000000039589.jpg,Is there a donut in the image?,yes,adversarial,donut,کیا تصویر میں ڈونٹ ہے؟
39589,COCO_val2014_000000039589.jpg,Is there a book in the image?,yes,adversarial,book,کیا تصویر میں کوئی کتاب ہے؟
39589,COCO_val2014_000000039589.jpg,Is there a cat in the image?,yes,adversarial,cat,کیا تصویر میں بلی ہے؟
39589,COCO_val2014_000000039589.jpg,Is there a person in the image?,no,adversarial,person,کیا تصویر میں کوئی شخص ہے؟
39589,COCO_val2014_000000039589.jpg,Is there a car in the image?,no,adversarial,car,کیا تصویر میں کوئی کار ہے؟
39589,COCO_val2014_000000039589.jpg,Is there a chair in the image?,no,adversarial,chair,کیا تصویر میں کرسی ہے؟
185943,COCO_val2014_000000185943.jpg,Is there a bicycle in the image?,yes,random,bicycle,کیا تصویر میں کوئی سائیکل ہے؟
185943,COCO_val2014_000000185943.jpg,Is there a person in the image?,yes,random,person,کیا تصویر میں کوئی شخص ہے؟
185943,COCO_val2014_000000185943.jpg,Is there a car in the image?,yes,random,car,کیا تصویر میں کوئی کار ہے؟
185943,COCO_val2014_000000185943.jpg,Is there a carrot in the image?,no,random,carrot,کیا تصویر میں گاجر ہے؟
185943,COCO_val2014_000000185943.jpg,Is there a clock in the image?,no,random,clock,کیا تصویر میں کوئی گھڑی ہے؟
185943,COCO_val2014_000000185943.jpg,Is there a horse in the image?,no,random,horse,کیا تصویر میں گھوڑا ہے؟
185943,COCO_val2014_000000185943.jpg,Is there a person in the image?,yes,popular,person,کیا تصویر میں کوئی شخص ہے؟
185943,COCO_val2014_000000185943.jpg,Is there a car in the image?,yes,popular,car,کیا تصویر میں کوئی کار ہے؟
185943,COCO_val2014_000000185943.jpg,Is there a bus in the image?,yes,popular,bus,کیا تصویر میں بس ہے؟
185943,COCO_val2014_000000185943.jpg,Is there a chair in the image?,no,popular,chair,کیا تصویر میں کرسی ہے؟
185943,COCO_val2014_000000185943.jpg,Is there a book in the image?,no,popular,book,کیا تصویر میں کوئی کتاب ہے؟
185943,COCO_val2014_000000185943.jpg,Is there a bottle in the image?,no,popular,bottle,کیا تصویر میں کوئی بوتل ہے؟
185943,COCO_val2014_000000185943.jpg,Is there a car in the image?,yes,adversarial,car,کیا تصویر میں کوئی کار ہے؟
185943,COCO_val2014_000000185943.jpg,Is there a bus in the image?,yes,adversarial,bus,کیا تصویر میں بس ہے؟
185943,COCO_val2014_000000185943.jpg,Is there a bicycle in the image?,yes,adversarial,bicycle,کیا تصویر میں کوئی سائیکل ہے؟
185943,COCO_val2014_000000185943.jpg,Is there a chair in the image?,no,adversarial,chair,کیا تصویر میں کرسی ہے؟
185943,COCO_val2014_000000185943.jpg,Is there a book in the image?,no,adversarial,book,کیا تصویر میں کوئی کتاب ہے؟
185943,COCO_val2014_000000185943.jpg,Is there a bottle in the image?,no,adversarial,bottle,کیا تصویر میں کوئی بوتل ہے؟
218294,COCO_val2014_000000218294.jpg,Is there a sports ball in the image?,yes,random,sports ball,کیا تصویر میں کھیلوں کی گیند ہے؟
218294,COCO_val2014_000000218294.jpg,Is there a person in the image?,yes,random,person,کیا تصویر میں کوئی شخص ہے؟
218294,COCO_val2014_000000218294.jpg,Is there a tennis racket in the image?,yes,random,tennis racket,کیا تصویر میں ٹینس ریکیٹ ہے؟
218294,COCO_val2014_000000218294.jpg,Is there a parking meter in the image?,no,random,parking meter,کیا تصویر میں پارکنگ میٹر ہے؟
218294,COCO_val2014_000000218294.jpg,Is there a frisbee in the image?,no,random,frisbee,کیا تصویر میں فریسبی ہے؟
218294,COCO_val2014_000000218294.jpg,Is there a dining table in the image?,no,random,dining table,کیا تصویر میں کھانے کی میز ہے؟
218294,COCO_val2014_000000218294.jpg,Is there a tennis racket in the image?,yes,popular,tennis racket,کیا تصویر میں ٹینس ریکیٹ ہے؟
218294,COCO_val2014_000000218294.jpg,Is there a person in the image?,yes,popular,person,کیا تصویر میں کوئی شخص ہے؟
218294,COCO_val2014_000000218294.jpg,Is there a sports ball in the image?,yes,popular,sports ball,کیا تصویر میں کھیلوں کی گیند ہے؟
218294,COCO_val2014_000000218294.jpg,Is there a car in the image?,no,popular,car,کیا تصویر میں کوئی کار ہے؟
218294,COCO_val2014_000000218294.jpg,Is there a chair in the image?,no,popular,chair,کیا تصویر میں کرسی ہے؟
218294,COCO_val2014_000000218294.jpg,Is there a book in the image?,no,popular,book,کیا تصویر میں کوئی کتاب ہے؟
218294,COCO_val2014_000000218294.jpg,Is there a person in the image?,yes,adversarial,person,کیا تصویر میں کوئی شخص ہے؟
218294,COCO_val2014_000000218294.jpg,Is there a tennis racket in the image?,yes,adversarial,tennis racket,کیا تصویر میں ٹینس ریکیٹ ہے؟
218294,COCO_val2014_000000218294.jpg,Is there a sports ball in the image?,yes,adversarial,sports ball,کیا تصویر میں کھیلوں کی گیند ہے؟
218294,COCO_val2014_000000218294.jpg,Is there a car in the image?,no,adversarial,car,کیا تصویر میں کوئی کار ہے؟
218294,COCO_val2014_000000218294.jpg,Is there a chair in the image?,no,adversarial,chair,کیا تصویر میں کرسی ہے؟
218294,COCO_val2014_000000218294.jpg,Is there a book in the image?,no,adversarial,book,کیا تصویر میں کوئی کتاب ہے؟
124210,COCO_val2014_000000124210.jpg,Is there a bench in the image?,yes,random,bench,کیا تصویر میں کوئی بینچ ہے؟
124210,COCO_val2014_000000124210.jpg,Is there a backpack in the image?,yes,random,backpack,کیا تصویر میں کوئی بیگ ہے؟
124210,COCO_val2014_000000124210.jpg,Is there a person in the image?,yes,random,person,کیا تصویر میں کوئی شخص ہے؟
124210,COCO_val2014_000000124210.jpg,Is there a carrot in the image?,no,random,carrot,کیا تصویر میں گاجر ہے؟
124210,COCO_val2014_000000124210.jpg,Is there a sports ball in the image?,no,random,sports ball,کیا تصویر میں کھیلوں کی گیند ہے؟
124210,COCO_val2014_000000124210.jpg,Is there a airplane in the image?,no,random,airplane,کیا تصویر میں ہوائی جہاز ہے؟
124210,COCO_val2014_000000124210.jpg,Is there a sink in the image?,yes,popular,sink,کیا تصویر میں کوئی سنک ہے؟
124210,COCO_val2014_000000124210.jpg,Is there a person in the image?,yes,popular,person,کیا تصویر میں کوئی شخص ہے؟
124210,COCO_val2014_000000124210.jpg,Is there a suitcase in the image?,yes,popular,suitcase,کیا تصویر میں کوئی سوٹ کیس ہے؟
124210,COCO_val2014_000000124210.jpg,Is there a car in the image?,no,popular,car,کیا تصویر میں کوئی کار ہے؟
124210,COCO_val2014_000000124210.jpg,Is there a chair in the image?,no,popular,chair,کیا تصویر میں کرسی ہے؟
124210,COCO_val2014_000000124210.jpg,Is there a book in the image?,no,popular,book,کیا تصویر میں کوئی کتاب ہے؟
124210,COCO_val2014_000000124210.jpg,Is there a sink in the image?,yes,adversarial,sink,کیا تصویر میں کوئی سنک ہے؟
124210,COCO_val2014_000000124210.jpg,Is there a bench in the image?,yes,adversarial,bench,کیا تصویر میں کوئی بینچ ہے؟
124210,COCO_val2014_000000124210.jpg,Is there a person in the image?,yes,adversarial,person,کیا تصویر میں کوئی شخص ہے؟
124210,COCO_val2014_000000124210.jpg,Is there a car in the image?,no,adversarial,car,کیا تصویر میں کوئی کار ہے؟
124210,COCO_val2014_000000124210.jpg,Is there a chair in the image?,no,adversarial,chair,کیا تصویر میں کرسی ہے؟
124210,COCO_val2014_000000124210.jpg,Is there a book in the image?,no,adversarial,book,کیا تصویر میں کوئی کتاب ہے؟
317565,COCO_val2014_000000317565.jpg,Is there a couch in the image?,yes,random,couch,کیا تصویر میں صوفہ ہے؟
317565,COCO_val2014_000000317565.jpg,Is there a tv in the image?,yes,random,tv,کیا تصویر میں ٹی وی ہے؟
317565,COCO_val2014_000000317565.jpg,Is there a potted plant in the image?,yes,random,potted plant,کیا تصویر میں کوئی پودا ہے؟
317565,COCO_val2014_000000317565.jpg,Is there a horse in the image?,no,random,horse,کیا تصویر میں گھوڑا ہے؟
317565,COCO_val2014_000000317565.jpg,Is there a remote in the image?,no,random,remote,کیا تصویر میں کوئی ریموٹ ہے؟
317565,COCO_val2014_000000317565.jpg,Is there a dining table in the image?,no,random,dining table,کیا تصویر میں کھانے کی میز ہے؟
317565,COCO_val2014_000000317565.jpg,Is there a toilet in the image?,yes,popular,toilet,کیا تصویر میں بیت الخلا ہے؟
317565,COCO_val2014_000000317565.jpg,Is there a couch in the image?,yes,popular,couch,کیا تصویر میں صوفہ ہے؟
317565,COCO_val2014_000000317565.jpg,Is there a vase in the image?,yes,popular,vase,کیا تصویر میں گلدان ہے؟
317565,COCO_val2014_000000317565.jpg,Is there a person in the image?,no,popular,person,کیا تصویر میں کوئی شخص ہے؟
317565,COCO_val2014_000000317565.jpg,Is there a car in the image?,no,popular,car,کیا تصویر میں کوئی کار ہے؟
317565,COCO_val2014_000000317565.jpg,Is there a book in the image?,no,popular,book,کیا تصویر میں کوئی کتاب ہے؟
317565,COCO_val2014_000000317565.jpg,Is there a couch in the image?,yes,adversarial,couch,کیا تصویر میں صوفہ ہے؟
317565,COCO_val2014_000000317565.jpg,Is there a tv in the image?,yes,adversarial,tv,کیا تصویر میں ٹی وی ہے؟
317565,COCO_val2014_000000317565.jpg,Is there a sink in the image?,yes,adversarial,sink,کیا تصویر میں کوئی سنک ہے؟
317565,COCO_val2014_000000317565.jpg,Is there a person in the image?,no,adversarial,person,کیا تصویر میں کوئی شخص ہے؟
317565,COCO_val2014_000000317565.jpg,Is there a car in the image?,no,adversarial,car,کیا تصویر میں کوئی کار ہے؟
317565,COCO_val2014_000000317565.jpg,Is there a book in the image?,no,adversarial,book,کیا تصویر میں کوئی کتاب ہے؟
279331,COCO_val2014_000000279331.jpg,Is there a backpack in the image?,yes,random,backpack,کیا تصویر میں کوئی بیگ ہے؟
279331,COCO_val2014_000000279331.jpg,Is there a dog in the image?,yes,random,dog,کیا تصویر میں کتا ہے؟
279331,COCO_val2014_000000279331.jpg,Is there a tennis racket in the image?,yes,random,tennis racket,کیا تصویر میں ٹینس ریکیٹ ہے؟
279331,COCO_val2014_000000279331.jpg,Is there a cup in the image?,no,random,cup,کیا تصویر میں کپ ہے؟
279331,COCO_val2014_000000279331.jpg,Is there a kite in the image?,no,random,kite,کیا تصویر میں پتنگ ہے؟
279331,COCO_val2014_000000279331.jpg,Is there a knife in the image?,no,random,knife,کیا تصویر میں چاقو ہے؟
279331,COCO_val2014_000000279331.jpg,Is there a tennis racket in the image?,yes,popular,tennis racket,کیا تصویر میں ٹینس ریکیٹ ہے؟
279331,COCO_val2014_000000279331.jpg,Is there a handbag in the image?,yes,popular,handbag,کیا تصویر میں ہینڈ بیگ ہے؟
279331,COCO_val2014_000000279331.jpg,Is there a dog in the image?,yes,popular,dog,کیا تصویر میں کتا ہے؟
279331,COCO_val2014_000000279331.jpg,Is there a person in the image?,no,popular,person,کیا تصویر میں کوئی شخص ہے؟
279331,COCO_val2014_000000279331.jpg,Is there a car in the image?,no,popular,car,کیا تصویر میں کوئی کار ہے؟
279331,COCO_val2014_000000279331.jpg,Is there a chair in the image?,no,popular,chair,کیا تصویر میں کرسی ہے؟
279331,COCO_val2014_000000279331.jpg,Is there a dog in the image?,yes,adversarial,dog,کیا تصویر میں کتا ہے؟
279331,COCO_val2014_000000279331.jpg,Is there a handbag in the image?,yes,adversarial,handbag,کیا تصویر میں ہینڈ بیگ ہے؟
279331,COCO_val2014_000000279331.jpg,Is there a tennis racket in the image?,yes,adversarial,tennis racket,کیا تصویر میں ٹینس ریکیٹ ہے؟
279331,COCO_val2014_000000279331.jpg,Is there a person in the image?,no,adversarial,person,کیا تصویر میں کوئی شخص ہے؟
279331,COCO_val2014_000000279331.jpg,Is there a car in the image?,no,adversarial,car,کیا تصویر میں کوئی کار ہے؟
279331,COCO_val2014_000000279331.jpg,Is there a chair in the image?,no,adversarial,chair,کیا تصویر میں کرسی ہے؟
287035,COCO_val2014_000000287035.jpg,Is there a tv in the image?,yes,random,tv,کیا تصویر میں ٹی وی ہے؟
287035,COCO_val2014_000000287035.jpg,Is there a mouse in the image?,yes,random,mouse,کیا تصویر میں کوئی چوہا ہے؟
287035,COCO_val2014_000000287035.jpg,Is there a laptop in the image?,yes,random,laptop,کیا تصویر میں لیپ ٹاپ ہے؟
287035,COCO_val2014_000000287035.jpg,Is there a sink in the image?,no,random,sink,کیا تصویر میں کوئی سنک ہے؟
287035,COCO_val2014_000000287035.jpg,Is there a toothbrush in the image?,no,random,toothbrush,کیا تصویر میں ٹوتھ برش ہے؟
287035,COCO_val2014_000000287035.jpg,Is there a skis in the image?,no,random,skis,کیا تصویر میں کوئی سکی ہے؟
287035,COCO_val2014_000000287035.jpg,Is there a laptop in the image?,yes,popular,laptop,کیا تصویر میں لیپ ٹاپ ہے؟
287035,COCO_val2014_000000287035.jpg,Is there a keyboard in the image?,yes,popular,keyboard,کیا تصویر میں کی بورڈ ہے؟
287035,COCO_val2014_000000287035.jpg,Is there a cell phone in the image?,yes,popular,cell phone,کیا تصویر میں سیل فون ہے؟
287035,COCO_val2014_000000287035.jpg,Is there a person in the image?,no,popular,person,کیا تصویر میں کوئی شخص ہے؟
287035,COCO_val2014_000000287035.jpg,Is there a car in the image?,no,popular,car,کیا تصویر میں کوئی کار ہے؟
287035,COCO_val2014_000000287035.jpg,Is there a book in the image?,no,popular,book,کیا تصویر میں کوئی کتاب ہے؟
287035,COCO_val2014_000000287035.jpg,Is there a mouse in the image?,yes,adversarial,mouse,کیا تصویر میں کوئی چوہا ہے؟
287035,COCO_val2014_000000287035.jpg,Is there a tv in the image?,yes,adversarial,tv,کیا تصویر میں ٹی وی ہے؟
287035,COCO_val2014_000000287035.jpg,Is there a cell phone in the image?,yes,adversarial,cell phone,کیا تصویر میں سیل فون ہے؟
287035,COCO_val2014_000000287035.jpg,Is there a person in the image?,no,adversarial,person,کیا تصویر میں کوئی شخص ہے؟
287035,COCO_val2014_000000287035.jpg,Is there a car in the image?,no,adversarial,car,کیا تصویر میں کوئی کار ہے؟
287035,COCO_val2014_000000287035.jpg,Is there a book in the image?,no,adversarial,book,کیا تصویر میں کوئی کتاب ہے؟
505099,COCO_val2014_000000505099.jpg,Is there a backpack in the image?,yes,random,backpack,کیا تصویر میں کوئی بیگ ہے؟
505099,COCO_val2014_000000505099.jpg,Is there a chair in the image?,yes,random,chair,کیا تصویر میں کرسی ہے؟
505099,COCO_val2014_000000505099.jpg,Is there a baseball glove in the image?,yes,random,baseball glove,کیا تصویر میں بیس بال کا دستانہ ہے؟
505099,COCO_val2014_000000505099.jpg,Is there a umbrella in the image?,no,random,umbrella,کیا تصویر میں چھتری ہے؟
505099,COCO_val2014_000000505099.jpg,Is there a stop sign in the image?,no,random,stop sign,کیا تصویر میں سٹاپ کا نشان ہے؟
505099,COCO_val2014_000000505099.jpg,Is there a book in the image?,no,random,book,کیا تصویر میں کوئی کتاب ہے؟
505099,COCO_val2014_000000505099.jpg,Is there a baseball bat in the image?,yes,popular,baseball bat,کیا تصویر میں بیس بال کا بیٹ ہے؟
505099,COCO_val2014_000000505099.jpg,Is there a person in the image?,yes,popular,person,کیا تصویر میں کوئی شخص ہے؟
505099,COCO_val2014_000000505099.jpg,Is there a chair in the image?,yes,popular,chair,کیا تصویر میں کرسی ہے؟
505099,COCO_val2014_000000505099.jpg,Is there a car in the image?,no,popular,car,کیا تصویر میں کوئی کار ہے؟
505099,COCO_val2014_000000505099.jpg,Is there a book in the image?,no,popular,book,کیا تصویر میں کوئی کتاب ہے؟
505099,COCO_val2014_000000505099.jpg,Is there a cup in the image?,no,popular,cup,کیا تصویر میں کپ ہے؟
505099,COCO_val2014_000000505099.jpg,Is there a baseball glove in the image?,yes,adversarial,baseball glove,کیا تصویر میں بیس بال کا دستانہ ہے؟
505099,COCO_val2014_000000505099.jpg,Is there a bottle in the image?,yes,adversarial,bottle,کیا تصویر میں کوئی بوتل ہے؟
505099,COCO_val2014_000000505099.jpg,Is there a person in the image?,yes,adversarial,person,کیا تصویر میں کوئی شخص ہے؟
505099,COCO_val2014_000000505099.jpg,Is there a car in the image?,no,adversarial,car,کیا تصویر میں کوئی کار ہے؟
505099,COCO_val2014_000000505099.jpg,Is there a book in the image?,no,adversarial,book,کیا تصویر میں کوئی کتاب ہے؟
505099,COCO_val2014_000000505099.jpg,Is there a cup in the image?,no,adversarial,cup,کیا تصویر میں کپ ہے؟
565395,COCO_val2014_000000565395.jpg,Is there a truck in the image?,yes,random,truck,کیا تصویر میں کوئی ٹرک ہے؟
565395,COCO_val2014_000000565395.jpg,Is there a frisbee in the image?,yes,random,frisbee,کیا تصویر میں فریسبی ہے؟
565395,COCO_val2014_000000565395.jpg,Is there a person in the image?,yes,random,person,کیا تصویر میں کوئی شخص ہے؟
565395,COCO_val2014_000000565395.jpg,Is there a baseball glove in the image?,no,random,baseball glove,کیا تصویر میں بیس بال کا دستانہ ہے؟
565395,COCO_val2014_000000565395.jpg,Is there a motorcycle in the image?,no,random,motorcycle,کیا تصویر میں کوئی موٹر سائیکل ہے؟
565395,COCO_val2014_000000565395.jpg,Is there a sandwich in the image?,no,random,sandwich,کیا تصویر میں کوئی سینڈوچ ہے؟
565395,COCO_val2014_000000565395.jpg,Is there a person in the image?,yes,popular,person,کیا تصویر میں کوئی شخص ہے؟
565395,COCO_val2014_000000565395.jpg,Is there a frisbee in the image?,yes,popular,frisbee,کیا تصویر میں فریسبی ہے؟
565395,COCO_val2014_000000565395.jpg,Is there a truck in the image?,yes,popular,truck,کیا تصویر میں کوئی ٹرک ہے؟
565395,COCO_val2014_000000565395.jpg,Is there a car in the image?,no,popular,car,کیا تصویر میں کوئی کار ہے؟
565395,COCO_val2014_000000565395.jpg,Is there a chair in the image?,no,popular,chair,کیا تصویر میں کرسی ہے؟
565395,COCO_val2014_000000565395.jpg,Is there a book in the image?,no,popular,book,کیا تصویر میں کوئی کتاب ہے؟
565395,COCO_val2014_000000565395.jpg,Is there a truck in the image?,yes,adversarial,truck,کیا تصویر میں کوئی ٹرک ہے؟
565395,COCO_val2014_000000565395.jpg,Is there a person in the image?,yes,adversarial,person,کیا تصویر میں کوئی شخص ہے؟
565395,COCO_val2014_000000565395.jpg,Is there a frisbee in the image?,yes,adversarial,frisbee,کیا تصویر میں فریسبی ہے؟
565395,COCO_val2014_000000565395.jpg,Is there a car in the image?,no,adversarial,car,کیا تصویر میں کوئی کار ہے؟
565395,COCO_val2014_000000565395.jpg,Is there a chair in the image?,no,adversarial,chair,کیا تصویر میں کرسی ہے؟
565395,COCO_val2014_000000565395.jpg,Is there a book in the image?,no,adversarial,book,کیا تصویر میں کوئی کتاب ہے؟
17714,COCO_val2014_000000017714.jpg,Is there a pizza in the image?,yes,random,pizza,کیا تصویر میں پیزا ہے؟
17714,COCO_val2014_000000017714.jpg,Is there a dining table in the image?,yes,random,dining table,کیا تصویر میں کھانے کی میز ہے؟
17714,COCO_val2014_000000017714.jpg,Is there a banana in the image?,yes,random,banana,کیا تصویر میں کیلا ہے؟
17714,COCO_val2014_000000017714.jpg,Is there a scissors in the image?,no,random,scissors,کیا تصویر میں قینچی ہے؟
17714,COCO_val2014_000000017714.jpg,Is there a sandwich in the image?,no,random,sandwich,کیا تصویر میں کوئی سینڈوچ ہے؟
17714,COCO_val2014_000000017714.jpg,Is there a zebra in the image?,no,random,zebra,کیا تصویر میں زیبرا ہے؟
17714,COCO_val2014_000000017714.jpg,Is there a spoon in the image?,yes,popular,spoon,کیا تصویر میں چمچ ہے؟
17714,COCO_val2014_000000017714.jpg,Is there a fork in the image?,yes,popular,fork,کیا تصویر میں کانٹا ہے؟
17714,COCO_val2014_000000017714.jpg,Is there a knife in the image?,yes,popular,knife,کیا تصویر میں چاقو ہے؟
17714,COCO_val2014_000000017714.jpg,Is there a person in the image?,no,popular,person,کیا تصویر میں کوئی شخص ہے؟
17714,COCO_val2014_000000017714.jpg,Is there a car in the image?,no,popular,car,کیا تصویر میں کوئی کار ہے؟
17714,COCO_val2014_000000017714.jpg,Is there a chair in the image?,no,popular,chair,کیا تصویر میں کرسی ہے؟
17714,COCO_val2014_000000017714.jpg,Is there a fork in the image?,yes,adversarial,fork,کیا تصویر میں کانٹا ہے؟
17714,COCO_val2014_000000017714.jpg,Is there a knife in the image?,yes,adversarial,knife,کیا تصویر میں چاقو ہے؟
17714,COCO_val2014_000000017714.jpg,Is there a pizza in the image?,yes,adversarial,pizza,کیا تصویر میں پیزا ہے؟
17714,COCO_val2014_000000017714.jpg,Is there a person in the image?,no,adversarial,person,کیا تصویر میں کوئی شخص ہے؟
17714,COCO_val2014_000000017714.jpg,Is there a car in the image?,no,adversarial,car,کیا تصویر میں کوئی کار ہے؟
17714,COCO_val2014_000000017714.jpg,Is there a chair in the image?,no,adversarial,chair,کیا تصویر میں کرسی ہے؟
257036,COCO_val2014_000000257036.jpg,Is there a chair in the image?,yes,random,chair,کیا تصویر میں کرسی ہے؟
257036,COCO_val2014_000000257036.jpg,Is there a cat in the image?,yes,random,cat,کیا تصویر میں بلی ہے؟
257036,COCO_val2014_000000257036.jpg,Is there a bicycle in the image?,yes,random,bicycle,کیا تصویر میں کوئی سائیکل ہے؟
257036,COCO_val2014_000000257036.jpg,Is there a bus in the image?,no,random,bus,کیا تصویر میں بس ہے؟
257036,COCO_val2014_000000257036.jpg,Is there a wine glass in the image?,no,random,wine glass,کیا تصویر میں شراب کا گلاس ہے؟
257036,COCO_val2014_000000257036.jpg,Is there a suitcase in the image?,no,random,suitcase,کیا تصویر میں کوئی سوٹ کیس ہے؟
257036,COCO_val2014_000000257036.jpg,Is there a cat in the image?,yes,popular,cat,کیا تصویر میں بلی ہے؟
257036,COCO_val2014_000000257036.jpg,Is there a bicycle in the image?,yes,popular,bicycle,کیا تصویر میں کوئی سائیکل ہے؟
257036,COCO_val2014_000000257036.jpg,Is there a backpack in the image?,yes,popular,backpack,کیا تصویر میں کوئی بیگ ہے؟
257036,COCO_val2014_000000257036.jpg,Is there a person in the image?,no,popular,person,کیا تصویر میں کوئی شخص ہے؟
257036,COCO_val2014_000000257036.jpg,Is there a car in the image?,no,popular,car,کیا تصویر میں کوئی کار ہے؟
257036,COCO_val2014_000000257036.jpg,Is there a book in the image?,no,popular,book,کیا تصویر میں کوئی کتاب ہے؟
257036,COCO_val2014_000000257036.jpg,Is there a backpack in the image?,yes,adversarial,backpack,کیا تصویر میں کوئی بیگ ہے؟
257036,COCO_val2014_000000257036.jpg,Is there a chair in the image?,yes,adversarial,chair,کیا تصویر میں کرسی ہے؟
257036,COCO_val2014_000000257036.jpg,Is there a bicycle in the image?,yes,adversarial,bicycle,کیا تصویر میں کوئی سائیکل ہے؟
257036,COCO_val2014_000000257036.jpg,Is there a person in the image?,no,adversarial,person,کیا تصویر میں کوئی شخص ہے؟
257036,COCO_val2014_000000257036.jpg,Is there a car in the image?,no,adversarial,car,کیا تصویر میں کوئی کار ہے؟
257036,COCO_val2014_000000257036.jpg,Is there a book in the image?,no,adversarial,book,کیا تصویر میں کوئی کتاب ہے؟
478736,COCO_val2014_000000478736.jpg,Is there a traffic light in the image?,yes,random,traffic light,کیا تصویر میں ٹریفک لائٹ ہے؟
478736,COCO_val2014_000000478736.jpg,Is there a car in the image?,yes,random,car,کیا تصویر میں کوئی کار ہے؟
478736,COCO_val2014_000000478736.jpg,Is there a stop sign in the image?,yes,random,stop sign,کیا تصویر میں سٹاپ کا نشان ہے؟
478736,COCO_val2014_000000478736.jpg,Is there a bus in the image?,no,random,bus,کیا تصویر میں بس ہے؟
478736,COCO_val2014_000000478736.jpg,Is there a tie in the image?,no,random,tie,کیا تصویر میں ٹائی ہے؟
478736,COCO_val2014_000000478736.jpg,Is there a bottle in the image?,no,random,bottle,کیا تصویر میں کوئی بوتل ہے؟
478736,COCO_val2014_000000478736.jpg,Is there a car in the image?,yes,popular,car,کیا تصویر میں کوئی کار ہے؟
478736,COCO_val2014_000000478736.jpg,Is there a stop sign in the image?,yes,popular,stop sign,کیا تصویر میں سٹاپ کا نشان ہے؟
478736,COCO_val2014_000000478736.jpg,Is there a traffic light in the image?,yes,popular,traffic light,کیا تصویر میں ٹریفک لائٹ ہے؟
478736,COCO_val2014_000000478736.jpg,Is there a person in the image?,no,popular,person,کیا تصویر میں کوئی شخص ہے؟
478736,COCO_val2014_000000478736.jpg,Is there a chair in the image?,no,popular,chair,کیا تصویر میں کرسی ہے؟
478736,COCO_val2014_000000478736.jpg,Is there a book in the image?,no,popular,book,کیا تصویر میں کوئی کتاب ہے؟
478736,COCO_val2014_000000478736.jpg,Is there a car in the image?,yes,adversarial,car,کیا تصویر میں کوئی کار ہے؟
478736,COCO_val2014_000000478736.jpg,Is there a stop sign in the image?,yes,adversarial,stop sign,کیا تصویر میں سٹاپ کا نشان ہے؟
478736,COCO_val2014_000000478736.jpg,Is there a traffic light in the image?,yes,adversarial,traffic light,کیا تصویر میں ٹریفک لائٹ ہے؟
478736,COCO_val2014_000000478736.jpg,Is there a person in the image?,no,adversarial,person,کیا تصویر میں کوئی شخص ہے؟
478736,COCO_val2014_000000478736.jpg,Is there a chair in the image?,no,adversarial,chair,کیا تصویر میں کرسی ہے؟
478736,COCO_val2014_000000478736.jpg,Is there a book in the image?,no,adversarial,book,کیا تصویر میں کوئی کتاب ہے؟
370013,COCO_val2014_000000370013.jpg,Is there a banana in the image?,yes,random,banana,کیا تصویر میں کیلا ہے؟
370013,COCO_val2014_000000370013.jpg,Is there a knife in the image?,yes,random,knife,کیا تصویر میں چاقو ہے؟
370013,COCO_val2014_000000370013.jpg,Is there a person in the image?,yes,random,person,کیا تصویر میں کوئی شخص ہے؟
370013,COCO_val2014_000000370013.jpg,Is there a hot dog in the image?,no,random,hot dog,کیا تصویر میں کوئی ہاٹ ڈاگ ہے؟
370013,COCO_val2014_000000370013.jpg,Is there a bowl in the image?,no,random,bowl,کیا تصویر میں ایک پیالہ ہے؟
370013,COCO_val2014_000000370013.jpg,Is there a backpack in the image?,no,random,backpack,کیا تصویر میں کوئی بیگ ہے؟
370013,COCO_val2014_000000370013.jpg,Is there a banana in the image?,yes,popular,banana,کیا تصویر میں کیلا ہے؟
370013,COCO_val2014_000000370013.jpg,Is there a knife in the image?,yes,popular,knife,کیا تصویر میں چاقو ہے؟
370013,COCO_val2014_000000370013.jpg,Is there a person in the image?,yes,popular,person,کیا تصویر میں کوئی شخص ہے؟
370013,COCO_val2014_000000370013.jpg,Is there a car in the image?,no,popular,car,کیا تصویر میں کوئی کار ہے؟
370013,COCO_val2014_000000370013.jpg,Is there a chair in the image?,no,popular,chair,کیا تصویر میں کرسی ہے؟
370013,COCO_val2014_000000370013.jpg,Is there a book in the image?,no,popular,book,کیا تصویر میں کوئی کتاب ہے؟
370013,COCO_val2014_000000370013.jpg,Is there a knife in the image?,yes,adversarial,knife,کیا تصویر میں چاقو ہے؟
370013,COCO_val2014_000000370013.jpg,Is there a banana in the image?,yes,adversarial,banana,کیا تصویر میں کیلا ہے؟
370013,COCO_val2014_000000370013.jpg,Is there a person in the image?,yes,adversarial,person,کیا تصویر میں کوئی شخص ہے؟
370013,COCO_val2014_000000370013.jpg,Is there a car in the image?,no,adversarial,car,کیا تصویر میں کوئی کار ہے؟
370013,COCO_val2014_000000370013.jpg,Is there a chair in the image?,no,adversarial,chair,کیا تصویر میں کرسی ہے؟
370013,COCO_val2014_000000370013.jpg,Is there a book in the image?,no,adversarial,book,کیا تصویر میں کوئی کتاب ہے؟
552273,COCO_val2014_000000552273.jpg,Is there a stop sign in the image?,yes,random,stop sign,کیا تصویر میں سٹاپ کا نشان ہے؟
552273,COCO_val2014_000000552273.jpg,Is there a person in the image?,yes,random,person,کیا تصویر میں کوئی شخص ہے؟
552273,COCO_val2014_000000552273.jpg,Is there a horse in the image?,yes,random,horse,کیا تصویر میں گھوڑا ہے؟
552273,COCO_val2014_000000552273.jpg,Is there a suitcase in the image?,no,random,suitcase,کیا تصویر میں کوئی سوٹ کیس ہے؟
552273,COCO_val2014_000000552273.jpg,Is there a clock in the image?,no,random,clock,کیا تصویر میں کوئی گھڑی ہے؟
552273,COCO_val2014_000000552273.jpg,Is there a fork in the image?,no,random,fork,کیا تصویر میں کانٹا ہے؟
552273,COCO_val2014_000000552273.jpg,Is there a backpack in the image?,yes,popular,backpack,کیا تصویر میں کوئی بیگ ہے؟
552273,COCO_val2014_000000552273.jpg,Is there a person in the image?,yes,popular,person,کیا تصویر میں کوئی شخص ہے؟
552273,COCO_val2014_000000552273.jpg,Is there a stop sign in the image?,yes,popular,stop sign,کیا تصویر میں سٹاپ کا نشان ہے؟
552273,COCO_val2014_000000552273.jpg,Is there a car in the image?,no,popular,car,کیا تصویر میں کوئی کار ہے؟
552273,COCO_val2014_000000552273.jpg,Is there a chair in the image?,no,popular,chair,کیا تصویر میں کرسی ہے؟
552273,COCO_val2014_000000552273.jpg,Is there a book in the image?,no,popular,book,کیا تصویر میں کوئی کتاب ہے؟
552273,COCO_val2014_000000552273.jpg,Is there a backpack in the image?,yes,adversarial,backpack,کیا تصویر میں کوئی بیگ ہے؟
552273,COCO_val2014_000000552273.jpg,Is there a handbag in the image?,yes,adversarial,handbag,کیا تصویر میں ہینڈ بیگ ہے؟
552273,COCO_val2014_000000552273.jpg,Is there a horse in the image?,yes,adversarial,horse,کیا تصویر میں گھوڑا ہے؟
552273,COCO_val2014_000000552273.jpg,Is there a car in the image?,no,adversarial,car,کیا تصویر میں کوئی کار ہے؟
552273,COCO_val2014_000000552273.jpg,Is there a chair in the image?,no,adversarial,chair,کیا تصویر میں کرسی ہے؟
552273,COCO_val2014_000000552273.jpg,Is there a book in the image?,no,adversarial,book,کیا تصویر میں کوئی کتاب ہے؟
342377,COCO_val2014_000000342377.jpg,Is there a carrot in the image?,yes,random,carrot,کیا تصویر میں گاجر ہے؟
342377,COCO_val2014_000000342377.jpg,Is there a person in the image?,yes,random,person,کیا تصویر میں کوئی شخص ہے؟
342377,COCO_val2014_000000342377.jpg,Is there a refrigerator in the image?,yes,random,refrigerator,کیا تصویر میں ریفریجریٹر ہے؟
342377,COCO_val2014_000000342377.jpg,Is there a potted plant in the image?,no,random,potted plant,کیا تصویر میں کوئی پودا ہے؟
342377,COCO_val2014_000000342377.jpg,Is there a bowl in the image?,no,random,bowl,کیا تصویر میں ایک پیالہ ہے؟
342377,COCO_val2014_000000342377.jpg,Is there a bed in the image?,no,random,bed,کیا تصویر میں کوئی بستر ہے؟
342377,COCO_val2014_000000342377.jpg,Is there a refrigerator in the image?,yes,popular,refrigerator,کیا تصویر میں ریفریجریٹر ہے؟
342377,COCO_val2014_000000342377.jpg,Is there a carrot in the image?,yes,popular,carrot,کیا تصویر میں گاجر ہے؟
342377,COCO_val2014_000000342377.jpg,Is there a person in the image?,yes,popular,person,کیا تصویر میں کوئی شخص ہے؟
342377,COCO_val2014_000000342377.jpg,Is there a car in the image?,no,popular,car,کیا تصویر میں کوئی کار ہے؟
342377,COCO_val2014_000000342377.jpg,Is there a chair in the image?,no,popular,chair,کیا تصویر میں کرسی ہے؟
342377,COCO_val2014_000000342377.jpg,Is there a book in the image?,no,popular,book,کیا تصویر میں کوئی کتاب ہے؟
342377,COCO_val2014_000000342377.jpg,Is there a carrot in the image?,yes,adversarial,carrot,کیا تصویر میں گاجر ہے؟
342377,COCO_val2014_000000342377.jpg,Is there a refrigerator in the image?,yes,adversarial,refrigerator,کیا تصویر میں ریفریجریٹر ہے؟
342377,COCO_val2014_000000342377.jpg,Is there a person in the image?,yes,adversarial,person,کیا تصویر میں کوئی شخص ہے؟
342377,COCO_val2014_000000342377.jpg,Is there a car in the image?,no,adversarial,car,کیا تصویر میں کوئی کار ہے؟
342377,COCO_val2014_000000342377.jpg,Is there a chair in the image?,no,adversarial,chair,کیا تصویر میں کرسی ہے؟
342377,COCO_val2014_000000342377.jpg,Is there a book in the image?,no,adversarial,book,کیا تصویر میں کوئی کتاب ہے؟
101703,COCO_val2014_000000101703.jpg,Is there a bus in the image?,yes,random,bus,کیا تصویر میں بس ہے؟
101703,COCO_val2014_000000101703.jpg,Is there a clock in the image?,yes,random,clock,کیا تصویر میں کوئی گھڑی ہے؟
101703,COCO_val2014_000000101703.jpg,Is there a person in the image?,yes,random,person,کیا تصویر میں کوئی شخص ہے؟
101703,COCO_val2014_000000101703.jpg,Is there a cell phone in the image?,no,random,cell phone,کیا تصویر میں سیل فون ہے؟
101703,COCO_val2014_000000101703.jpg,Is there a zebra in the image?,no,random,zebra,کیا تصویر میں زیبرا ہے؟
101703,COCO_val2014_000000101703.jpg,Is there a airplane in the image?,no,random,airplane,کیا تصویر میں ہوائی جہاز ہے؟
101703,COCO_val2014_000000101703.jpg,Is there a person in the image?,yes,popular,person,کیا تصویر میں کوئی شخص ہے؟
101703,COCO_val2014_000000101703.jpg,Is there a clock in the image?,yes,popular,clock,کیا تصویر میں کوئی گھڑی ہے؟
101703,COCO_val2014_000000101703.jpg,Is there a bus in the image?,yes,popular,bus,کیا تصویر میں بس ہے؟
101703,COCO_val2014_000000101703.jpg,Is there a car in the image?,no,popular,car,کیا تصویر میں کوئی کار ہے؟
101703,COCO_val2014_000000101703.jpg,Is there a chair in the image?,no,popular,chair,کیا تصویر میں کرسی ہے؟
101703,COCO_val2014_000000101703.jpg,Is there a book in the image?,no,popular,book,کیا تصویر میں کوئی کتاب ہے؟
101703,COCO_val2014_000000101703.jpg,Is there a person in the image?,yes,adversarial,person,کیا تصویر میں کوئی شخص ہے؟
101703,COCO_val2014_000000101703.jpg,Is there a bus in the image?,yes,adversarial,bus,کیا تصویر میں بس ہے؟
101703,COCO_val2014_000000101703.jpg,Is there a clock in the image?,yes,adversarial,clock,کیا تصویر میں کوئی گھڑی ہے؟
101703,COCO_val2014_000000101703.jpg,Is there a car in the image?,no,adversarial,car,کیا تصویر میں کوئی کار ہے؟
101703,COCO_val2014_000000101703.jpg,Is there a chair in the image?,no,adversarial,chair,کیا تصویر میں کرسی ہے؟
101703,COCO_val2014_000000101703.jpg,Is there a book in the image?,no,adversarial,book,کیا تصویر میں کوئی کتاب ہے؟
579081,COCO_val2014_000000579081.jpg,Is there a skis in the image?,yes,random,skis,کیا تصویر میں کوئی سکی ہے؟
579081,COCO_val2014_000000579081.jpg,Is there a bench in the image?,yes,random,bench,کیا تصویر میں کوئی بینچ ہے؟
579081,COCO_val2014_000000579081.jpg,Is there a person in the image?,yes,random,person,کیا تصویر میں کوئی شخص ہے؟
579081,COCO_val2014_000000579081.jpg,Is there a hot dog in the image?,no,random,hot dog,کیا تصویر میں کوئی ہاٹ ڈاگ ہے؟
579081,COCO_val2014_000000579081.jpg,Is there a vase in the image?,no,random,vase,کیا تصویر میں گلدان ہے؟
579081,COCO_val2014_000000579081.jpg,Is there a bus in the image?,no,random,bus,کیا تصویر میں بس ہے؟
579081,COCO_val2014_000000579081.jpg,Is there a skis in the image?,yes,popular,skis,کیا تصویر میں کوئی سکی ہے؟
579081,COCO_val2014_000000579081.jpg,Is there a person in the image?,yes,popular,person,کیا تصویر میں کوئی شخص ہے؟
579081,COCO_val2014_000000579081.jpg,Is there a bench in the image?,yes,popular,bench,کیا تصویر میں کوئی بینچ ہے؟
579081,COCO_val2014_000000579081.jpg,Is there a car in the image?,no,popular,car,کیا تصویر میں کوئی کار ہے؟
579081,COCO_val2014_000000579081.jpg,Is there a chair in the image?,no,popular,chair,کیا تصویر میں کرسی ہے؟
579081,COCO_val2014_000000579081.jpg,Is there a book in the image?,no,popular,book,کیا تصویر میں کوئی کتاب ہے؟
579081,COCO_val2014_000000579081.jpg,Is there a bench in the image?,yes,adversarial,bench,کیا تصویر میں کوئی بینچ ہے؟
579081,COCO_val2014_000000579081.jpg,Is there a skis in the image?,yes,adversarial,skis,کیا تصویر میں کوئی سکی ہے؟
579081,COCO_val2014_000000579081.jpg,Is there a person in the image?,yes,adversarial,person,کیا تصویر میں کوئی شخص ہے؟
579081,COCO_val2014_000000579081.jpg,Is there a car in the image?,no,adversarial,car,کیا تصویر میں کوئی کار ہے؟
579081,COCO_val2014_000000579081.jpg,Is there a chair in the image?,no,adversarial,chair,کیا تصویر میں کرسی ہے؟
579081,COCO_val2014_000000579081.jpg,Is there a book in the image?,no,adversarial,book,کیا تصویر میں کوئی کتاب ہے؟
99428,COCO_val2014_000000099428.jpg,Is there a remote in the image?,yes,random,remote,کیا تصویر میں کوئی ریموٹ ہے؟
99428,COCO_val2014_000000099428.jpg,Is there a laptop in the image?,yes,random,laptop,کیا تصویر میں لیپ ٹاپ ہے؟
99428,COCO_val2014_000000099428.jpg,Is there a cell phone in the image?,yes,random,cell phone,کیا تصویر میں سیل فون ہے؟
99428,COCO_val2014_000000099428.jpg,Is there a broccoli in the image?,no,random,broccoli,کیا تصویر میں بروکولی ہے؟
99428,COCO_val2014_000000099428.jpg,Is there a wine glass in the image?,no,random,wine glass,کیا تصویر میں شراب کا گلاس ہے؟
99428,COCO_val2014_000000099428.jpg,Is there a baseball glove in the image?,no,random,baseball glove,کیا تصویر میں بیس بال کا دستانہ ہے؟
99428,COCO_val2014_000000099428.jpg,Is there a remote in the image?,yes,popular,remote,کیا تصویر میں کوئی ریموٹ ہے؟
99428,COCO_val2014_000000099428.jpg,Is there a laptop in the image?,yes,popular,laptop,کیا تصویر میں لیپ ٹاپ ہے؟
99428,COCO_val2014_000000099428.jpg,Is there a cell phone in the image?,yes,popular,cell phone,کیا تصویر میں سیل فون ہے؟
99428,COCO_val2014_000000099428.jpg,Is there a person in the image?,no,popular,person,کیا تصویر میں کوئی شخص ہے؟
99428,COCO_val2014_000000099428.jpg,Is there a car in the image?,no,popular,car,کیا تصویر میں کوئی کار ہے؟
99428,COCO_val2014_000000099428.jpg,Is there a chair in the image?,no,popular,chair,کیا تصویر میں کرسی ہے؟
99428,COCO_val2014_000000099428.jpg,Is there a laptop in the image?,yes,adversarial,laptop,کیا تصویر میں لیپ ٹاپ ہے؟
99428,COCO_val2014_000000099428.jpg,Is there a remote in the image?,yes,adversarial,remote,کیا تصویر میں کوئی ریموٹ ہے؟
99428,COCO_val2014_000000099428.jpg,Is there a cell phone in the image?,yes,adversarial,cell phone,کیا تصویر میں سیل فون ہے؟
99428,COCO_val2014_000000099428.jpg,Is there a person in the image?,no,adversarial,person,کیا تصویر میں کوئی شخص ہے؟
99428,COCO_val2014_000000099428.jpg,Is there a car in the image?,no,adversarial,car,کیا تصویر میں کوئی کار ہے؟
99428,COCO_val2014_000000099428.jpg,Is there a chair in the image?,no,adversarial,chair,کیا تصویر میں کرسی ہے؟
215456,COCO_val2014_000000215456.jpg,Is there a stop sign in the image?,yes,random,stop sign,کیا تصویر میں سٹاپ کا نشان ہے؟
215456,COCO_val2014_000000215456.jpg,Is there a bicycle in the image?,yes,random,bicycle,کیا تصویر میں کوئی سائیکل ہے؟
215456,COCO_val2014_000000215456.jpg,Is there a person in the image?,yes,random,person,کیا تصویر میں کوئی شخص ہے؟
215456,COCO_val2014_000000215456.jpg,Is there a surfboard in the image?,no,random,surfboard,کیا تصویر میں کوئی سرف بورڈ ہے؟
215456,COCO_val2014_000000215456.jpg,Is there a toilet in the image?,no,random,toilet,کیا تصویر میں بیت الخلا ہے؟
215456,COCO_val2014_000000215456.jpg,Is there a snowboard in the image?,no,random,snowboard,کیا تصویر میں سنو بورڈ ہے؟
215456,COCO_val2014_000000215456.jpg,Is there a bicycle in the image?,yes,popular,bicycle,کیا تصویر میں کوئی سائیکل ہے؟
215456,COCO_val2014_000000215456.jpg,Is there a stop sign in the image?,yes,popular,stop sign,کیا تصویر میں سٹاپ کا نشان ہے؟
215456,COCO_val2014_000000215456.jpg,Is there a car in the image?,yes,popular,car,کیا تصویر میں کوئی کار ہے؟
215456,COCO_val2014_000000215456.jpg,Is there a chair in the image?,no,popular,chair,کیا تصویر میں کرسی ہے؟
215456,COCO_val2014_000000215456.jpg,Is there a book in the image?,no,popular,book,کیا تصویر میں کوئی کتاب ہے؟
215456,COCO_val2014_000000215456.jpg,Is there a bottle in the image?,no,popular,bottle,کیا تصویر میں کوئی بوتل ہے؟
215456,COCO_val2014_000000215456.jpg,Is there a car in the image?,yes,adversarial,car,کیا تصویر میں کوئی کار ہے؟
215456,COCO_val2014_000000215456.jpg,Is there a person in the image?,yes,adversarial,person,کیا تصویر میں کوئی شخص ہے؟
215456,COCO_val2014_000000215456.jpg,Is there a bicycle in the image?,yes,adversarial,bicycle,کیا تصویر میں کوئی سائیکل ہے؟
215456,COCO_val2014_000000215456.jpg,Is there a chair in the image?,no,adversarial,chair,کیا تصویر میں کرسی ہے؟
215456,COCO_val2014_000000215456.jpg,Is there a book in the image?,no,adversarial,book,کیا تصویر میں کوئی کتاب ہے؟
215456,COCO_val2014_000000215456.jpg,Is there a bottle in the image?,no,adversarial,bottle,کیا تصویر میں کوئی بوتل ہے؟
534787,COCO_val2014_000000534787.jpg,Is there a person in the image?,yes,random,person,کیا تصویر میں کوئی شخص ہے؟
534787,COCO_val2014_000000534787.jpg,Is there a remote in the image?,yes,random,remote,کیا تصویر میں کوئی ریموٹ ہے؟
534787,COCO_val2014_000000534787.jpg,Is there a couch in the image?,yes,random,couch,کیا تصویر میں صوفہ ہے؟
534787,COCO_val2014_000000534787.jpg,Is there a potted plant in the image?,no,random,potted plant,کیا تصویر میں کوئی پودا ہے؟
534787,COCO_val2014_000000534787.jpg,Is there a parking meter in the image?,no,random,parking meter,کیا تصویر میں پارکنگ میٹر ہے؟
534787,COCO_val2014_000000534787.jpg,Is there a cup in the image?,no,random,cup,کیا تصویر میں کپ ہے؟
534787,COCO_val2014_000000534787.jpg,Is there a keyboard in the image?,yes,popular,keyboard,کیا تصویر میں کی بورڈ ہے؟
534787,COCO_val2014_000000534787.jpg,Is there a couch in the image?,yes,popular,couch,کیا تصویر میں صوفہ ہے؟
534787,COCO_val2014_000000534787.jpg,Is there a person in the image?,yes,popular,person,کیا تصویر میں کوئی شخص ہے؟
534787,COCO_val2014_000000534787.jpg,Is there a car in the image?,no,popular,car,کیا تصویر میں کوئی کار ہے؟
534787,COCO_val2014_000000534787.jpg,Is there a chair in the image?,no,popular,chair,کیا تصویر میں کرسی ہے؟
534787,COCO_val2014_000000534787.jpg,Is there a book in the image?,no,popular,book,کیا تصویر میں کوئی کتاب ہے؟
534787,COCO_val2014_000000534787.jpg,Is there a keyboard in the image?,yes,adversarial,keyboard,کیا تصویر میں کی بورڈ ہے؟
534787,COCO_val2014_000000534787.jpg,Is there a remote in the image?,yes,adversarial,remote,کیا تصویر میں کوئی ریموٹ ہے؟
534787,COCO_val2014_000000534787.jpg,Is there a person in the image?,yes,adversarial,person,کیا تصویر میں کوئی شخص ہے؟
534787,COCO_val2014_000000534787.jpg,Is there a car in the image?,no,adversarial,car,کیا تصویر میں کوئی کار ہے؟
534787,COCO_val2014_000000534787.jpg,Is there a chair in the image?,no,adversarial,chair,کیا تصویر میں کرسی ہے؟
534787,COCO_val2014_000000534787.jpg,Is there a book in the image?,no,adversarial,book,کیا تصویر میں کوئی کتاب ہے؟
216861,COCO_val2014_000000216861.jpg,Is there a bicycle in the image?,yes,random,bicycle,کیا تصویر میں کوئی سائیکل ہے؟
216861,COCO_val2014_000000216861.jpg,Is there a person in the image?,yes,random,person,کیا تصویر میں کوئی شخص ہے؟
216861,COCO_val2014_000000216861.jpg,Is there a dog in the image?,yes,random,dog,کیا تصویر میں کتا ہے؟
216861,COCO_val2014_000000216861.jpg,Is there a microwave in the image?,no,random,microwave,کیا تصویر میں مائکروویو ہے؟
216861,COCO_val2014_000000216861.jpg,Is there a snowboard in the image?,no,random,snowboard,کیا تصویر میں سنو بورڈ ہے؟
216861,COCO_val2014_000000216861.jpg,Is there a sheep in the image?,no,random,sheep,کیا تصویر میں بھیڑ ہے؟
216861,COCO_val2014_000000216861.jpg,Is there a person in the image?,yes,popular,person,کیا تصویر میں کوئی شخص ہے؟
216861,COCO_val2014_000000216861.jpg,Is there a bicycle in the image?,yes,popular,bicycle,کیا تصویر میں کوئی سائیکل ہے؟
216861,COCO_val2014_000000216861.jpg,Is there a dog in the image?,yes,popular,dog,کیا تصویر میں کتا ہے؟
216861,COCO_val2014_000000216861.jpg,Is there a car in the image?,no,popular,car,کیا تصویر میں کوئی کار ہے؟
216861,COCO_val2014_000000216861.jpg,Is there a chair in the image?,no,popular,chair,کیا تصویر میں کرسی ہے؟
216861,COCO_val2014_000000216861.jpg,Is there a book in the image?,no,popular,book,کیا تصویر میں کوئی کتاب ہے؟
216861,COCO_val2014_000000216861.jpg,Is there a dog in the image?,yes,adversarial,dog,کیا تصویر میں کتا ہے؟
216861,COCO_val2014_000000216861.jpg,Is there a person in the image?,yes,adversarial,person,کیا تصویر میں کوئی شخص ہے؟
216861,COCO_val2014_000000216861.jpg,Is there a bicycle in the image?,yes,adversarial,bicycle,کیا تصویر میں کوئی سائیکل ہے؟
216861,COCO_val2014_000000216861.jpg,Is there a car in the image?,no,adversarial,car,کیا تصویر میں کوئی کار ہے؟
216861,COCO_val2014_000000216861.jpg,Is there a chair in the image?,no,adversarial,chair,کیا تصویر میں کرسی ہے؟
216861,COCO_val2014_000000216861.jpg,Is there a book in the image?,no,adversarial,book,کیا تصویر میں کوئی کتاب ہے؟
208450,COCO_val2014_000000208450.jpg,Is there a horse in the image?,yes,random,horse,کیا تصویر میں گھوڑا ہے؟
208450,COCO_val2014_000000208450.jpg,Is there a car in the image?,yes,random,car,کیا تصویر میں کوئی کار ہے؟
208450,COCO_val2014_000000208450.jpg,Is there a person in the image?,yes,random,person,کیا تصویر میں کوئی شخص ہے؟
208450,COCO_val2014_000000208450.jpg,Is there a book in the image?,no,random,book,کیا تصویر میں کوئی کتاب ہے؟
208450,COCO_val2014_000000208450.jpg,Is there a cow in the image?,no,random,cow,کیا تصویر میں گائے ہے؟
208450,COCO_val2014_000000208450.jpg,Is there a bench in the image?,no,random,bench,کیا تصویر میں کوئی بینچ ہے؟
208450,COCO_val2014_000000208450.jpg,Is there a person in the image?,yes,popular,person,کیا تصویر میں کوئی شخص ہے؟
208450,COCO_val2014_000000208450.jpg,Is there a car in the image?,yes,popular,car,کیا تصویر میں کوئی کار ہے؟
208450,COCO_val2014_000000208450.jpg,Is there a horse in the image?,yes,popular,horse,کیا تصویر میں گھوڑا ہے؟
208450,COCO_val2014_000000208450.jpg,Is there a chair in the image?,no,popular,chair,کیا تصویر میں کرسی ہے؟
208450,COCO_val2014_000000208450.jpg,Is there a book in the image?,no,popular,book,کیا تصویر میں کوئی کتاب ہے؟
208450,COCO_val2014_000000208450.jpg,Is there a bottle in the image?,no,popular,bottle,کیا تصویر میں کوئی بوتل ہے؟
208450,COCO_val2014_000000208450.jpg,Is there a horse in the image?,yes,adversarial,horse,کیا تصویر میں گھوڑا ہے؟
208450,COCO_val2014_000000208450.jpg,Is there a car in the image?,yes,adversarial,car,کیا تصویر میں کوئی کار ہے؟
208450,COCO_val2014_000000208450.jpg,Is there a person in the image?,yes,adversarial,person,کیا تصویر میں کوئی شخص ہے؟
208450,COCO_val2014_000000208450.jpg,Is there a chair in the image?,no,adversarial,chair,کیا تصویر میں کرسی ہے؟
208450,COCO_val2014_000000208450.jpg,Is there a book in the image?,no,adversarial,book,کیا تصویر میں کوئی کتاب ہے؟
208450,COCO_val2014_000000208450.jpg,Is there a bottle in the image?,no,adversarial,bottle,کیا تصویر میں کوئی بوتل ہے؟
399573,COCO_val2014_000000399573.jpg,Is there a clock in the image?,yes,random,clock,کیا تصویر میں کوئی گھڑی ہے؟
399573,COCO_val2014_000000399573.jpg,Is there a person in the image?,yes,random,person,کیا تصویر میں کوئی شخص ہے؟
399573,COCO_val2014_000000399573.jpg,Is there a bird in the image?,yes,random,bird,کیا تصویر میں کوئی پرندہ ہے؟
399573,COCO_val2014_000000399573.jpg,Is there a fork in the image?,no,random,fork,کیا تصویر میں کانٹا ہے؟
399573,COCO_val2014_000000399573.jpg,Is there a fire hydrant in the image?,no,random,fire hydrant,کیا تصویر میں فائر ہائیڈرنٹ ہے؟
399573,COCO_val2014_000000399573.jpg,Is there a bed in the image?,no,random,bed,کیا تصویر میں کوئی بستر ہے؟
399573,COCO_val2014_000000399573.jpg,Is there a clock in the image?,yes,popular,clock,کیا تصویر میں کوئی گھڑی ہے؟
399573,COCO_val2014_000000399573.jpg,Is there a bird in the image?,yes,popular,bird,کیا تصویر میں کوئی پرندہ ہے؟
399573,COCO_val2014_000000399573.jpg,Is there a person in the image?,yes,popular,person,کیا تصویر میں کوئی شخص ہے؟
399573,COCO_val2014_000000399573.jpg,Is there a car in the image?,no,popular,car,کیا تصویر میں کوئی کار ہے؟
399573,COCO_val2014_000000399573.jpg,Is there a chair in the image?,no,popular,chair,کیا تصویر میں کرسی ہے؟
399573,COCO_val2014_000000399573.jpg,Is there a book in the image?,no,popular,book,کیا تصویر میں کوئی کتاب ہے؟
399573,COCO_val2014_000000399573.jpg,Is there a bird in the image?,yes,adversarial,bird,کیا تصویر میں کوئی پرندہ ہے؟
399573,COCO_val2014_000000399573.jpg,Is there a person in the image?,yes,adversarial,person,کیا تصویر میں کوئی شخص ہے؟
399573,COCO_val2014_000000399573.jpg,Is there a clock in the image?,yes,adversarial,clock,کیا تصویر میں کوئی گھڑی ہے؟
399573,COCO_val2014_000000399573.jpg,Is there a car in the image?,no,adversarial,car,کیا تصویر میں کوئی کار ہے؟
399573,COCO_val2014_000000399573.jpg,Is there a chair in the image?,no,adversarial,chair,کیا تصویر میں کرسی ہے؟
399573,COCO_val2014_000000399573.jpg,Is there a book in the image?,no,adversarial,book,کیا تصویر میں کوئی کتاب ہے؟
493682,COCO_val2014_000000493682.jpg,Is there a fire hydrant in the image?,yes,random,fire hydrant,کیا تصویر میں فائر ہائیڈرنٹ ہے؟
493682,COCO_val2014_000000493682.jpg,Is there a stop sign in the image?,yes,random,stop sign,کیا تصویر میں سٹاپ کا نشان ہے؟
493682,COCO_val2014_000000493682.jpg,Is there a bench in the image?,yes,random,bench,کیا تصویر میں کوئی بینچ ہے؟
493682,COCO_val2014_000000493682.jpg,Is there a oven in the image?,no,random,oven,کیا تصویر میں تندور ہے؟
493682,COCO_val2014_000000493682.jpg,Is there a zebra in the image?,no,random,zebra,کیا تصویر میں زیبرا ہے؟
493682,COCO_val2014_000000493682.jpg,Is there a cup in the image?,no,random,cup,کیا تصویر میں کپ ہے؟
493682,COCO_val2014_000000493682.jpg,Is there a stop sign in the image?,yes,popular,stop sign,کیا تصویر میں سٹاپ کا نشان ہے؟
493682,COCO_val2014_000000493682.jpg,Is there a bench in the image?,yes,popular,bench,کیا تصویر میں کوئی بینچ ہے؟
493682,COCO_val2014_000000493682.jpg,Is there a fire hydrant in the image?,yes,popular,fire hydrant,کیا تصویر میں فائر ہائیڈرنٹ ہے؟
493682,COCO_val2014_000000493682.jpg,Is there a person in the image?,no,popular,person,کیا تصویر میں کوئی شخص ہے؟
493682,COCO_val2014_000000493682.jpg,Is there a car in the image?,no,popular,car,کیا تصویر میں کوئی کار ہے؟
493682,COCO_val2014_000000493682.jpg,Is there a chair in the image?,no,popular,chair,کیا تصویر میں کرسی ہے؟
493682,COCO_val2014_000000493682.jpg,Is there a bench in the image?,yes,adversarial,bench,کیا تصویر میں کوئی بینچ ہے؟
493682,COCO_val2014_000000493682.jpg,Is there a stop sign in the image?,yes,adversarial,stop sign,کیا تصویر میں سٹاپ کا نشان ہے؟
493682,COCO_val2014_000000493682.jpg,Is there a fire hydrant in the image?,yes,adversarial,fire hydrant,کیا تصویر میں فائر ہائیڈرنٹ ہے؟
493682,COCO_val2014_000000493682.jpg,Is there a person in the image?,no,adversarial,person,کیا تصویر میں کوئی شخص ہے؟
493682,COCO_val2014_000000493682.jpg,Is there a car in the image?,no,adversarial,car,کیا تصویر میں کوئی کار ہے؟
493682,COCO_val2014_000000493682.jpg,Is there a chair in the image?,no,adversarial,chair,کیا تصویر میں کرسی ہے؟
85556,COCO_val2014_000000085556.jpg,Is there a chair in the image?,yes,random,chair,کیا تصویر میں کرسی ہے؟
85556,COCO_val2014_000000085556.jpg,Is there a knife in the image?,yes,random,knife,کیا تصویر میں چاقو ہے؟
85556,COCO_val2014_000000085556.jpg,Is there a dining table in the image?,yes,random,dining table,کیا تصویر میں کھانے کی میز ہے؟
85556,COCO_val2014_000000085556.jpg,Is there a sports ball in the image?,no,random,sports ball,کیا تصویر میں کھیلوں کی گیند ہے؟
85556,COCO_val2014_000000085556.jpg,Is there a umbrella in the image?,no,random,umbrella,کیا تصویر میں چھتری ہے؟
85556,COCO_val2014_000000085556.jpg,Is there a scissors in the image?,no,random,scissors,کیا تصویر میں قینچی ہے؟
85556,COCO_val2014_000000085556.jpg,Is there a knife in the image?,yes,popular,knife,کیا تصویر میں چاقو ہے؟
85556,COCO_val2014_000000085556.jpg,Is there a pizza in the image?,yes,popular,pizza,کیا تصویر میں پیزا ہے؟
85556,COCO_val2014_000000085556.jpg,Is there a fork in the image?,yes,popular,fork,کیا تصویر میں کانٹا ہے؟
85556,COCO_val2014_000000085556.jpg,Is there a person in the image?,no,popular,person,کیا تصویر میں کوئی شخص ہے؟
85556,COCO_val2014_000000085556.jpg,Is there a car in the image?,no,popular,car,کیا تصویر میں کوئی کار ہے؟
85556,COCO_val2014_000000085556.jpg,Is there a book in the image?,no,popular,book,کیا تصویر میں کوئی کتاب ہے؟
85556,COCO_val2014_000000085556.jpg,Is there a chair in the image?,yes,adversarial,chair,کیا تصویر میں کرسی ہے؟
85556,COCO_val2014_000000085556.jpg,Is there a fork in the image?,yes,adversarial,fork,کیا تصویر میں کانٹا ہے؟
85556,COCO_val2014_000000085556.jpg,Is there a dining table in the image?,yes,adversarial,dining table,کیا تصویر میں کھانے کی میز ہے؟
85556,COCO_val2014_000000085556.jpg,Is there a person in the image?,no,adversarial,person,کیا تصویر میں کوئی شخص ہے؟
85556,COCO_val2014_000000085556.jpg,Is there a car in the image?,no,adversarial,car,کیا تصویر میں کوئی کار ہے؟
85556,COCO_val2014_000000085556.jpg,Is there a book in the image?,no,adversarial,book,کیا تصویر میں کوئی کتاب ہے؟
550055,COCO_val2014_000000550055.jpg,Is there a truck in the image?,yes,random,truck,کیا تصویر میں کوئی ٹرک ہے؟
550055,COCO_val2014_000000550055.jpg,Is there a airplane in the image?,yes,random,airplane,کیا تصویر میں ہوائی جہاز ہے؟
550055,COCO_val2014_000000550055.jpg,Is there a person in the image?,yes,random,person,کیا تصویر میں کوئی شخص ہے؟
550055,COCO_val2014_000000550055.jpg,Is there a toothbrush in the image?,no,random,toothbrush,کیا تصویر میں ٹوتھ برش ہے؟
550055,COCO_val2014_000000550055.jpg,Is there a backpack in the image?,no,random,backpack,کیا تصویر میں کوئی بیگ ہے؟
550055,COCO_val2014_000000550055.jpg,Is there a handbag in the image?,no,random,handbag,کیا تصویر میں ہینڈ بیگ ہے؟
550055,COCO_val2014_000000550055.jpg,Is there a truck in the image?,yes,popular,truck,کیا تصویر میں کوئی ٹرک ہے؟
550055,COCO_val2014_000000550055.jpg,Is there a person in the image?,yes,popular,person,کیا تصویر میں کوئی شخص ہے؟
550055,COCO_val2014_000000550055.jpg,Is there a bus in the image?,yes,popular,bus,کیا تصویر میں بس ہے؟
550055,COCO_val2014_000000550055.jpg,Is there a chair in the image?,no,popular,chair,کیا تصویر میں کرسی ہے؟
550055,COCO_val2014_000000550055.jpg,Is there a book in the image?,no,popular,book,کیا تصویر میں کوئی کتاب ہے؟
550055,COCO_val2014_000000550055.jpg,Is there a bottle in the image?,no,popular,bottle,کیا تصویر میں کوئی بوتل ہے؟
550055,COCO_val2014_000000550055.jpg,Is there a car in the image?,yes,adversarial,car,کیا تصویر میں کوئی کار ہے؟
550055,COCO_val2014_000000550055.jpg,Is there a truck in the image?,yes,adversarial,truck,کیا تصویر میں کوئی ٹرک ہے؟
550055,COCO_val2014_000000550055.jpg,Is there a bus in the image?,yes,adversarial,bus,کیا تصویر میں بس ہے؟
550055,COCO_val2014_000000550055.jpg,Is there a chair in the image?,no,adversarial,chair,کیا تصویر میں کرسی ہے؟
550055,COCO_val2014_000000550055.jpg,Is there a book in the image?,no,adversarial,book,کیا تصویر میں کوئی کتاب ہے؟
550055,COCO_val2014_000000550055.jpg,Is there a bottle in the image?,no,adversarial,bottle,کیا تصویر میں کوئی بوتل ہے؟
97946,COCO_val2014_000000097946.jpg,Is there a person in the image?,yes,random,person,کیا تصویر میں کوئی شخص ہے؟
97946,COCO_val2014_000000097946.jpg,Is there a bench in the image?,yes,random,bench,کیا تصویر میں کوئی بینچ ہے؟
97946,COCO_val2014_000000097946.jpg,Is there a skateboard in the image?,yes,random,skateboard,کیا تصویر میں اسکیٹ بورڈ ہے؟
97946,COCO_val2014_000000097946.jpg,Is there a scissors in the image?,no,random,scissors,کیا تصویر میں قینچی ہے؟
97946,COCO_val2014_000000097946.jpg,Is there a chair in the image?,no,random,chair,کیا تصویر میں کرسی ہے؟
97946,COCO_val2014_000000097946.jpg,Is there a airplane in the image?,no,random,airplane,کیا تصویر میں ہوائی جہاز ہے؟
97946,COCO_val2014_000000097946.jpg,Is there a bench in the image?,yes,popular,bench,کیا تصویر میں کوئی بینچ ہے؟
97946,COCO_val2014_000000097946.jpg,Is there a skateboard in the image?,yes,popular,skateboard,کیا تصویر میں اسکیٹ بورڈ ہے؟
97946,COCO_val2014_000000097946.jpg,Is there a person in the image?,yes,popular,person,کیا تصویر میں کوئی شخص ہے؟
97946,COCO_val2014_000000097946.jpg,Is there a car in the image?,no,popular,car,کیا تصویر میں کوئی کار ہے؟
97946,COCO_val2014_000000097946.jpg,Is there a chair in the image?,no,popular,chair,کیا تصویر میں کرسی ہے؟
97946,COCO_val2014_000000097946.jpg,Is there a book in the image?,no,popular,book,کیا تصویر میں کوئی کتاب ہے؟
97946,COCO_val2014_000000097946.jpg,Is there a bench in the image?,yes,adversarial,bench,کیا تصویر میں کوئی بینچ ہے؟
97946,COCO_val2014_000000097946.jpg,Is there a person in the image?,yes,adversarial,person,کیا تصویر میں کوئی شخص ہے؟
97946,COCO_val2014_000000097946.jpg,Is there a skateboard in the image?,yes,adversarial,skateboard,کیا تصویر میں اسکیٹ بورڈ ہے؟
97946,COCO_val2014_000000097946.jpg,Is there a car in the image?,no,adversarial,car,کیا تصویر میں کوئی کار ہے؟
97946,COCO_val2014_000000097946.jpg,Is there a chair in the image?,no,adversarial,chair,کیا تصویر میں کرسی ہے؟
97946,COCO_val2014_000000097946.jpg,Is there a book in the image?,no,adversarial,book,کیا تصویر میں کوئی کتاب ہے؟
470699,COCO_val2014_000000470699.jpg,Is there a dog in the image?,yes,random,dog,کیا تصویر میں کتا ہے؟
470699,COCO_val2014_000000470699.jpg,Is there a surfboard in the image?,yes,random,surfboard,کیا تصویر میں کوئی سرف بورڈ ہے؟
470699,COCO_val2014_000000470699.jpg,Is there a person in the image?,yes,random,person,کیا تصویر میں کوئی شخص ہے؟
470699,COCO_val2014_000000470699.jpg,Is there a boat in the image?,no,random,boat,کیا تصویر میں کوئی کشتی ہے؟
470699,COCO_val2014_000000470699.jpg,Is there a zebra in the image?,no,random,zebra,کیا تصویر میں زیبرا ہے؟
470699,COCO_val2014_000000470699.jpg,Is there a bed in the image?,no,random,bed,کیا تصویر میں کوئی بستر ہے؟
470699,COCO_val2014_000000470699.jpg,Is there a dog in the image?,yes,popular,dog,کیا تصویر میں کتا ہے؟
470699,COCO_val2014_000000470699.jpg,Is there a surfboard in the image?,yes,popular,surfboard,کیا تصویر میں کوئی سرف بورڈ ہے؟
470699,COCO_val2014_000000470699.jpg,Is there a person in the image?,yes,popular,person,کیا تصویر میں کوئی شخص ہے؟
470699,COCO_val2014_000000470699.jpg,Is there a car in the image?,no,popular,car,کیا تصویر میں کوئی کار ہے؟
470699,COCO_val2014_000000470699.jpg,Is there a chair in the image?,no,popular,chair,کیا تصویر میں کرسی ہے؟
470699,COCO_val2014_000000470699.jpg,Is there a book in the image?,no,popular,book,کیا تصویر میں کوئی کتاب ہے؟
470699,COCO_val2014_000000470699.jpg,Is there a person in the image?,yes,adversarial,person,کیا تصویر میں کوئی شخص ہے؟
470699,COCO_val2014_000000470699.jpg,Is there a dog in the image?,yes,adversarial,dog,کیا تصویر میں کتا ہے؟
470699,COCO_val2014_000000470699.jpg,Is there a surfboard in the image?,yes,adversarial,surfboard,کیا تصویر میں کوئی سرف بورڈ ہے؟
470699,COCO_val2014_000000470699.jpg,Is there a car in the image?,no,adversarial,car,کیا تصویر میں کوئی کار ہے؟
470699,COCO_val2014_000000470699.jpg,Is there a chair in the image?,no,adversarial,chair,کیا تصویر میں کرسی ہے؟
470699,COCO_val2014_000000470699.jpg,Is there a book in the image?,no,adversarial,book,کیا تصویر میں کوئی کتاب ہے؟
239625,COCO_val2014_000000239625.jpg,Is there a pizza in the image?,yes,random,pizza,کیا تصویر میں پیزا ہے؟
239625,COCO_val2014_000000239625.jpg,Is there a fork in the image?,yes,random,fork,کیا تصویر میں کانٹا ہے؟
239625,COCO_val2014_000000239625.jpg,Is there a knife in the image?,yes,random,knife,کیا تصویر میں چاقو ہے؟
239625,COCO_val2014_000000239625.jpg,Is there a apple in the image?,no,random,apple,کیا تصویر میں ایک سیب ہے؟
239625,COCO_val2014_000000239625.jpg,Is there a cake in the image?,no,random,cake,کیا تصویر میں کیک ہے؟
239625,COCO_val2014_000000239625.jpg,Is there a horse in the image?,no,random,horse,کیا تصویر میں گھوڑا ہے؟
239625,COCO_val2014_000000239625.jpg,Is there a pizza in the image?,yes,popular,pizza,کیا تصویر میں پیزا ہے؟
239625,COCO_val2014_000000239625.jpg,Is there a dining table in the image?,yes,popular,dining table,کیا تصویر میں کھانے کی میز ہے؟
239625,COCO_val2014_000000239625.jpg,Is there a person in the image?,yes,popular,person,کیا تصویر میں کوئی شخص ہے؟
239625,COCO_val2014_000000239625.jpg,Is there a car in the image?,no,popular,car,کیا تصویر میں کوئی کار ہے؟
239625,COCO_val2014_000000239625.jpg,Is there a chair in the image?,no,popular,chair,کیا تصویر میں کرسی ہے؟
239625,COCO_val2014_000000239625.jpg,Is there a book in the image?,no,popular,book,کیا تصویر میں کوئی کتاب ہے؟
239625,COCO_val2014_000000239625.jpg,Is there a person in the image?,yes,adversarial,person,کیا تصویر میں کوئی شخص ہے؟
239625,COCO_val2014_000000239625.jpg,Is there a knife in the image?,yes,adversarial,knife,کیا تصویر میں چاقو ہے؟
239625,COCO_val2014_000000239625.jpg,Is there a dining table in the image?,yes,adversarial,dining table,کیا تصویر میں کھانے کی میز ہے؟
239625,COCO_val2014_000000239625.jpg,Is there a car in the image?,no,adversarial,car,کیا تصویر میں کوئی کار ہے؟
239625,COCO_val2014_000000239625.jpg,Is there a chair in the image?,no,adversarial,chair,کیا تصویر میں کرسی ہے؟
239625,COCO_val2014_000000239625.jpg,Is there a book in the image?,no,adversarial,book,کیا تصویر میں کوئی کتاب ہے؟
39811,COCO_val2014_000000039811.jpg,Is there a bus in the image?,yes,random,bus,کیا تصویر میں بس ہے؟
39811,COCO_val2014_000000039811.jpg,Is there a tie in the image?,yes,random,tie,کیا تصویر میں ٹائی ہے؟
39811,COCO_val2014_000000039811.jpg,Is there a car in the image?,yes,random,car,کیا تصویر میں کوئی کار ہے؟
39811,COCO_val2014_000000039811.jpg,Is there a bear in the image?,no,random,bear,کیا تصویر میں ریچھ ہے؟
39811,COCO_val2014_000000039811.jpg,Is there a cat in the image?,no,random,cat,کیا تصویر میں بلی ہے؟
39811,COCO_val2014_000000039811.jpg,Is there a traffic light in the image?,no,random,traffic light,کیا تصویر میں ٹریفک لائٹ ہے؟
39811,COCO_val2014_000000039811.jpg,Is there a bus in the image?,yes,popular,bus,کیا تصویر میں بس ہے؟
39811,COCO_val2014_000000039811.jpg,Is there a tie in the image?,yes,popular,tie,کیا تصویر میں ٹائی ہے؟
39811,COCO_val2014_000000039811.jpg,Is there a handbag in the image?,yes,popular,handbag,کیا تصویر میں ہینڈ بیگ ہے؟
39811,COCO_val2014_000000039811.jpg,Is there a chair in the image?,no,popular,chair,کیا تصویر میں کرسی ہے؟
39811,COCO_val2014_000000039811.jpg,Is there a book in the image?,no,popular,book,کیا تصویر میں کوئی کتاب ہے؟
39811,COCO_val2014_000000039811.jpg,Is there a bottle in the image?,no,popular,bottle,کیا تصویر میں کوئی بوتل ہے؟
39811,COCO_val2014_000000039811.jpg,Is there a tie in the image?,yes,adversarial,tie,کیا تصویر میں ٹائی ہے؟
39811,COCO_val2014_000000039811.jpg,Is there a person in the image?,yes,adversarial,person,کیا تصویر میں کوئی شخص ہے؟
39811,COCO_val2014_000000039811.jpg,Is there a car in the image?,yes,adversarial,car,کیا تصویر میں کوئی کار ہے؟
39811,COCO_val2014_000000039811.jpg,Is there a chair in the image?,no,adversarial,chair,کیا تصویر میں کرسی ہے؟
39811,COCO_val2014_000000039811.jpg,Is there a book in the image?,no,adversarial,book,کیا تصویر میں کوئی کتاب ہے؟
39811,COCO_val2014_000000039811.jpg,Is there a bottle in the image?,no,adversarial,bottle,کیا تصویر میں کوئی بوتل ہے؟
306127,COCO_val2014_000000306127.jpg,Is there a chair in the image?,yes,random,chair,کیا تصویر میں کرسی ہے؟
306127,COCO_val2014_000000306127.jpg,Is there a laptop in the image?,yes,random,laptop,کیا تصویر میں لیپ ٹاپ ہے؟
306127,COCO_val2014_000000306127.jpg,Is there a tv in the image?,yes,random,tv,کیا تصویر میں ٹی وی ہے؟
306127,COCO_val2014_000000306127.jpg,Is there a umbrella in the image?,no,random,umbrella,کیا تصویر میں چھتری ہے؟
306127,COCO_val2014_000000306127.jpg,Is there a bear in the image?,no,random,bear,کیا تصویر میں ریچھ ہے؟
306127,COCO_val2014_000000306127.jpg,Is there a cell phone in the image?,no,random,cell phone,کیا تصویر میں سیل فون ہے؟
306127,COCO_val2014_000000306127.jpg,Is there a laptop in the image?,yes,popular,laptop,کیا تصویر میں لیپ ٹاپ ہے؟
306127,COCO_val2014_000000306127.jpg,Is there a tv in the image?,yes,popular,tv,کیا تصویر میں ٹی وی ہے؟
306127,COCO_val2014_000000306127.jpg,Is there a chair in the image?,yes,popular,chair,کیا تصویر میں کرسی ہے؟
306127,COCO_val2014_000000306127.jpg,Is there a car in the image?,no,popular,car,کیا تصویر میں کوئی کار ہے؟
306127,COCO_val2014_000000306127.jpg,Is there a book in the image?,no,popular,book,کیا تصویر میں کوئی کتاب ہے؟
306127,COCO_val2014_000000306127.jpg,Is there a bottle in the image?,no,popular,bottle,کیا تصویر میں کوئی بوتل ہے؟
306127,COCO_val2014_000000306127.jpg,Is there a laptop in the image?,yes,adversarial,laptop,کیا تصویر میں لیپ ٹاپ ہے؟
306127,COCO_val2014_000000306127.jpg,Is there a person in the image?,yes,adversarial,person,کیا تصویر میں کوئی شخص ہے؟
306127,COCO_val2014_000000306127.jpg,Is there a chair in the image?,yes,adversarial,chair,کیا تصویر میں کرسی ہے؟
306127,COCO_val2014_000000306127.jpg,Is there a car in the image?,no,adversarial,car,کیا تصویر میں کوئی کار ہے؟
306127,COCO_val2014_000000306127.jpg,Is there a book in the image?,no,adversarial,book,کیا تصویر میں کوئی کتاب ہے؟
306127,COCO_val2014_000000306127.jpg,Is there a bottle in the image?,no,adversarial,bottle,کیا تصویر میں کوئی بوتل ہے؟
200267,COCO_val2014_000000200267.jpg,Is there a tennis racket in the image?,yes,random,tennis racket,کیا تصویر میں ٹینس ریکیٹ ہے؟
200267,COCO_val2014_000000200267.jpg,Is there a sports ball in the image?,yes,random,sports ball,کیا تصویر میں کھیلوں کی گیند ہے؟
200267,COCO_val2014_000000200267.jpg,Is there a person in the image?,yes,random,person,کیا تصویر میں کوئی شخص ہے؟
200267,COCO_val2014_000000200267.jpg,Is there a suitcase in the image?,no,random,suitcase,کیا تصویر میں کوئی سوٹ کیس ہے؟
200267,COCO_val2014_000000200267.jpg,Is there a teddy bear in the image?,no,random,teddy bear,کیا تصویر میں کوئی ٹیڈی بیر ہے؟
200267,COCO_val2014_000000200267.jpg,Is there a sandwich in the image?,no,random,sandwich,کیا تصویر میں کوئی سینڈوچ ہے؟
200267,COCO_val2014_000000200267.jpg,Is there a person in the image?,yes,popular,person,کیا تصویر میں کوئی شخص ہے؟
200267,COCO_val2014_000000200267.jpg,Is there a sports ball in the image?,yes,popular,sports ball,کیا تصویر میں کھیلوں کی گیند ہے؟
200267,COCO_val2014_000000200267.jpg,Is there a tennis racket in the image?,yes,popular,tennis racket,کیا تصویر میں ٹینس ریکیٹ ہے؟
200267,COCO_val2014_000000200267.jpg,Is there a car in the image?,no,popular,car,کیا تصویر میں کوئی کار ہے؟
200267,COCO_val2014_000000200267.jpg,Is there a chair in the image?,no,popular,chair,کیا تصویر میں کرسی ہے؟
200267,COCO_val2014_000000200267.jpg,Is there a book in the image?,no,popular,book,کیا تصویر میں کوئی کتاب ہے؟
200267,COCO_val2014_000000200267.jpg,Is there a tennis racket in the image?,yes,adversarial,tennis racket,کیا تصویر میں ٹینس ریکیٹ ہے؟
200267,COCO_val2014_000000200267.jpg,Is there a sports ball in the image?,yes,adversarial,sports ball,کیا تصویر میں کھیلوں کی گیند ہے؟
200267,COCO_val2014_000000200267.jpg,Is there a person in the image?,yes,adversarial,person,کیا تصویر میں کوئی شخص ہے؟
200267,COCO_val2014_000000200267.jpg,Is there a car in the image?,no,adversarial,car,کیا تصویر میں کوئی کار ہے؟
200267,COCO_val2014_000000200267.jpg,Is there a chair in the image?,no,adversarial,chair,کیا تصویر میں کرسی ہے؟
200267,COCO_val2014_000000200267.jpg,Is there a book in the image?,no,adversarial,book,کیا تصویر میں کوئی کتاب ہے؟
158497,COCO_val2014_000000158497.jpg,Is there a bowl in the image?,yes,random,bowl,کیا تصویر میں ایک پیالہ ہے؟
158497,COCO_val2014_000000158497.jpg,Is there a refrigerator in the image?,yes,random,refrigerator,کیا تصویر میں ریفریجریٹر ہے؟
158497,COCO_val2014_000000158497.jpg,Is there a spoon in the image?,yes,random,spoon,کیا تصویر میں چمچ ہے؟
158497,COCO_val2014_000000158497.jpg,Is there a bench in the image?,no,random,bench,کیا تصویر میں کوئی بینچ ہے؟
158497,COCO_val2014_000000158497.jpg,Is there a tv in the image?,no,random,tv,کیا تصویر میں ٹی وی ہے؟
158497,COCO_val2014_000000158497.jpg,Is there a sheep in the image?,no,random,sheep,کیا تصویر میں بھیڑ ہے؟
158497,COCO_val2014_000000158497.jpg,Is there a cup in the image?,yes,popular,cup,کیا تصویر میں کپ ہے؟
158497,COCO_val2014_000000158497.jpg,Is there a dog in the image?,yes,popular,dog,کیا تصویر میں کتا ہے؟
158497,COCO_val2014_000000158497.jpg,Is there a spoon in the image?,yes,popular,spoon,کیا تصویر میں چمچ ہے؟
158497,COCO_val2014_000000158497.jpg,Is there a person in the image?,no,popular,person,کیا تصویر میں کوئی شخص ہے؟
158497,COCO_val2014_000000158497.jpg,Is there a car in the image?,no,popular,car,کیا تصویر میں کوئی کار ہے؟
158497,COCO_val2014_000000158497.jpg,Is there a chair in the image?,no,popular,chair,کیا تصویر میں کرسی ہے؟
158497,COCO_val2014_000000158497.jpg,Is there a spoon in the image?,yes,adversarial,spoon,کیا تصویر میں چمچ ہے؟
158497,COCO_val2014_000000158497.jpg,Is there a dog in the image?,yes,adversarial,dog,کیا تصویر میں کتا ہے؟
158497,COCO_val2014_000000158497.jpg,Is there a refrigerator in the image?,yes,adversarial,refrigerator,کیا تصویر میں ریفریجریٹر ہے؟
158497,COCO_val2014_000000158497.jpg,Is there a person in the image?,no,adversarial,person,کیا تصویر میں کوئی شخص ہے؟
158497,COCO_val2014_000000158497.jpg,Is there a car in the image?,no,adversarial,car,کیا تصویر میں کوئی کار ہے؟
158497,COCO_val2014_000000158497.jpg,Is there a chair in the image?,no,adversarial,chair,کیا تصویر میں کرسی ہے؟
439982,COCO_val2014_000000439982.jpg,Is there a person in the image?,yes,random,person,کیا تصویر میں کوئی شخص ہے؟
439982,COCO_val2014_000000439982.jpg,Is there a dining table in the image?,yes,random,dining table,کیا تصویر میں کھانے کی میز ہے؟
439982,COCO_val2014_000000439982.jpg,Is there a carrot in the image?,yes,random,carrot,کیا تصویر میں گاجر ہے؟
439982,COCO_val2014_000000439982.jpg,Is there a orange in the image?,no,random,orange,کیا تصویر میں نارنجی ہے؟
439982,COCO_val2014_000000439982.jpg,Is there a scissors in the image?,no,random,scissors,کیا تصویر میں قینچی ہے؟
439982,COCO_val2014_000000439982.jpg,Is there a surfboard in the image?,no,random,surfboard,کیا تصویر میں کوئی سرف بورڈ ہے؟
439982,COCO_val2014_000000439982.jpg,Is there a dining table in the image?,yes,popular,dining table,کیا تصویر میں کھانے کی میز ہے؟
439982,COCO_val2014_000000439982.jpg,Is there a person in the image?,yes,popular,person,کیا تصویر میں کوئی شخص ہے؟
439982,COCO_val2014_000000439982.jpg,Is there a cup in the image?,yes,popular,cup,کیا تصویر میں کپ ہے؟
439982,COCO_val2014_000000439982.jpg,Is there a car in the image?,no,popular,car,کیا تصویر میں کوئی کار ہے؟
439982,COCO_val2014_000000439982.jpg,Is there a chair in the image?,no,popular,chair,کیا تصویر میں کرسی ہے؟
439982,COCO_val2014_000000439982.jpg,Is there a book in the image?,no,popular,book,کیا تصویر میں کوئی کتاب ہے؟
439982,COCO_val2014_000000439982.jpg,Is there a cup in the image?,yes,adversarial,cup,کیا تصویر میں کپ ہے؟
439982,COCO_val2014_000000439982.jpg,Is there a broccoli in the image?,yes,adversarial,broccoli,کیا تصویر میں بروکولی ہے؟
439982,COCO_val2014_000000439982.jpg,Is there a dining table in the image?,yes,adversarial,dining table,کیا تصویر میں کھانے کی میز ہے؟
439982,COCO_val2014_000000439982.jpg,Is there a car in the image?,no,adversarial,car,کیا تصویر میں کوئی کار ہے؟
439982,COCO_val2014_000000439982.jpg,Is there a chair in the image?,no,adversarial,chair,کیا تصویر میں کرسی ہے؟
439982,COCO_val2014_000000439982.jpg,Is there a book in the image?,no,adversarial,book,کیا تصویر میں کوئی کتاب ہے؟
75234,COCO_val2014_000000075234.jpg,Is there a person in the image?,yes,random,person,کیا تصویر میں کوئی شخص ہے؟
75234,COCO_val2014_000000075234.jpg,Is there a sports ball in the image?,yes,random,sports ball,کیا تصویر میں کھیلوں کی گیند ہے؟
75234,COCO_val2014_000000075234.jpg,Is there a tennis racket in the image?,yes,random,tennis racket,کیا تصویر میں ٹینس ریکیٹ ہے؟
75234,COCO_val2014_000000075234.jpg,Is there a broccoli in the image?,no,random,broccoli,کیا تصویر میں بروکولی ہے؟
75234,COCO_val2014_000000075234.jpg,Is there a banana in the image?,no,random,banana,کیا تصویر میں کیلا ہے؟
75234,COCO_val2014_000000075234.jpg,Is there a clock in the image?,no,random,clock,کیا تصویر میں کوئی گھڑی ہے؟
75234,COCO_val2014_000000075234.jpg,Is there a tennis racket in the image?,yes,popular,tennis racket,کیا تصویر میں ٹینس ریکیٹ ہے؟
75234,COCO_val2014_000000075234.jpg,Is there a person in the image?,yes,popular,person,کیا تصویر میں کوئی شخص ہے؟
75234,COCO_val2014_000000075234.jpg,Is there a sports ball in the image?,yes,popular,sports ball,کیا تصویر میں کھیلوں کی گیند ہے؟
75234,COCO_val2014_000000075234.jpg,Is there a car in the image?,no,popular,car,کیا تصویر میں کوئی کار ہے؟
75234,COCO_val2014_000000075234.jpg,Is there a chair in the image?,no,popular,chair,کیا تصویر میں کرسی ہے؟
75234,COCO_val2014_000000075234.jpg,Is there a book in the image?,no,popular,book,کیا تصویر میں کوئی کتاب ہے؟
75234,COCO_val2014_000000075234.jpg,Is there a sports ball in the image?,yes,adversarial,sports ball,کیا تصویر میں کھیلوں کی گیند ہے؟
75234,COCO_val2014_000000075234.jpg,Is there a tennis racket in the image?,yes,adversarial,tennis racket,کیا تصویر میں ٹینس ریکیٹ ہے؟
75234,COCO_val2014_000000075234.jpg,Is there a person in the image?,yes,adversarial,person,کیا تصویر میں کوئی شخص ہے؟
75234,COCO_val2014_000000075234.jpg,Is there a car in the image?,no,adversarial,car,کیا تصویر میں کوئی کار ہے؟
75234,COCO_val2014_000000075234.jpg,Is there a chair in the image?,no,adversarial,chair,کیا تصویر میں کرسی ہے؟
75234,COCO_val2014_000000075234.jpg,Is there a book in the image?,no,adversarial,book,کیا تصویر میں کوئی کتاب ہے؟
386424,COCO_val2014_000000386424.jpg,Is there a dining table in the image?,yes,random,dining table,کیا تصویر میں کھانے کی میز ہے؟
386424,COCO_val2014_000000386424.jpg,Is there a wine glass in the image?,yes,random,wine glass,کیا تصویر میں شراب کا گلاس ہے؟
386424,COCO_val2014_000000386424.jpg,Is there a person in the image?,yes,random,person,کیا تصویر میں کوئی شخص ہے؟
386424,COCO_val2014_000000386424.jpg,Is there a bowl in the image?,no,random,bowl,کیا تصویر میں ایک پیالہ ہے؟
386424,COCO_val2014_000000386424.jpg,Is there a remote in the image?,no,random,remote,کیا تصویر میں کوئی ریموٹ ہے؟
386424,COCO_val2014_000000386424.jpg,Is there a sink in the image?,no,random,sink,کیا تصویر میں کوئی سنک ہے؟
386424,COCO_val2014_000000386424.jpg,Is there a bottle in the image?,yes,popular,bottle,کیا تصویر میں کوئی بوتل ہے؟
386424,COCO_val2014_000000386424.jpg,Is there a person in the image?,yes,popular,person,کیا تصویر میں کوئی شخص ہے؟
386424,COCO_val2014_000000386424.jpg,Is there a vase in the image?,yes,popular,vase,کیا تصویر میں گلدان ہے؟
386424,COCO_val2014_000000386424.jpg,Is there a car in the image?,no,popular,car,کیا تصویر میں کوئی کار ہے؟
386424,COCO_val2014_000000386424.jpg,Is there a book in the image?,no,popular,book,کیا تصویر میں کوئی کتاب ہے؟
386424,COCO_val2014_000000386424.jpg,Is there a cup in the image?,no,popular,cup,کیا تصویر میں کپ ہے؟
386424,COCO_val2014_000000386424.jpg,Is there a vase in the image?,yes,adversarial,vase,کیا تصویر میں گلدان ہے؟
386424,COCO_val2014_000000386424.jpg,Is there a person in the image?,yes,adversarial,person,کیا تصویر میں کوئی شخص ہے؟
386424,COCO_val2014_000000386424.jpg,Is there a clock in the image?,yes,adversarial,clock,کیا تصویر میں کوئی گھڑی ہے؟
386424,COCO_val2014_000000386424.jpg,Is there a car in the image?,no,adversarial,car,کیا تصویر میں کوئی کار ہے؟
386424,COCO_val2014_000000386424.jpg,Is there a book in the image?,no,adversarial,book,کیا تصویر میں کوئی کتاب ہے؟
386424,COCO_val2014_000000386424.jpg,Is there a cup in the image?,no,adversarial,cup,کیا تصویر میں کپ ہے؟
371139,COCO_val2014_000000371139.jpg,Is there a suitcase in the image?,yes,random,suitcase,کیا تصویر میں کوئی سوٹ کیس ہے؟
371139,COCO_val2014_000000371139.jpg,Is there a backpack in the image?,yes,random,backpack,کیا تصویر میں کوئی بیگ ہے؟
371139,COCO_val2014_000000371139.jpg,Is there a bus in the image?,yes,random,bus,کیا تصویر میں بس ہے؟
371139,COCO_val2014_000000371139.jpg,Is there a banana in the image?,no,random,banana,کیا تصویر میں کیلا ہے؟
371139,COCO_val2014_000000371139.jpg,Is there a carrot in the image?,no,random,carrot,کیا تصویر میں گاجر ہے؟
371139,COCO_val2014_000000371139.jpg,Is there a refrigerator in the image?,no,random,refrigerator,کیا تصویر میں ریفریجریٹر ہے؟
371139,COCO_val2014_000000371139.jpg,Is there a handbag in the image?,yes,popular,handbag,کیا تصویر میں ہینڈ بیگ ہے؟
371139,COCO_val2014_000000371139.jpg,Is there a suitcase in the image?,yes,popular,suitcase,کیا تصویر میں کوئی سوٹ کیس ہے؟
371139,COCO_val2014_000000371139.jpg,Is there a truck in the image?,yes,popular,truck,کیا تصویر میں کوئی ٹرک ہے؟
371139,COCO_val2014_000000371139.jpg,Is there a car in the image?,no,popular,car,کیا تصویر میں کوئی کار ہے؟
371139,COCO_val2014_000000371139.jpg,Is there a chair in the image?,no,popular,chair,کیا تصویر میں کرسی ہے؟
371139,COCO_val2014_000000371139.jpg,Is there a book in the image?,no,popular,book,کیا تصویر میں کوئی کتاب ہے؟
371139,COCO_val2014_000000371139.jpg,Is there a truck in the image?,yes,adversarial,truck,کیا تصویر میں کوئی ٹرک ہے؟
371139,COCO_val2014_000000371139.jpg,Is there a bus in the image?,yes,adversarial,bus,کیا تصویر میں بس ہے؟
371139,COCO_val2014_000000371139.jpg,Is there a person in the image?,yes,adversarial,person,کیا تصویر میں کوئی شخص ہے؟
371139,COCO_val2014_000000371139.jpg,Is there a car in the image?,no,adversarial,car,کیا تصویر میں کوئی کار ہے؟
371139,COCO_val2014_000000371139.jpg,Is there a chair in the image?,no,adversarial,chair,کیا تصویر میں کرسی ہے؟
371139,COCO_val2014_000000371139.jpg,Is there a book in the image?,no,adversarial,book,کیا تصویر میں کوئی کتاب ہے؟
511852,COCO_val2014_000000511852.jpg,Is there a backpack in the image?,yes,random,backpack,کیا تصویر میں کوئی بیگ ہے؟
511852,COCO_val2014_000000511852.jpg,Is there a skis in the image?,yes,random,skis,کیا تصویر میں کوئی سکی ہے؟
511852,COCO_val2014_000000511852.jpg,Is there a person in the image?,yes,random,person,کیا تصویر میں کوئی شخص ہے؟
511852,COCO_val2014_000000511852.jpg,Is there a chair in the image?,no,random,chair,کیا تصویر میں کرسی ہے؟
511852,COCO_val2014_000000511852.jpg,Is there a teddy bear in the image?,no,random,teddy bear,کیا تصویر میں کوئی ٹیڈی بیر ہے؟
511852,COCO_val2014_000000511852.jpg,Is there a fork in the image?,no,random,fork,کیا تصویر میں کانٹا ہے؟
511852,COCO_val2014_000000511852.jpg,Is there a skis in the image?,yes,popular,skis,کیا تصویر میں کوئی سکی ہے؟
511852,COCO_val2014_000000511852.jpg,Is there a person in the image?,yes,popular,person,کیا تصویر میں کوئی شخص ہے؟
511852,COCO_val2014_000000511852.jpg,Is there a backpack in the image?,yes,popular,backpack,کیا تصویر میں کوئی بیگ ہے؟
511852,COCO_val2014_000000511852.jpg,Is there a car in the image?,no,popular,car,کیا تصویر میں کوئی کار ہے؟
511852,COCO_val2014_000000511852.jpg,Is there a chair in the image?,no,popular,chair,کیا تصویر میں کرسی ہے؟
511852,COCO_val2014_000000511852.jpg,Is there a book in the image?,no,popular,book,کیا تصویر میں کوئی کتاب ہے؟
511852,COCO_val2014_000000511852.jpg,Is there a backpack in the image?,yes,adversarial,backpack,کیا تصویر میں کوئی بیگ ہے؟
511852,COCO_val2014_000000511852.jpg,Is there a person in the image?,yes,adversarial,person,کیا تصویر میں کوئی شخص ہے؟
511852,COCO_val2014_000000511852.jpg,Is there a skis in the image?,yes,adversarial,skis,کیا تصویر میں کوئی سکی ہے؟
511852,COCO_val2014_000000511852.jpg,Is there a car in the image?,no,adversarial,car,کیا تصویر میں کوئی کار ہے؟
511852,COCO_val2014_000000511852.jpg,Is there a chair in the image?,no,adversarial,chair,کیا تصویر میں کرسی ہے؟
511852,COCO_val2014_000000511852.jpg,Is there a book in the image?,no,adversarial,book,کیا تصویر میں کوئی کتاب ہے؟
493941,COCO_val2014_000000493941.jpg,Is there a bowl in the image?,yes,random,bowl,کیا تصویر میں ایک پیالہ ہے؟
493941,COCO_val2014_000000493941.jpg,Is there a dining table in the image?,yes,random,dining table,کیا تصویر میں کھانے کی میز ہے؟
493941,COCO_val2014_000000493941.jpg,Is there a broccoli in the image?,yes,random,broccoli,کیا تصویر میں بروکولی ہے؟
493941,COCO_val2014_000000493941.jpg,Is there a sheep in the image?,no,random,sheep,کیا تصویر میں بھیڑ ہے؟
493941,COCO_val2014_000000493941.jpg,Is there a snowboard in the image?,no,random,snowboard,کیا تصویر میں سنو بورڈ ہے؟
493941,COCO_val2014_000000493941.jpg,Is there a airplane in the image?,no,random,airplane,کیا تصویر میں ہوائی جہاز ہے؟
493941,COCO_val2014_000000493941.jpg,Is there a dining table in the image?,yes,popular,dining table,کیا تصویر میں کھانے کی میز ہے؟
493941,COCO_val2014_000000493941.jpg,Is there a bowl in the image?,yes,popular,bowl,کیا تصویر میں ایک پیالہ ہے؟
493941,COCO_val2014_000000493941.jpg,Is there a banana in the image?,yes,popular,banana,کیا تصویر میں کیلا ہے؟
493941,COCO_val2014_000000493941.jpg,Is there a person in the image?,no,popular,person,کیا تصویر میں کوئی شخص ہے؟
493941,COCO_val2014_000000493941.jpg,Is there a car in the image?,no,popular,car,کیا تصویر میں کوئی کار ہے؟
493941,COCO_val2014_000000493941.jpg,Is there a chair in the image?,no,popular,chair,کیا تصویر میں کرسی ہے؟
493941,COCO_val2014_000000493941.jpg,Is there a bowl in the image?,yes,adversarial,bowl,کیا تصویر میں ایک پیالہ ہے؟
493941,COCO_val2014_000000493941.jpg,Is there a broccoli in the image?,yes,adversarial,broccoli,کیا تصویر میں بروکولی ہے؟
493941,COCO_val2014_000000493941.jpg,Is there a banana in the image?,yes,adversarial,banana,کیا تصویر میں کیلا ہے؟
493941,COCO_val2014_000000493941.jpg,Is there a person in the image?,no,adversarial,person,کیا تصویر میں کوئی شخص ہے؟
493941,COCO_val2014_000000493941.jpg,Is there a car in the image?,no,adversarial,car,کیا تصویر میں کوئی کار ہے؟
493941,COCO_val2014_000000493941.jpg,Is there a chair in the image?,no,adversarial,chair,کیا تصویر میں کرسی ہے؟
8021,COCO_val2014_000000008021.jpg,Is there a tie in the image?,yes,random,tie,کیا تصویر میں ٹائی ہے؟
8021,COCO_val2014_000000008021.jpg,Is there a person in the image?,yes,random,person,کیا تصویر میں کوئی شخص ہے؟
8021,COCO_val2014_000000008021.jpg,Is there a bottle in the image?,yes,random,bottle,کیا تصویر میں کوئی بوتل ہے؟
8021,COCO_val2014_000000008021.jpg,Is there a cake in the image?,no,random,cake,کیا تصویر میں کیک ہے؟
8021,COCO_val2014_000000008021.jpg,Is there a cell phone in the image?,no,random,cell phone,کیا تصویر میں سیل فون ہے؟
8021,COCO_val2014_000000008021.jpg,Is there a laptop in the image?,no,random,laptop,کیا تصویر میں لیپ ٹاپ ہے؟
8021,COCO_val2014_000000008021.jpg,Is there a bottle in the image?,yes,popular,bottle,کیا تصویر میں کوئی بوتل ہے؟
8021,COCO_val2014_000000008021.jpg,Is there a tie in the image?,yes,popular,tie,کیا تصویر میں ٹائی ہے؟
8021,COCO_val2014_000000008021.jpg,Is there a person in the image?,yes,popular,person,کیا تصویر میں کوئی شخص ہے؟
8021,COCO_val2014_000000008021.jpg,Is there a car in the image?,no,popular,car,کیا تصویر میں کوئی کار ہے؟
8021,COCO_val2014_000000008021.jpg,Is there a chair in the image?,no,popular,chair,کیا تصویر میں کرسی ہے؟
8021,COCO_val2014_000000008021.jpg,Is there a book in the image?,no,popular,book,کیا تصویر میں کوئی کتاب ہے؟
8021,COCO_val2014_000000008021.jpg,Is there a bottle in the image?,yes,adversarial,bottle,کیا تصویر میں کوئی بوتل ہے؟
8021,COCO_val2014_000000008021.jpg,Is there a tie in the image?,yes,adversarial,tie,کیا تصویر میں ٹائی ہے؟
8021,COCO_val2014_000000008021.jpg,Is there a person in the image?,yes,adversarial,person,کیا تصویر میں کوئی شخص ہے؟
8021,COCO_val2014_000000008021.jpg,Is there a car in the image?,no,adversarial,car,کیا تصویر میں کوئی کار ہے؟
8021,COCO_val2014_000000008021.jpg,Is there a chair in the image?,no,adversarial,chair,کیا تصویر میں کرسی ہے؟
8021,COCO_val2014_000000008021.jpg,Is there a book in the image?,no,adversarial,book,کیا تصویر میں کوئی کتاب ہے؟
319579,COCO_val2014_000000319579.jpg,Is there a chair in the image?,yes,random,chair,کیا تصویر میں کرسی ہے؟
319579,COCO_val2014_000000319579.jpg,Is there a laptop in the image?,yes,random,laptop,کیا تصویر میں لیپ ٹاپ ہے؟
319579,COCO_val2014_000000319579.jpg,Is there a person in the image?,yes,random,person,کیا تصویر میں کوئی شخص ہے؟
319579,COCO_val2014_000000319579.jpg,Is there a giraffe in the image?,no,random,giraffe,کیا تصویر میں زرافہ ہے؟
319579,COCO_val2014_000000319579.jpg,Is there a toilet in the image?,no,random,toilet,کیا تصویر میں بیت الخلا ہے؟
319579,COCO_val2014_000000319579.jpg,Is there a refrigerator in the image?,no,random,refrigerator,کیا تصویر میں ریفریجریٹر ہے؟
319579,COCO_val2014_000000319579.jpg,Is there a backpack in the image?,yes,popular,backpack,کیا تصویر میں کوئی بیگ ہے؟
319579,COCO_val2014_000000319579.jpg,Is there a laptop in the image?,yes,popular,laptop,کیا تصویر میں لیپ ٹاپ ہے؟
319579,COCO_val2014_000000319579.jpg,Is there a chair in the image?,yes,popular,chair,کیا تصویر میں کرسی ہے؟
319579,COCO_val2014_000000319579.jpg,Is there a car in the image?,no,popular,car,کیا تصویر میں کوئی کار ہے؟
319579,COCO_val2014_000000319579.jpg,Is there a bottle in the image?,no,popular,bottle,کیا تصویر میں کوئی بوتل ہے؟
319579,COCO_val2014_000000319579.jpg,Is there a cup in the image?,no,popular,cup,کیا تصویر میں کپ ہے؟
319579,COCO_val2014_000000319579.jpg,Is there a backpack in the image?,yes,adversarial,backpack,کیا تصویر میں کوئی بیگ ہے؟
319579,COCO_val2014_000000319579.jpg,Is there a chair in the image?,yes,adversarial,chair,کیا تصویر میں کرسی ہے؟
319579,COCO_val2014_000000319579.jpg,Is there a book in the image?,yes,adversarial,book,کیا تصویر میں کوئی کتاب ہے؟
319579,COCO_val2014_000000319579.jpg,Is there a car in the image?,no,adversarial,car,کیا تصویر میں کوئی کار ہے؟
319579,COCO_val2014_000000319579.jpg,Is there a bottle in the image?,no,adversarial,bottle,کیا تصویر میں کوئی بوتل ہے؟
319579,COCO_val2014_000000319579.jpg,Is there a cup in the image?,no,adversarial,cup,کیا تصویر میں کپ ہے؟
119641,COCO_val2014_000000119641.jpg,Is there a tie in the image?,yes,random,tie,کیا تصویر میں ٹائی ہے؟
119641,COCO_val2014_000000119641.jpg,Is there a elephant in the image?,yes,random,elephant,کیا تصویر میں ہاتھی ہے؟
119641,COCO_val2014_000000119641.jpg,Is there a person in the image?,yes,random,person,کیا تصویر میں کوئی شخص ہے؟
119641,COCO_val2014_000000119641.jpg,Is there a snowboard in the image?,no,random,snowboard,کیا تصویر میں سنو بورڈ ہے؟
119641,COCO_val2014_000000119641.jpg,Is there a cup in the image?,no,random,cup,کیا تصویر میں کپ ہے؟
119641,COCO_val2014_000000119641.jpg,Is there a bottle in the image?,no,random,bottle,کیا تصویر میں کوئی بوتل ہے؟
119641,COCO_val2014_000000119641.jpg,Is there a person in the image?,yes,popular,person,کیا تصویر میں کوئی شخص ہے؟
119641,COCO_val2014_000000119641.jpg,Is there a tie in the image?,yes,popular,tie,کیا تصویر میں ٹائی ہے؟
119641,COCO_val2014_000000119641.jpg,Is there a elephant in the image?,yes,popular,elephant,کیا تصویر میں ہاتھی ہے؟
119641,COCO_val2014_000000119641.jpg,Is there a car in the image?,no,popular,car,کیا تصویر میں کوئی کار ہے؟
119641,COCO_val2014_000000119641.jpg,Is there a chair in the image?,no,popular,chair,کیا تصویر میں کرسی ہے؟
119641,COCO_val2014_000000119641.jpg,Is there a book in the image?,no,popular,book,کیا تصویر میں کوئی کتاب ہے؟
119641,COCO_val2014_000000119641.jpg,Is there a elephant in the image?,yes,adversarial,elephant,کیا تصویر میں ہاتھی ہے؟
119641,COCO_val2014_000000119641.jpg,Is there a person in the image?,yes,adversarial,person,کیا تصویر میں کوئی شخص ہے؟
119641,COCO_val2014_000000119641.jpg,Is there a tie in the image?,yes,adversarial,tie,کیا تصویر میں ٹائی ہے؟
119641,COCO_val2014_000000119641.jpg,Is there a car in the image?,no,adversarial,car,کیا تصویر میں کوئی کار ہے؟
119641,COCO_val2014_000000119641.jpg,Is there a chair in the image?,no,adversarial,chair,کیا تصویر میں کرسی ہے؟
119641,COCO_val2014_000000119641.jpg,Is there a book in the image?,no,adversarial,book,کیا تصویر میں کوئی کتاب ہے؟
463898,COCO_val2014_000000463898.jpg,Is there a bird in the image?,yes,random,bird,کیا تصویر میں کوئی پرندہ ہے؟
463898,COCO_val2014_000000463898.jpg,Is there a person in the image?,yes,random,person,کیا تصویر میں کوئی شخص ہے؟
463898,COCO_val2014_000000463898.jpg,Is there a refrigerator in the image?,yes,random,refrigerator,کیا تصویر میں ریفریجریٹر ہے؟
463898,COCO_val2014_000000463898.jpg,Is there a horse in the image?,no,random,horse,کیا تصویر میں گھوڑا ہے؟
463898,COCO_val2014_000000463898.jpg,Is there a scissors in the image?,no,random,scissors,کیا تصویر میں قینچی ہے؟
463898,COCO_val2014_000000463898.jpg,Is there a sink in the image?,no,random,sink,کیا تصویر میں کوئی سنک ہے؟
463898,COCO_val2014_000000463898.jpg,Is there a person in the image?,yes,popular,person,کیا تصویر میں کوئی شخص ہے؟
463898,COCO_val2014_000000463898.jpg,Is there a bird in the image?,yes,popular,bird,کیا تصویر میں کوئی پرندہ ہے؟
463898,COCO_val2014_000000463898.jpg,Is there a refrigerator in the image?,yes,popular,refrigerator,کیا تصویر میں ریفریجریٹر ہے؟
463898,COCO_val2014_000000463898.jpg,Is there a car in the image?,no,popular,car,کیا تصویر میں کوئی کار ہے؟
463898,COCO_val2014_000000463898.jpg,Is there a chair in the image?,no,popular,chair,کیا تصویر میں کرسی ہے؟
463898,COCO_val2014_000000463898.jpg,Is there a book in the image?,no,popular,book,کیا تصویر میں کوئی کتاب ہے؟
463898,COCO_val2014_000000463898.jpg,Is there a refrigerator in the image?,yes,adversarial,refrigerator,کیا تصویر میں ریفریجریٹر ہے؟
463898,COCO_val2014_000000463898.jpg,Is there a person in the image?,yes,adversarial,person,کیا تصویر میں کوئی شخص ہے؟
463898,COCO_val2014_000000463898.jpg,Is there a bird in the image?,yes,adversarial,bird,کیا تصویر میں کوئی پرندہ ہے؟
463898,COCO_val2014_000000463898.jpg,Is there a car in the image?,no,adversarial,car,کیا تصویر میں کوئی کار ہے؟
463898,COCO_val2014_000000463898.jpg,Is there a chair in the image?,no,adversarial,chair,کیا تصویر میں کرسی ہے؟
463898,COCO_val2014_000000463898.jpg,Is there a book in the image?,no,adversarial,book,کیا تصویر میں کوئی کتاب ہے؟
255279,COCO_val2014_000000255279.jpg,Is there a potted plant in the image?,yes,random,potted plant,کیا تصویر میں کوئی پودا ہے؟
255279,COCO_val2014_000000255279.jpg,Is there a motorcycle in the image?,yes,random,motorcycle,کیا تصویر میں کوئی موٹر سائیکل ہے؟
255279,COCO_val2014_000000255279.jpg,Is there a car in the image?,yes,random,car,کیا تصویر میں کوئی کار ہے؟
255279,COCO_val2014_000000255279.jpg,Is there a apple in the image?,no,random,apple,کیا تصویر میں ایک سیب ہے؟
255279,COCO_val2014_000000255279.jpg,Is there a dining table in the image?,no,random,dining table,کیا تصویر میں کھانے کی میز ہے؟
255279,COCO_val2014_000000255279.jpg,Is there a baseball glove in the image?,no,random,baseball glove,کیا تصویر میں بیس بال کا دستانہ ہے؟
255279,COCO_val2014_000000255279.jpg,Is there a motorcycle in the image?,yes,popular,motorcycle,کیا تصویر میں کوئی موٹر سائیکل ہے؟
255279,COCO_val2014_000000255279.jpg,Is there a car in the image?,yes,popular,car,کیا تصویر میں کوئی کار ہے؟
255279,COCO_val2014_000000255279.jpg,Is there a potted plant in the image?,yes,popular,potted plant,کیا تصویر میں کوئی پودا ہے؟
255279,COCO_val2014_000000255279.jpg,Is there a person in the image?,no,popular,person,کیا تصویر میں کوئی شخص ہے؟
255279,COCO_val2014_000000255279.jpg,Is there a chair in the image?,no,popular,chair,کیا تصویر میں کرسی ہے؟
255279,COCO_val2014_000000255279.jpg,Is there a book in the image?,no,popular,book,کیا تصویر میں کوئی کتاب ہے؟
255279,COCO_val2014_000000255279.jpg,Is there a potted plant in the image?,yes,adversarial,potted plant,کیا تصویر میں کوئی پودا ہے؟
255279,COCO_val2014_000000255279.jpg,Is there a motorcycle in the image?,yes,adversarial,motorcycle,کیا تصویر میں کوئی موٹر سائیکل ہے؟
255279,COCO_val2014_000000255279.jpg,Is there a backpack in the image?,yes,adversarial,backpack,کیا تصویر میں کوئی بیگ ہے؟
255279,COCO_val2014_000000255279.jpg,Is there a person in the image?,no,adversarial,person,کیا تصویر میں کوئی شخص ہے؟
255279,COCO_val2014_000000255279.jpg,Is there a chair in the image?,no,adversarial,chair,کیا تصویر میں کرسی ہے؟
255279,COCO_val2014_000000255279.jpg,Is there a book in the image?,no,adversarial,book,کیا تصویر میں کوئی کتاب ہے؟
113139,COCO_val2014_000000113139.jpg,Is there a cup in the image?,yes,random,cup,کیا تصویر میں کپ ہے؟
113139,COCO_val2014_000000113139.jpg,Is there a dining table in the image?,yes,random,dining table,کیا تصویر میں کھانے کی میز ہے؟
113139,COCO_val2014_000000113139.jpg,Is there a bottle in the image?,yes,random,bottle,کیا تصویر میں کوئی بوتل ہے؟
113139,COCO_val2014_000000113139.jpg,Is there a skis in the image?,no,random,skis,کیا تصویر میں کوئی سکی ہے؟
113139,COCO_val2014_000000113139.jpg,Is there a snowboard in the image?,no,random,snowboard,کیا تصویر میں سنو بورڈ ہے؟
113139,COCO_val2014_000000113139.jpg,Is there a train in the image?,no,random,train,کیا تصویر میں ٹرین ہے؟
113139,COCO_val2014_000000113139.jpg,Is there a wine glass in the image?,yes,popular,wine glass,کیا تصویر میں شراب کا گلاس ہے؟
113139,COCO_val2014_000000113139.jpg,Is there a cup in the image?,yes,popular,cup,کیا تصویر میں کپ ہے؟
113139,COCO_val2014_000000113139.jpg,Is there a bottle in the image?,yes,popular,bottle,کیا تصویر میں کوئی بوتل ہے؟
113139,COCO_val2014_000000113139.jpg,Is there a person in the image?,no,popular,person,کیا تصویر میں کوئی شخص ہے؟
113139,COCO_val2014_000000113139.jpg,Is there a car in the image?,no,popular,car,کیا تصویر میں کوئی کار ہے؟
113139,COCO_val2014_000000113139.jpg,Is there a book in the image?,no,popular,book,کیا تصویر میں کوئی کتاب ہے؟
113139,COCO_val2014_000000113139.jpg,Is there a cup in the image?,yes,adversarial,cup,کیا تصویر میں کپ ہے؟
113139,COCO_val2014_000000113139.jpg,Is there a dining table in the image?,yes,adversarial,dining table,کیا تصویر میں کھانے کی میز ہے؟
113139,COCO_val2014_000000113139.jpg,Is there a chair in the image?,yes,adversarial,chair,کیا تصویر میں کرسی ہے؟
113139,COCO_val2014_000000113139.jpg,Is there a person in the image?,no,adversarial,person,کیا تصویر میں کوئی شخص ہے؟
113139,COCO_val2014_000000113139.jpg,Is there a car in the image?,no,adversarial,car,کیا تصویر میں کوئی کار ہے؟
113139,COCO_val2014_000000113139.jpg,Is there a book in the image?,no,adversarial,book,کیا تصویر میں کوئی کتاب ہے؟
367872,COCO_val2014_000000367872.jpg,Is there a baseball glove in the image?,yes,random,baseball glove,کیا تصویر میں بیس بال کا دستانہ ہے؟
367872,COCO_val2014_000000367872.jpg,Is there a baseball bat in the image?,yes,random,baseball bat,کیا تصویر میں بیس بال کا بیٹ ہے؟
367872,COCO_val2014_000000367872.jpg,Is there a sports ball in the image?,yes,random,sports ball,کیا تصویر میں کھیلوں کی گیند ہے؟
367872,COCO_val2014_000000367872.jpg,Is there a remote in the image?,no,random,remote,کیا تصویر میں کوئی ریموٹ ہے؟
367872,COCO_val2014_000000367872.jpg,Is there a bench in the image?,no,random,bench,کیا تصویر میں کوئی بینچ ہے؟
367872,COCO_val2014_000000367872.jpg,Is there a sheep in the image?,no,random,sheep,کیا تصویر میں بھیڑ ہے؟
367872,COCO_val2014_000000367872.jpg,Is there a umbrella in the image?,yes,popular,umbrella,کیا تصویر میں چھتری ہے؟
367872,COCO_val2014_000000367872.jpg,Is there a person in the image?,yes,popular,person,کیا تصویر میں کوئی شخص ہے؟
367872,COCO_val2014_000000367872.jpg,Is there a baseball glove in the image?,yes,popular,baseball glove,کیا تصویر میں بیس بال کا دستانہ ہے؟
367872,COCO_val2014_000000367872.jpg,Is there a car in the image?,no,popular,car,کیا تصویر میں کوئی کار ہے؟
367872,COCO_val2014_000000367872.jpg,Is there a chair in the image?,no,popular,chair,کیا تصویر میں کرسی ہے؟
367872,COCO_val2014_000000367872.jpg,Is there a book in the image?,no,popular,book,کیا تصویر میں کوئی کتاب ہے؟
367872,COCO_val2014_000000367872.jpg,Is there a baseball glove in the image?,yes,adversarial,baseball glove,کیا تصویر میں بیس بال کا دستانہ ہے؟
367872,COCO_val2014_000000367872.jpg,Is there a sports ball in the image?,yes,adversarial,sports ball,کیا تصویر میں کھیلوں کی گیند ہے؟
367872,COCO_val2014_000000367872.jpg,Is there a baseball bat in the image?,yes,adversarial,baseball bat,کیا تصویر میں بیس بال کا بیٹ ہے؟
367872,COCO_val2014_000000367872.jpg,Is there a car in the image?,no,adversarial,car,کیا تصویر میں کوئی کار ہے؟
367872,COCO_val2014_000000367872.jpg,Is there a chair in the image?,no,adversarial,chair,کیا تصویر میں کرسی ہے؟
367872,COCO_val2014_000000367872.jpg,Is there a book in the image?,no,adversarial,book,کیا تصویر میں کوئی کتاب ہے؟
44279,COCO_val2014_000000044279.jpg,Is there a knife in the image?,yes,random,knife,کیا تصویر میں چاقو ہے؟
44279,COCO_val2014_000000044279.jpg,Is there a bowl in the image?,yes,random,bowl,کیا تصویر میں ایک پیالہ ہے؟
44279,COCO_val2014_000000044279.jpg,Is there a person in the image?,yes,random,person,کیا تصویر میں کوئی شخص ہے؟
44279,COCO_val2014_000000044279.jpg,Is there a surfboard in the image?,no,random,surfboard,کیا تصویر میں کوئی سرف بورڈ ہے؟
44279,COCO_val2014_000000044279.jpg,Is there a boat in the image?,no,random,boat,کیا تصویر میں کوئی کشتی ہے؟
44279,COCO_val2014_000000044279.jpg,Is there a parking meter in the image?,no,random,parking meter,کیا تصویر میں پارکنگ میٹر ہے؟
44279,COCO_val2014_000000044279.jpg,Is there a knife in the image?,yes,popular,knife,کیا تصویر میں چاقو ہے؟
44279,COCO_val2014_000000044279.jpg,Is there a person in the image?,yes,popular,person,کیا تصویر میں کوئی شخص ہے؟
44279,COCO_val2014_000000044279.jpg,Is there a oven in the image?,yes,popular,oven,کیا تصویر میں تندور ہے؟
44279,COCO_val2014_000000044279.jpg,Is there a car in the image?,no,popular,car,کیا تصویر میں کوئی کار ہے؟
44279,COCO_val2014_000000044279.jpg,Is there a chair in the image?,no,popular,chair,کیا تصویر میں کرسی ہے؟
44279,COCO_val2014_000000044279.jpg,Is there a book in the image?,no,popular,book,کیا تصویر میں کوئی کتاب ہے؟
44279,COCO_val2014_000000044279.jpg,Is there a knife in the image?,yes,adversarial,knife,کیا تصویر میں چاقو ہے؟
44279,COCO_val2014_000000044279.jpg,Is there a bowl in the image?,yes,adversarial,bowl,کیا تصویر میں ایک پیالہ ہے؟
44279,COCO_val2014_000000044279.jpg,Is there a oven in the image?,yes,adversarial,oven,کیا تصویر میں تندور ہے؟
44279,COCO_val2014_000000044279.jpg,Is there a car in the image?,no,adversarial,car,کیا تصویر میں کوئی کار ہے؟
44279,COCO_val2014_000000044279.jpg,Is there a chair in the image?,no,adversarial,chair,کیا تصویر میں کرسی ہے؟
44279,COCO_val2014_000000044279.jpg,Is there a book in the image?,no,adversarial,book,کیا تصویر میں کوئی کتاب ہے؟
157789,COCO_val2014_000000157789.jpg,Is there a pizza in the image?,yes,random,pizza,کیا تصویر میں پیزا ہے؟
157789,COCO_val2014_000000157789.jpg,Is there a fork in the image?,yes,random,fork,کیا تصویر میں کانٹا ہے؟
157789,COCO_val2014_000000157789.jpg,Is there a knife in the image?,yes,random,knife,کیا تصویر میں چاقو ہے؟
157789,COCO_val2014_000000157789.jpg,Is there a giraffe in the image?,no,random,giraffe,کیا تصویر میں زرافہ ہے؟
157789,COCO_val2014_000000157789.jpg,Is there a surfboard in the image?,no,random,surfboard,کیا تصویر میں کوئی سرف بورڈ ہے؟
157789,COCO_val2014_000000157789.jpg,Is there a airplane in the image?,no,random,airplane,کیا تصویر میں ہوائی جہاز ہے؟
157789,COCO_val2014_000000157789.jpg,Is there a pizza in the image?,yes,popular,pizza,کیا تصویر میں پیزا ہے؟
157789,COCO_val2014_000000157789.jpg,Is there a fork in the image?,yes,popular,fork,کیا تصویر میں کانٹا ہے؟
157789,COCO_val2014_000000157789.jpg,Is there a knife in the image?,yes,popular,knife,کیا تصویر میں چاقو ہے؟
157789,COCO_val2014_000000157789.jpg,Is there a person in the image?,no,popular,person,کیا تصویر میں کوئی شخص ہے؟
157789,COCO_val2014_000000157789.jpg,Is there a car in the image?,no,popular,car,کیا تصویر میں کوئی کار ہے؟
157789,COCO_val2014_000000157789.jpg,Is there a chair in the image?,no,popular,chair,کیا تصویر میں کرسی ہے؟
157789,COCO_val2014_000000157789.jpg,Is there a fork in the image?,yes,adversarial,fork,کیا تصویر میں کانٹا ہے؟
157789,COCO_val2014_000000157789.jpg,Is there a knife in the image?,yes,adversarial,knife,کیا تصویر میں چاقو ہے؟
157789,COCO_val2014_000000157789.jpg,Is there a pizza in the image?,yes,adversarial,pizza,کیا تصویر میں پیزا ہے؟
157789,COCO_val2014_000000157789.jpg,Is there a person in the image?,no,adversarial,person,کیا تصویر میں کوئی شخص ہے؟
157789,COCO_val2014_000000157789.jpg,Is there a car in the image?,no,adversarial,car,کیا تصویر میں کوئی کار ہے؟
157789,COCO_val2014_000000157789.jpg,Is there a chair in the image?,no,adversarial,chair,کیا تصویر میں کرسی ہے؟
382625,COCO_val2014_000000382625.jpg,Is there a fork in the image?,yes,random,fork,کیا تصویر میں کانٹا ہے؟
382625,COCO_val2014_000000382625.jpg,Is there a tie in the image?,yes,random,tie,کیا تصویر میں ٹائی ہے؟
382625,COCO_val2014_000000382625.jpg,Is there a knife in the image?,yes,random,knife,کیا تصویر میں چاقو ہے؟
382625,COCO_val2014_000000382625.jpg,Is there a sheep in the image?,no,random,sheep,کیا تصویر میں بھیڑ ہے؟
382625,COCO_val2014_000000382625.jpg,Is there a toaster in the image?,no,random,toaster,کیا تصویر میں ٹوسٹر ہے؟
382625,COCO_val2014_000000382625.jpg,Is there a remote in the image?,no,random,remote,کیا تصویر میں کوئی ریموٹ ہے؟
382625,COCO_val2014_000000382625.jpg,Is there a cake in the image?,yes,popular,cake,کیا تصویر میں کیک ہے؟
382625,COCO_val2014_000000382625.jpg,Is there a person in the image?,yes,popular,person,کیا تصویر میں کوئی شخص ہے؟
382625,COCO_val2014_000000382625.jpg,Is there a dining table in the image?,yes,popular,dining table,کیا تصویر میں کھانے کی میز ہے؟
382625,COCO_val2014_000000382625.jpg,Is there a car in the image?,no,popular,car,کیا تصویر میں کوئی کار ہے؟
382625,COCO_val2014_000000382625.jpg,Is there a chair in the image?,no,popular,chair,کیا تصویر میں کرسی ہے؟
382625,COCO_val2014_000000382625.jpg,Is there a book in the image?,no,popular,book,کیا تصویر میں کوئی کتاب ہے؟
382625,COCO_val2014_000000382625.jpg,Is there a cake in the image?,yes,adversarial,cake,کیا تصویر میں کیک ہے؟
382625,COCO_val2014_000000382625.jpg,Is there a person in the image?,yes,adversarial,person,کیا تصویر میں کوئی شخص ہے؟
382625,COCO_val2014_000000382625.jpg,Is there a knife in the image?,yes,adversarial,knife,کیا تصویر میں چاقو ہے؟
382625,COCO_val2014_000000382625.jpg,Is there a car in the image?,no,adversarial,car,کیا تصویر میں کوئی کار ہے؟
382625,COCO_val2014_000000382625.jpg,Is there a chair in the image?,no,adversarial,chair,کیا تصویر میں کرسی ہے؟
382625,COCO_val2014_000000382625.jpg,Is there a book in the image?,no,adversarial,book,کیا تصویر میں کوئی کتاب ہے؟
150265,COCO_val2014_000000150265.jpg,Is there a handbag in the image?,yes,random,handbag,کیا تصویر میں ہینڈ بیگ ہے؟
150265,COCO_val2014_000000150265.jpg,Is there a fire hydrant in the image?,yes,random,fire hydrant,کیا تصویر میں فائر ہائیڈرنٹ ہے؟
150265,COCO_val2014_000000150265.jpg,Is there a person in the image?,yes,random,person,کیا تصویر میں کوئی شخص ہے؟
150265,COCO_val2014_000000150265.jpg,Is there a car in the image?,no,random,car,کیا تصویر میں کوئی کار ہے؟
150265,COCO_val2014_000000150265.jpg,Is there a banana in the image?,no,random,banana,کیا تصویر میں کیلا ہے؟
150265,COCO_val2014_000000150265.jpg,Is there a wine glass in the image?,no,random,wine glass,کیا تصویر میں شراب کا گلاس ہے؟
150265,COCO_val2014_000000150265.jpg,Is there a handbag in the image?,yes,popular,handbag,کیا تصویر میں ہینڈ بیگ ہے؟
150265,COCO_val2014_000000150265.jpg,Is there a person in the image?,yes,popular,person,کیا تصویر میں کوئی شخص ہے؟
150265,COCO_val2014_000000150265.jpg,Is there a fire hydrant in the image?,yes,popular,fire hydrant,کیا تصویر میں فائر ہائیڈرنٹ ہے؟
150265,COCO_val2014_000000150265.jpg,Is there a car in the image?,no,popular,car,کیا تصویر میں کوئی کار ہے؟
150265,COCO_val2014_000000150265.jpg,Is there a chair in the image?,no,popular,chair,کیا تصویر میں کرسی ہے؟
150265,COCO_val2014_000000150265.jpg,Is there a book in the image?,no,popular,book,کیا تصویر میں کوئی کتاب ہے؟
150265,COCO_val2014_000000150265.jpg,Is there a handbag in the image?,yes,adversarial,handbag,کیا تصویر میں ہینڈ بیگ ہے؟
150265,COCO_val2014_000000150265.jpg,Is there a fire hydrant in the image?,yes,adversarial,fire hydrant,کیا تصویر میں فائر ہائیڈرنٹ ہے؟
150265,COCO_val2014_000000150265.jpg,Is there a person in the image?,yes,adversarial,person,کیا تصویر میں کوئی شخص ہے؟
150265,COCO_val2014_000000150265.jpg,Is there a car in the image?,no,adversarial,car,کیا تصویر میں کوئی کار ہے؟
150265,COCO_val2014_000000150265.jpg,Is there a chair in the image?,no,adversarial,chair,کیا تصویر میں کرسی ہے؟
150265,COCO_val2014_000000150265.jpg,Is there a book in the image?,no,adversarial,book,کیا تصویر میں کوئی کتاب ہے؟
471789,COCO_val2014_000000471789.jpg,Is there a dog in the image?,yes,random,dog,کیا تصویر میں کتا ہے؟
471789,COCO_val2014_000000471789.jpg,Is there a person in the image?,yes,random,person,کیا تصویر میں کوئی شخص ہے؟
471789,COCO_val2014_000000471789.jpg,Is there a frisbee in the image?,yes,random,frisbee,کیا تصویر میں فریسبی ہے؟
471789,COCO_val2014_000000471789.jpg,Is there a bench in the image?,no,random,bench,کیا تصویر میں کوئی بینچ ہے؟
471789,COCO_val2014_000000471789.jpg,Is there a umbrella in the image?,no,random,umbrella,کیا تصویر میں چھتری ہے؟
471789,COCO_val2014_000000471789.jpg,Is there a cow in the image?,no,random,cow,کیا تصویر میں گائے ہے؟
471789,COCO_val2014_000000471789.jpg,Is there a kite in the image?,yes,popular,kite,کیا تصویر میں پتنگ ہے؟
471789,COCO_val2014_000000471789.jpg,Is there a frisbee in the image?,yes,popular,frisbee,کیا تصویر میں فریسبی ہے؟
471789,COCO_val2014_000000471789.jpg,Is there a person in the image?,yes,popular,person,کیا تصویر میں کوئی شخص ہے؟
471789,COCO_val2014_000000471789.jpg,Is there a car in the image?,no,popular,car,کیا تصویر میں کوئی کار ہے؟
471789,COCO_val2014_000000471789.jpg,Is there a chair in the image?,no,popular,chair,کیا تصویر میں کرسی ہے؟
471789,COCO_val2014_000000471789.jpg,Is there a book in the image?,no,popular,book,کیا تصویر میں کوئی کتاب ہے؟
471789,COCO_val2014_000000471789.jpg,Is there a person in the image?,yes,adversarial,person,کیا تصویر میں کوئی شخص ہے؟
471789,COCO_val2014_000000471789.jpg,Is there a frisbee in the image?,yes,adversarial,frisbee,کیا تصویر میں فریسبی ہے؟
471789,COCO_val2014_000000471789.jpg,Is there a dog in the image?,yes,adversarial,dog,کیا تصویر میں کتا ہے؟
471789,COCO_val2014_000000471789.jpg,Is there a car in the image?,no,adversarial,car,کیا تصویر میں کوئی کار ہے؟
471789,COCO_val2014_000000471789.jpg,Is there a chair in the image?,no,adversarial,chair,کیا تصویر میں کرسی ہے؟
471789,COCO_val2014_000000471789.jpg,Is there a book in the image?,no,adversarial,book,کیا تصویر میں کوئی کتاب ہے؟
383087,COCO_val2014_000000383087.jpg,Is there a cake in the image?,yes,random,cake,کیا تصویر میں کیک ہے؟
383087,COCO_val2014_000000383087.jpg,Is there a bowl in the image?,yes,random,bowl,کیا تصویر میں ایک پیالہ ہے؟
383087,COCO_val2014_000000383087.jpg,Is there a person in the image?,yes,random,person,کیا تصویر میں کوئی شخص ہے؟
383087,COCO_val2014_000000383087.jpg,Is there a banana in the image?,no,random,banana,کیا تصویر میں کیلا ہے؟
383087,COCO_val2014_000000383087.jpg,Is there a bottle in the image?,no,random,bottle,کیا تصویر میں کوئی بوتل ہے؟
383087,COCO_val2014_000000383087.jpg,Is there a car in the image?,no,random,car,کیا تصویر میں کوئی کار ہے؟
383087,COCO_val2014_000000383087.jpg,Is there a knife in the image?,yes,popular,knife,کیا تصویر میں چاقو ہے؟
383087,COCO_val2014_000000383087.jpg,Is there a cup in the image?,yes,popular,cup,کیا تصویر میں کپ ہے؟
383087,COCO_val2014_000000383087.jpg,Is there a person in the image?,yes,popular,person,کیا تصویر میں کوئی شخص ہے؟
383087,COCO_val2014_000000383087.jpg,Is there a car in the image?,no,popular,car,کیا تصویر میں کوئی کار ہے؟
383087,COCO_val2014_000000383087.jpg,Is there a book in the image?,no,popular,book,کیا تصویر میں کوئی کتاب ہے؟
383087,COCO_val2014_000000383087.jpg,Is there a bottle in the image?,no,popular,bottle,کیا تصویر میں کوئی بوتل ہے؟
383087,COCO_val2014_000000383087.jpg,Is there a cake in the image?,yes,adversarial,cake,کیا تصویر میں کیک ہے؟
383087,COCO_val2014_000000383087.jpg,Is there a dining table in the image?,yes,adversarial,dining table,کیا تصویر میں کھانے کی میز ہے؟
383087,COCO_val2014_000000383087.jpg,Is there a cup in the image?,yes,adversarial,cup,کیا تصویر میں کپ ہے؟
383087,COCO_val2014_000000383087.jpg,Is there a car in the image?,no,adversarial,car,کیا تصویر میں کوئی کار ہے؟
383087,COCO_val2014_000000383087.jpg,Is there a book in the image?,no,adversarial,book,کیا تصویر میں کوئی کتاب ہے؟
383087,COCO_val2014_000000383087.jpg,Is there a bottle in the image?,no,adversarial,bottle,کیا تصویر میں کوئی بوتل ہے؟
224554,COCO_val2014_000000224554.jpg,Is there a car in the image?,yes,random,car,کیا تصویر میں کوئی کار ہے؟
224554,COCO_val2014_000000224554.jpg,Is there a train in the image?,yes,random,train,کیا تصویر میں ٹرین ہے؟
224554,COCO_val2014_000000224554.jpg,Is there a traffic light in the image?,yes,random,traffic light,کیا تصویر میں ٹریفک لائٹ ہے؟
224554,COCO_val2014_000000224554.jpg,Is there a giraffe in the image?,no,random,giraffe,کیا تصویر میں زرافہ ہے؟
224554,COCO_val2014_000000224554.jpg,Is there a donut in the image?,no,random,donut,کیا تصویر میں ڈونٹ ہے؟
224554,COCO_val2014_000000224554.jpg,Is there a cell phone in the image?,no,random,cell phone,کیا تصویر میں سیل فون ہے؟
224554,COCO_val2014_000000224554.jpg,Is there a traffic light in the image?,yes,popular,traffic light,کیا تصویر میں ٹریفک لائٹ ہے؟
224554,COCO_val2014_000000224554.jpg,Is there a train in the image?,yes,popular,train,کیا تصویر میں ٹرین ہے؟
224554,COCO_val2014_000000224554.jpg,Is there a car in the image?,yes,popular,car,کیا تصویر میں کوئی کار ہے؟
224554,COCO_val2014_000000224554.jpg,Is there a person in the image?,no,popular,person,کیا تصویر میں کوئی شخص ہے؟
224554,COCO_val2014_000000224554.jpg,Is there a chair in the image?,no,popular,chair,کیا تصویر میں کرسی ہے؟
224554,COCO_val2014_000000224554.jpg,Is there a book in the image?,no,popular,book,کیا تصویر میں کوئی کتاب ہے؟
224554,COCO_val2014_000000224554.jpg,Is there a traffic light in the image?,yes,adversarial,traffic light,کیا تصویر میں ٹریفک لائٹ ہے؟
224554,COCO_val2014_000000224554.jpg,Is there a train in the image?,yes,adversarial,train,کیا تصویر میں ٹرین ہے؟
224554,COCO_val2014_000000224554.jpg,Is there a car in the image?,yes,adversarial,car,کیا تصویر میں کوئی کار ہے؟
224554,COCO_val2014_000000224554.jpg,Is there a person in the image?,no,adversarial,person,کیا تصویر میں کوئی شخص ہے؟
224554,COCO_val2014_000000224554.jpg,Is there a chair in the image?,no,adversarial,chair,کیا تصویر میں کرسی ہے؟
224554,COCO_val2014_000000224554.jpg,Is there a book in the image?,no,adversarial,book,کیا تصویر میں کوئی کتاب ہے؟
313718,COCO_val2014_000000313718.jpg,Is there a car in the image?,yes,random,car,کیا تصویر میں کوئی کار ہے؟
313718,COCO_val2014_000000313718.jpg,Is there a person in the image?,yes,random,person,کیا تصویر میں کوئی شخص ہے؟
313718,COCO_val2014_000000313718.jpg,Is there a horse in the image?,yes,random,horse,کیا تصویر میں گھوڑا ہے؟
313718,COCO_val2014_000000313718.jpg,Is there a remote in the image?,no,random,remote,کیا تصویر میں کوئی ریموٹ ہے؟
313718,COCO_val2014_000000313718.jpg,Is there a giraffe in the image?,no,random,giraffe,کیا تصویر میں زرافہ ہے؟
313718,COCO_val2014_000000313718.jpg,Is there a tv in the image?,no,random,tv,کیا تصویر میں ٹی وی ہے؟
313718,COCO_val2014_000000313718.jpg,Is there a horse in the image?,yes,popular,horse,کیا تصویر میں گھوڑا ہے؟
313718,COCO_val2014_000000313718.jpg,Is there a car in the image?,yes,popular,car,کیا تصویر میں کوئی کار ہے؟
313718,COCO_val2014_000000313718.jpg,Is there a bus in the image?,yes,popular,bus,کیا تصویر میں بس ہے؟
313718,COCO_val2014_000000313718.jpg,Is there a chair in the image?,no,popular,chair,کیا تصویر میں کرسی ہے؟
313718,COCO_val2014_000000313718.jpg,Is there a book in the image?,no,popular,book,کیا تصویر میں کوئی کتاب ہے؟
313718,COCO_val2014_000000313718.jpg,Is there a bottle in the image?,no,popular,bottle,کیا تصویر میں کوئی بوتل ہے؟
313718,COCO_val2014_000000313718.jpg,Is there a car in the image?,yes,adversarial,car,کیا تصویر میں کوئی کار ہے؟
313718,COCO_val2014_000000313718.jpg,Is there a person in the image?,yes,adversarial,person,کیا تصویر میں کوئی شخص ہے؟
313718,COCO_val2014_000000313718.jpg,Is there a horse in the image?,yes,adversarial,horse,کیا تصویر میں گھوڑا ہے؟
313718,COCO_val2014_000000313718.jpg,Is there a chair in the image?,no,adversarial,chair,کیا تصویر میں کرسی ہے؟
313718,COCO_val2014_000000313718.jpg,Is there a book in the image?,no,adversarial,book,کیا تصویر میں کوئی کتاب ہے؟
313718,COCO_val2014_000000313718.jpg,Is there a bottle in the image?,no,adversarial,bottle,کیا تصویر میں کوئی بوتل ہے؟
445574,COCO_val2014_000000445574.jpg,Is there a sports ball in the image?,yes,random,sports ball,کیا تصویر میں کھیلوں کی گیند ہے؟
445574,COCO_val2014_000000445574.jpg,Is there a baseball glove in the image?,yes,random,baseball glove,کیا تصویر میں بیس بال کا دستانہ ہے؟
445574,COCO_val2014_000000445574.jpg,Is there a baseball bat in the image?,yes,random,baseball bat,کیا تصویر میں بیس بال کا بیٹ ہے؟
445574,COCO_val2014_000000445574.jpg,Is there a carrot in the image?,no,random,carrot,کیا تصویر میں گاجر ہے؟
445574,COCO_val2014_000000445574.jpg,Is there a fire hydrant in the image?,no,random,fire hydrant,کیا تصویر میں فائر ہائیڈرنٹ ہے؟
445574,COCO_val2014_000000445574.jpg,Is there a teddy bear in the image?,no,random,teddy bear,کیا تصویر میں کوئی ٹیڈی بیر ہے؟
445574,COCO_val2014_000000445574.jpg,Is there a person in the image?,yes,popular,person,کیا تصویر میں کوئی شخص ہے؟
445574,COCO_val2014_000000445574.jpg,Is there a sports ball in the image?,yes,popular,sports ball,کیا تصویر میں کھیلوں کی گیند ہے؟
445574,COCO_val2014_000000445574.jpg,Is there a baseball bat in the image?,yes,popular,baseball bat,کیا تصویر میں بیس بال کا بیٹ ہے؟
445574,COCO_val2014_000000445574.jpg,Is there a car in the image?,no,popular,car,کیا تصویر میں کوئی کار ہے؟
445574,COCO_val2014_000000445574.jpg,Is there a chair in the image?,no,popular,chair,کیا تصویر میں کرسی ہے؟
445574,COCO_val2014_000000445574.jpg,Is there a book in the image?,no,popular,book,کیا تصویر میں کوئی کتاب ہے؟
445574,COCO_val2014_000000445574.jpg,Is there a sports ball in the image?,yes,adversarial,sports ball,کیا تصویر میں کھیلوں کی گیند ہے؟
445574,COCO_val2014_000000445574.jpg,Is there a bench in the image?,yes,adversarial,bench,کیا تصویر میں کوئی بینچ ہے؟
445574,COCO_val2014_000000445574.jpg,Is there a baseball bat in the image?,yes,adversarial,baseball bat,کیا تصویر میں بیس بال کا بیٹ ہے؟
445574,COCO_val2014_000000445574.jpg,Is there a car in the image?,no,adversarial,car,کیا تصویر میں کوئی کار ہے؟
445574,COCO_val2014_000000445574.jpg,Is there a chair in the image?,no,adversarial,chair,کیا تصویر میں کرسی ہے؟
445574,COCO_val2014_000000445574.jpg,Is there a book in the image?,no,adversarial,book,کیا تصویر میں کوئی کتاب ہے؟
501898,COCO_val2014_000000501898.jpg,Is there a bottle in the image?,yes,random,bottle,کیا تصویر میں کوئی بوتل ہے؟
501898,COCO_val2014_000000501898.jpg,Is there a person in the image?,yes,random,person,کیا تصویر میں کوئی شخص ہے؟
501898,COCO_val2014_000000501898.jpg,Is there a tennis racket in the image?,yes,random,tennis racket,کیا تصویر میں ٹینس ریکیٹ ہے؟
501898,COCO_val2014_000000501898.jpg,Is there a banana in the image?,no,random,banana,کیا تصویر میں کیلا ہے؟
501898,COCO_val2014_000000501898.jpg,Is there a sink in the image?,no,random,sink,کیا تصویر میں کوئی سنک ہے؟
501898,COCO_val2014_000000501898.jpg,Is there a toilet in the image?,no,random,toilet,کیا تصویر میں بیت الخلا ہے؟
501898,COCO_val2014_000000501898.jpg,Is there a tennis racket in the image?,yes,popular,tennis racket,کیا تصویر میں ٹینس ریکیٹ ہے؟
501898,COCO_val2014_000000501898.jpg,Is there a person in the image?,yes,popular,person,کیا تصویر میں کوئی شخص ہے؟
501898,COCO_val2014_000000501898.jpg,Is there a bench in the image?,yes,popular,bench,کیا تصویر میں کوئی بینچ ہے؟
501898,COCO_val2014_000000501898.jpg,Is there a car in the image?,no,popular,car,کیا تصویر میں کوئی کار ہے؟
501898,COCO_val2014_000000501898.jpg,Is there a chair in the image?,no,popular,chair,کیا تصویر میں کرسی ہے؟
501898,COCO_val2014_000000501898.jpg,Is there a book in the image?,no,popular,book,کیا تصویر میں کوئی کتاب ہے؟
501898,COCO_val2014_000000501898.jpg,Is there a bottle in the image?,yes,adversarial,bottle,کیا تصویر میں کوئی بوتل ہے؟
501898,COCO_val2014_000000501898.jpg,Is there a sports ball in the image?,yes,adversarial,sports ball,کیا تصویر میں کھیلوں کی گیند ہے؟
501898,COCO_val2014_000000501898.jpg,Is there a tennis racket in the image?,yes,adversarial,tennis racket,کیا تصویر میں ٹینس ریکیٹ ہے؟
501898,COCO_val2014_000000501898.jpg,Is there a car in the image?,no,adversarial,car,کیا تصویر میں کوئی کار ہے؟
501898,COCO_val2014_000000501898.jpg,Is there a chair in the image?,no,adversarial,chair,کیا تصویر میں کرسی ہے؟
501898,COCO_val2014_000000501898.jpg,Is there a book in the image?,no,adversarial,book,کیا تصویر میں کوئی کتاب ہے؟
342165,COCO_val2014_000000342165.jpg,Is there a horse in the image?,yes,random,horse,کیا تصویر میں گھوڑا ہے؟
342165,COCO_val2014_000000342165.jpg,Is there a cow in the image?,yes,random,cow,کیا تصویر میں گائے ہے؟
342165,COCO_val2014_000000342165.jpg,Is there a person in the image?,yes,random,person,کیا تصویر میں کوئی شخص ہے؟
342165,COCO_val2014_000000342165.jpg,Is there a toilet in the image?,no,random,toilet,کیا تصویر میں بیت الخلا ہے؟
342165,COCO_val2014_000000342165.jpg,Is there a sheep in the image?,no,random,sheep,کیا تصویر میں بھیڑ ہے؟
342165,COCO_val2014_000000342165.jpg,Is there a microwave in the image?,no,random,microwave,کیا تصویر میں مائکروویو ہے؟
342165,COCO_val2014_000000342165.jpg,Is there a cow in the image?,yes,popular,cow,کیا تصویر میں گائے ہے؟
342165,COCO_val2014_000000342165.jpg,Is there a horse in the image?,yes,popular,horse,کیا تصویر میں گھوڑا ہے؟
342165,COCO_val2014_000000342165.jpg,Is there a person in the image?,yes,popular,person,کیا تصویر میں کوئی شخص ہے؟
342165,COCO_val2014_000000342165.jpg,Is there a car in the image?,no,popular,car,کیا تصویر میں کوئی کار ہے؟
342165,COCO_val2014_000000342165.jpg,Is there a chair in the image?,no,popular,chair,کیا تصویر میں کرسی ہے؟
342165,COCO_val2014_000000342165.jpg,Is there a book in the image?,no,popular,book,کیا تصویر میں کوئی کتاب ہے؟
342165,COCO_val2014_000000342165.jpg,Is there a horse in the image?,yes,adversarial,horse,کیا تصویر میں گھوڑا ہے؟
342165,COCO_val2014_000000342165.jpg,Is there a cow in the image?,yes,adversarial,cow,کیا تصویر میں گائے ہے؟
342165,COCO_val2014_000000342165.jpg,Is there a person in the image?,yes,adversarial,person,کیا تصویر میں کوئی شخص ہے؟
342165,COCO_val2014_000000342165.jpg,Is there a car in the image?,no,adversarial,car,کیا تصویر میں کوئی کار ہے؟
342165,COCO_val2014_000000342165.jpg,Is there a chair in the image?,no,adversarial,chair,کیا تصویر میں کرسی ہے؟
342165,COCO_val2014_000000342165.jpg,Is there a book in the image?,no,adversarial,book,کیا تصویر میں کوئی کتاب ہے؟
300403,COCO_val2014_000000300403.jpg,Is there a dining table in the image?,yes,random,dining table,کیا تصویر میں کھانے کی میز ہے؟
300403,COCO_val2014_000000300403.jpg,Is there a fork in the image?,yes,random,fork,کیا تصویر میں کانٹا ہے؟
300403,COCO_val2014_000000300403.jpg,Is there a person in the image?,yes,random,person,کیا تصویر میں کوئی شخص ہے؟
300403,COCO_val2014_000000300403.jpg,Is there a bicycle in the image?,no,random,bicycle,کیا تصویر میں کوئی سائیکل ہے؟
300403,COCO_val2014_000000300403.jpg,Is there a suitcase in the image?,no,random,suitcase,کیا تصویر میں کوئی سوٹ کیس ہے؟
300403,COCO_val2014_000000300403.jpg,Is there a fire hydrant in the image?,no,random,fire hydrant,کیا تصویر میں فائر ہائیڈرنٹ ہے؟
300403,COCO_val2014_000000300403.jpg,Is there a dining table in the image?,yes,popular,dining table,کیا تصویر میں کھانے کی میز ہے؟
300403,COCO_val2014_000000300403.jpg,Is there a fork in the image?,yes,popular,fork,کیا تصویر میں کانٹا ہے؟
300403,COCO_val2014_000000300403.jpg,Is there a person in the image?,yes,popular,person,کیا تصویر میں کوئی شخص ہے؟
300403,COCO_val2014_000000300403.jpg,Is there a car in the image?,no,popular,car,کیا تصویر میں کوئی کار ہے؟
300403,COCO_val2014_000000300403.jpg,Is there a chair in the image?,no,popular,chair,کیا تصویر میں کرسی ہے؟
300403,COCO_val2014_000000300403.jpg,Is there a book in the image?,no,popular,book,کیا تصویر میں کوئی کتاب ہے؟
300403,COCO_val2014_000000300403.jpg,Is there a wine glass in the image?,yes,adversarial,wine glass,کیا تصویر میں شراب کا گلاس ہے؟
300403,COCO_val2014_000000300403.jpg,Is there a dining table in the image?,yes,adversarial,dining table,کیا تصویر میں کھانے کی میز ہے؟
300403,COCO_val2014_000000300403.jpg,Is there a bottle in the image?,yes,adversarial,bottle,کیا تصویر میں کوئی بوتل ہے؟
300403,COCO_val2014_000000300403.jpg,Is there a car in the image?,no,adversarial,car,کیا تصویر میں کوئی کار ہے؟
300403,COCO_val2014_000000300403.jpg,Is there a chair in the image?,no,adversarial,chair,کیا تصویر میں کرسی ہے؟
300403,COCO_val2014_000000300403.jpg,Is there a book in the image?,no,adversarial,book,کیا تصویر میں کوئی کتاب ہے؟
442761,COCO_val2014_000000442761.jpg,Is there a frisbee in the image?,yes,random,frisbee,کیا تصویر میں فریسبی ہے؟
442761,COCO_val2014_000000442761.jpg,Is there a person in the image?,yes,random,person,کیا تصویر میں کوئی شخص ہے؟
442761,COCO_val2014_000000442761.jpg,Is there a dog in the image?,yes,random,dog,کیا تصویر میں کتا ہے؟
442761,COCO_val2014_000000442761.jpg,Is there a cake in the image?,no,random,cake,کیا تصویر میں کیک ہے؟
442761,COCO_val2014_000000442761.jpg,Is there a umbrella in the image?,no,random,umbrella,کیا تصویر میں چھتری ہے؟
442761,COCO_val2014_000000442761.jpg,Is there a cow in the image?,no,random,cow,کیا تصویر میں گائے ہے؟
442761,COCO_val2014_000000442761.jpg,Is there a dog in the image?,yes,popular,dog,کیا تصویر میں کتا ہے؟
442761,COCO_val2014_000000442761.jpg,Is there a frisbee in the image?,yes,popular,frisbee,کیا تصویر میں فریسبی ہے؟
442761,COCO_val2014_000000442761.jpg,Is there a person in the image?,yes,popular,person,کیا تصویر میں کوئی شخص ہے؟
442761,COCO_val2014_000000442761.jpg,Is there a car in the image?,no,popular,car,کیا تصویر میں کوئی کار ہے؟
442761,COCO_val2014_000000442761.jpg,Is there a chair in the image?,no,popular,chair,کیا تصویر میں کرسی ہے؟
442761,COCO_val2014_000000442761.jpg,Is there a book in the image?,no,popular,book,کیا تصویر میں کوئی کتاب ہے؟
442761,COCO_val2014_000000442761.jpg,Is there a frisbee in the image?,yes,adversarial,frisbee,کیا تصویر میں فریسبی ہے؟
442761,COCO_val2014_000000442761.jpg,Is there a dog in the image?,yes,adversarial,dog,کیا تصویر میں کتا ہے؟
442761,COCO_val2014_000000442761.jpg,Is there a person in the image?,yes,adversarial,person,کیا تصویر میں کوئی شخص ہے؟
442761,COCO_val2014_000000442761.jpg,Is there a car in the image?,no,adversarial,car,کیا تصویر میں کوئی کار ہے؟
442761,COCO_val2014_000000442761.jpg,Is there a chair in the image?,no,adversarial,chair,کیا تصویر میں کرسی ہے؟
442761,COCO_val2014_000000442761.jpg,Is there a book in the image?,no,adversarial,book,کیا تصویر میں کوئی کتاب ہے؟
200627,COCO_val2014_000000200627.jpg,Is there a broccoli in the image?,yes,random,broccoli,کیا تصویر میں بروکولی ہے؟
200627,COCO_val2014_000000200627.jpg,Is there a book in the image?,yes,random,book,کیا تصویر میں کوئی کتاب ہے؟
200627,COCO_val2014_000000200627.jpg,Is there a cup in the image?,yes,random,cup,کیا تصویر میں کپ ہے؟
200627,COCO_val2014_000000200627.jpg,Is there a bowl in the image?,no,random,bowl,کیا تصویر میں ایک پیالہ ہے؟
200627,COCO_val2014_000000200627.jpg,Is there a cat in the image?,no,random,cat,کیا تصویر میں بلی ہے؟
200627,COCO_val2014_000000200627.jpg,Is there a zebra in the image?,no,random,zebra,کیا تصویر میں زیبرا ہے؟
200627,COCO_val2014_000000200627.jpg,Is there a cup in the image?,yes,popular,cup,کیا تصویر میں کپ ہے؟
200627,COCO_val2014_000000200627.jpg,Is there a broccoli in the image?,yes,popular,broccoli,کیا تصویر میں بروکولی ہے؟
200627,COCO_val2014_000000200627.jpg,Is there a book in the image?,yes,popular,book,کیا تصویر میں کوئی کتاب ہے؟
200627,COCO_val2014_000000200627.jpg,Is there a person in the image?,no,popular,person,کیا تصویر میں کوئی شخص ہے؟
200627,COCO_val2014_000000200627.jpg,Is there a car in the image?,no,popular,car,کیا تصویر میں کوئی کار ہے؟
200627,COCO_val2014_000000200627.jpg,Is there a chair in the image?,no,popular,chair,کیا تصویر میں کرسی ہے؟
200627,COCO_val2014_000000200627.jpg,Is there a cup in the image?,yes,adversarial,cup,کیا تصویر میں کپ ہے؟
200627,COCO_val2014_000000200627.jpg,Is there a book in the image?,yes,adversarial,book,کیا تصویر میں کوئی کتاب ہے؟
200627,COCO_val2014_000000200627.jpg,Is there a broccoli in the image?,yes,adversarial,broccoli,کیا تصویر میں بروکولی ہے؟
200627,COCO_val2014_000000200627.jpg,Is there a person in the image?,no,adversarial,person,کیا تصویر میں کوئی شخص ہے؟
200627,COCO_val2014_000000200627.jpg,Is there a car in the image?,no,adversarial,car,کیا تصویر میں کوئی کار ہے؟
200627,COCO_val2014_000000200627.jpg,Is there a chair in the image?,no,adversarial,chair,کیا تصویر میں کرسی ہے؟
395644,COCO_val2014_000000395644.jpg,Is there a clock in the image?,yes,random,clock,کیا تصویر میں کوئی گھڑی ہے؟
395644,COCO_val2014_000000395644.jpg,Is there a cat in the image?,yes,random,cat,کیا تصویر میں بلی ہے؟
395644,COCO_val2014_000000395644.jpg,Is there a book in the image?,yes,random,book,کیا تصویر میں کوئی کتاب ہے؟
395644,COCO_val2014_000000395644.jpg,Is there a sink in the image?,no,random,sink,کیا تصویر میں کوئی سنک ہے؟
395644,COCO_val2014_000000395644.jpg,Is there a cake in the image?,no,random,cake,کیا تصویر میں کیک ہے؟
395644,COCO_val2014_000000395644.jpg,Is there a toaster in the image?,no,random,toaster,کیا تصویر میں ٹوسٹر ہے؟
395644,COCO_val2014_000000395644.jpg,Is there a bed in the image?,yes,popular,bed,کیا تصویر میں کوئی بستر ہے؟
395644,COCO_val2014_000000395644.jpg,Is there a clock in the image?,yes,popular,clock,کیا تصویر میں کوئی گھڑی ہے؟
395644,COCO_val2014_000000395644.jpg,Is there a book in the image?,yes,popular,book,کیا تصویر میں کوئی کتاب ہے؟
395644,COCO_val2014_000000395644.jpg,Is there a person in the image?,no,popular,person,کیا تصویر میں کوئی شخص ہے؟
395644,COCO_val2014_000000395644.jpg,Is there a car in the image?,no,popular,car,کیا تصویر میں کوئی کار ہے؟
395644,COCO_val2014_000000395644.jpg,Is there a chair in the image?,no,popular,chair,کیا تصویر میں کرسی ہے؟
395644,COCO_val2014_000000395644.jpg,Is there a bed in the image?,yes,adversarial,bed,کیا تصویر میں کوئی بستر ہے؟
395644,COCO_val2014_000000395644.jpg,Is there a cat in the image?,yes,adversarial,cat,کیا تصویر میں بلی ہے؟
395644,COCO_val2014_000000395644.jpg,Is there a clock in the image?,yes,adversarial,clock,کیا تصویر میں کوئی گھڑی ہے؟
395644,COCO_val2014_000000395644.jpg,Is there a person in the image?,no,adversarial,person,کیا تصویر میں کوئی شخص ہے؟
395644,COCO_val2014_000000395644.jpg,Is there a car in the image?,no,adversarial,car,کیا تصویر میں کوئی کار ہے؟
395644,COCO_val2014_000000395644.jpg,Is there a chair in the image?,no,adversarial,chair,کیا تصویر میں کرسی ہے؟
167572,COCO_val2014_000000167572.jpg,Is there a orange in the image?,yes,random,orange,کیا تصویر میں نارنجی ہے؟
167572,COCO_val2014_000000167572.jpg,Is there a cup in the image?,yes,random,cup,کیا تصویر میں کپ ہے؟
167572,COCO_val2014_000000167572.jpg,Is there a sandwich in the image?,yes,random,sandwich,کیا تصویر میں کوئی سینڈوچ ہے؟
167572,COCO_val2014_000000167572.jpg,Is there a cat in the image?,no,random,cat,کیا تصویر میں بلی ہے؟
167572,COCO_val2014_000000167572.jpg,Is there a bus in the image?,no,random,bus,کیا تصویر میں بس ہے؟
167572,COCO_val2014_000000167572.jpg,Is there a tv in the image?,no,random,tv,کیا تصویر میں ٹی وی ہے؟
167572,COCO_val2014_000000167572.jpg,Is there a dining table in the image?,yes,popular,dining table,کیا تصویر میں کھانے کی میز ہے؟
167572,COCO_val2014_000000167572.jpg,Is there a cup in the image?,yes,popular,cup,کیا تصویر میں کپ ہے؟
167572,COCO_val2014_000000167572.jpg,Is there a person in the image?,yes,popular,person,کیا تصویر میں کوئی شخص ہے؟
167572,COCO_val2014_000000167572.jpg,Is there a car in the image?,no,popular,car,کیا تصویر میں کوئی کار ہے؟
167572,COCO_val2014_000000167572.jpg,Is there a book in the image?,no,popular,book,کیا تصویر میں کوئی کتاب ہے؟
167572,COCO_val2014_000000167572.jpg,Is there a bottle in the image?,no,popular,bottle,کیا تصویر میں کوئی بوتل ہے؟
167572,COCO_val2014_000000167572.jpg,Is there a person in the image?,yes,adversarial,person,کیا تصویر میں کوئی شخص ہے؟
167572,COCO_val2014_000000167572.jpg,Is there a bowl in the image?,yes,adversarial,bowl,کیا تصویر میں ایک پیالہ ہے؟
167572,COCO_val2014_000000167572.jpg,Is there a orange in the image?,yes,adversarial,orange,کیا تصویر میں نارنجی ہے؟
167572,COCO_val2014_000000167572.jpg,Is there a car in the image?,no,adversarial,car,کیا تصویر میں کوئی کار ہے؟
167572,COCO_val2014_000000167572.jpg,Is there a book in the image?,no,adversarial,book,کیا تصویر میں کوئی کتاب ہے؟
167572,COCO_val2014_000000167572.jpg,Is there a bottle in the image?,no,adversarial,bottle,کیا تصویر میں کوئی بوتل ہے؟
7274,COCO_val2014_000000007274.jpg,Is there a fork in the image?,yes,random,fork,کیا تصویر میں کانٹا ہے؟
7274,COCO_val2014_000000007274.jpg,Is there a chair in the image?,yes,random,chair,کیا تصویر میں کرسی ہے؟
7274,COCO_val2014_000000007274.jpg,Is there a spoon in the image?,yes,random,spoon,کیا تصویر میں چمچ ہے؟
7274,COCO_val2014_000000007274.jpg,Is there a sports ball in the image?,no,random,sports ball,کیا تصویر میں کھیلوں کی گیند ہے؟
7274,COCO_val2014_000000007274.jpg,Is there a train in the image?,no,random,train,کیا تصویر میں ٹرین ہے؟
7274,COCO_val2014_000000007274.jpg,Is there a toilet in the image?,no,random,toilet,کیا تصویر میں بیت الخلا ہے؟
7274,COCO_val2014_000000007274.jpg,Is there a chair in the image?,yes,popular,chair,کیا تصویر میں کرسی ہے؟
7274,COCO_val2014_000000007274.jpg,Is there a person in the image?,yes,popular,person,کیا تصویر میں کوئی شخص ہے؟
7274,COCO_val2014_000000007274.jpg,Is there a bottle in the image?,yes,popular,bottle,کیا تصویر میں کوئی بوتل ہے؟
7274,COCO_val2014_000000007274.jpg,Is there a car in the image?,no,popular,car,کیا تصویر میں کوئی کار ہے؟
7274,COCO_val2014_000000007274.jpg,Is there a book in the image?,no,popular,book,کیا تصویر میں کوئی کتاب ہے؟
7274,COCO_val2014_000000007274.jpg,Is there a traffic light in the image?,no,popular,traffic light,کیا تصویر میں ٹریفک لائٹ ہے؟
7274,COCO_val2014_000000007274.jpg,Is there a fork in the image?,yes,adversarial,fork,کیا تصویر میں کانٹا ہے؟
7274,COCO_val2014_000000007274.jpg,Is there a bowl in the image?,yes,adversarial,bowl,کیا تصویر میں ایک پیالہ ہے؟
7274,COCO_val2014_000000007274.jpg,Is there a pizza in the image?,yes,adversarial,pizza,کیا تصویر میں پیزا ہے؟
7274,COCO_val2014_000000007274.jpg,Is there a car in the image?,no,adversarial,car,کیا تصویر میں کوئی کار ہے؟
7274,COCO_val2014_000000007274.jpg,Is there a book in the image?,no,adversarial,book,کیا تصویر میں کوئی کتاب ہے؟
7274,COCO_val2014_000000007274.jpg,Is there a traffic light in the image?,no,adversarial,traffic light,کیا تصویر میں ٹریفک لائٹ ہے؟
262016,COCO_val2014_000000262016.jpg,Is there a person in the image?,yes,random,person,کیا تصویر میں کوئی شخص ہے؟
262016,COCO_val2014_000000262016.jpg,Is there a tv in the image?,yes,random,tv,کیا تصویر میں ٹی وی ہے؟
262016,COCO_val2014_000000262016.jpg,Is there a oven in the image?,yes,random,oven,کیا تصویر میں تندور ہے؟
262016,COCO_val2014_000000262016.jpg,Is there a snowboard in the image?,no,random,snowboard,کیا تصویر میں سنو بورڈ ہے؟
262016,COCO_val2014_000000262016.jpg,Is there a bottle in the image?,no,random,bottle,کیا تصویر میں کوئی بوتل ہے؟
262016,COCO_val2014_000000262016.jpg,Is there a cow in the image?,no,random,cow,کیا تصویر میں گائے ہے؟
262016,COCO_val2014_000000262016.jpg,Is there a oven in the image?,yes,popular,oven,کیا تصویر میں تندور ہے؟
262016,COCO_val2014_000000262016.jpg,Is there a person in the image?,yes,popular,person,کیا تصویر میں کوئی شخص ہے؟
262016,COCO_val2014_000000262016.jpg,Is there a tv in the image?,yes,popular,tv,کیا تصویر میں ٹی وی ہے؟
262016,COCO_val2014_000000262016.jpg,Is there a car in the image?,no,popular,car,کیا تصویر میں کوئی کار ہے؟
262016,COCO_val2014_000000262016.jpg,Is there a chair in the image?,no,popular,chair,کیا تصویر میں کرسی ہے؟
262016,COCO_val2014_000000262016.jpg,Is there a book in the image?,no,popular,book,کیا تصویر میں کوئی کتاب ہے؟
262016,COCO_val2014_000000262016.jpg,Is there a tv in the image?,yes,adversarial,tv,کیا تصویر میں ٹی وی ہے؟
262016,COCO_val2014_000000262016.jpg,Is there a oven in the image?,yes,adversarial,oven,کیا تصویر میں تندور ہے؟
262016,COCO_val2014_000000262016.jpg,Is there a person in the image?,yes,adversarial,person,کیا تصویر میں کوئی شخص ہے؟
262016,COCO_val2014_000000262016.jpg,Is there a car in the image?,no,adversarial,car,کیا تصویر میں کوئی کار ہے؟
262016,COCO_val2014_000000262016.jpg,Is there a chair in the image?,no,adversarial,chair,کیا تصویر میں کرسی ہے؟
262016,COCO_val2014_000000262016.jpg,Is there a book in the image?,no,adversarial,book,کیا تصویر میں کوئی کتاب ہے؟
501491,COCO_val2014_000000501491.jpg,Is there a cup in the image?,yes,random,cup,کیا تصویر میں کپ ہے؟
501491,COCO_val2014_000000501491.jpg,Is there a bowl in the image?,yes,random,bowl,کیا تصویر میں ایک پیالہ ہے؟
501491,COCO_val2014_000000501491.jpg,Is there a person in the image?,yes,random,person,کیا تصویر میں کوئی شخص ہے؟
501491,COCO_val2014_000000501491.jpg,Is there a toilet in the image?,no,random,toilet,کیا تصویر میں بیت الخلا ہے؟
501491,COCO_val2014_000000501491.jpg,Is there a hair drier in the image?,no,random,hair drier,کیا تصویر میں ہیئر ڈرائر ہے؟
501491,COCO_val2014_000000501491.jpg,Is there a toaster in the image?,no,random,toaster,کیا تصویر میں ٹوسٹر ہے؟
501491,COCO_val2014_000000501491.jpg,Is there a dining table in the image?,yes,popular,dining table,کیا تصویر میں کھانے کی میز ہے؟
501491,COCO_val2014_000000501491.jpg,Is there a cake in the image?,yes,popular,cake,کیا تصویر میں کیک ہے؟
501491,COCO_val2014_000000501491.jpg,Is there a knife in the image?,yes,popular,knife,کیا تصویر میں چاقو ہے؟
501491,COCO_val2014_000000501491.jpg,Is there a car in the image?,no,popular,car,کیا تصویر میں کوئی کار ہے؟
501491,COCO_val2014_000000501491.jpg,Is there a chair in the image?,no,popular,chair,کیا تصویر میں کرسی ہے؟
501491,COCO_val2014_000000501491.jpg,Is there a book in the image?,no,popular,book,کیا تصویر میں کوئی کتاب ہے؟
501491,COCO_val2014_000000501491.jpg,Is there a bowl in the image?,yes,adversarial,bowl,کیا تصویر میں ایک پیالہ ہے؟
501491,COCO_val2014_000000501491.jpg,Is there a cup in the image?,yes,adversarial,cup,کیا تصویر میں کپ ہے؟
501491,COCO_val2014_000000501491.jpg,Is there a cake in the image?,yes,adversarial,cake,کیا تصویر میں کیک ہے؟
501491,COCO_val2014_000000501491.jpg,Is there a car in the image?,no,adversarial,car,کیا تصویر میں کوئی کار ہے؟
501491,COCO_val2014_000000501491.jpg,Is there a chair in the image?,no,adversarial,chair,کیا تصویر میں کرسی ہے؟
501491,COCO_val2014_000000501491.jpg,Is there a book in the image?,no,adversarial,book,کیا تصویر میں کوئی کتاب ہے؟
233711,COCO_val2014_000000233711.jpg,Is there a stop sign in the image?,yes,random,stop sign,کیا تصویر میں سٹاپ کا نشان ہے؟
233711,COCO_val2014_000000233711.jpg,Is there a car in the image?,yes,random,car,کیا تصویر میں کوئی کار ہے؟
233711,COCO_val2014_000000233711.jpg,Is there a person in the image?,yes,random,person,کیا تصویر میں کوئی شخص ہے؟
233711,COCO_val2014_000000233711.jpg,Is there a fork in the image?,no,random,fork,کیا تصویر میں کانٹا ہے؟
233711,COCO_val2014_000000233711.jpg,Is there a hot dog in the image?,no,random,hot dog,کیا تصویر میں کوئی ہاٹ ڈاگ ہے؟
233711,COCO_val2014_000000233711.jpg,Is there a tie in the image?,no,random,tie,کیا تصویر میں ٹائی ہے؟
233711,COCO_val2014_000000233711.jpg,Is there a stop sign in the image?,yes,popular,stop sign,کیا تصویر میں سٹاپ کا نشان ہے؟
233711,COCO_val2014_000000233711.jpg,Is there a person in the image?,yes,popular,person,کیا تصویر میں کوئی شخص ہے؟
233711,COCO_val2014_000000233711.jpg,Is there a fire hydrant in the image?,yes,popular,fire hydrant,کیا تصویر میں فائر ہائیڈرنٹ ہے؟
233711,COCO_val2014_000000233711.jpg,Is there a chair in the image?,no,popular,chair,کیا تصویر میں کرسی ہے؟
233711,COCO_val2014_000000233711.jpg,Is there a book in the image?,no,popular,book,کیا تصویر میں کوئی کتاب ہے؟
233711,COCO_val2014_000000233711.jpg,Is there a bottle in the image?,no,popular,bottle,کیا تصویر میں کوئی بوتل ہے؟
233711,COCO_val2014_000000233711.jpg,Is there a fire hydrant in the image?,yes,adversarial,fire hydrant,کیا تصویر میں فائر ہائیڈرنٹ ہے؟
233711,COCO_val2014_000000233711.jpg,Is there a stop sign in the image?,yes,adversarial,stop sign,کیا تصویر میں سٹاپ کا نشان ہے؟
233711,COCO_val2014_000000233711.jpg,Is there a person in the image?,yes,adversarial,person,کیا تصویر میں کوئی شخص ہے؟
233711,COCO_val2014_000000233711.jpg,Is there a chair in the image?,no,adversarial,chair,کیا تصویر میں کرسی ہے؟
233711,COCO_val2014_000000233711.jpg,Is there a book in the image?,no,adversarial,book,کیا تصویر میں کوئی کتاب ہے؟
233711,COCO_val2014_000000233711.jpg,Is there a bottle in the image?,no,adversarial,bottle,کیا تصویر میں کوئی بوتل ہے؟
422025,COCO_val2014_000000422025.jpg,Is there a truck in the image?,yes,random,truck,کیا تصویر میں کوئی ٹرک ہے؟
422025,COCO_val2014_000000422025.jpg,Is there a person in the image?,yes,random,person,کیا تصویر میں کوئی شخص ہے؟
422025,COCO_val2014_000000422025.jpg,Is there a frisbee in the image?,yes,random,frisbee,کیا تصویر میں فریسبی ہے؟
422025,COCO_val2014_000000422025.jpg,Is there a couch in the image?,no,random,couch,کیا تصویر میں صوفہ ہے؟
422025,COCO_val2014_000000422025.jpg,Is there a vase in the image?,no,random,vase,کیا تصویر میں گلدان ہے؟
422025,COCO_val2014_000000422025.jpg,Is there a sink in the image?,no,random,sink,کیا تصویر میں کوئی سنک ہے؟
422025,COCO_val2014_000000422025.jpg,Is there a frisbee in the image?,yes,popular,frisbee,کیا تصویر میں فریسبی ہے؟
422025,COCO_val2014_000000422025.jpg,Is there a truck in the image?,yes,popular,truck,کیا تصویر میں کوئی ٹرک ہے؟
422025,COCO_val2014_000000422025.jpg,Is there a person in the image?,yes,popular,person,کیا تصویر میں کوئی شخص ہے؟
422025,COCO_val2014_000000422025.jpg,Is there a car in the image?,no,popular,car,کیا تصویر میں کوئی کار ہے؟
422025,COCO_val2014_000000422025.jpg,Is there a book in the image?,no,popular,book,کیا تصویر میں کوئی کتاب ہے؟
422025,COCO_val2014_000000422025.jpg,Is there a bottle in the image?,no,popular,bottle,کیا تصویر میں کوئی بوتل ہے؟
422025,COCO_val2014_000000422025.jpg,Is there a chair in the image?,yes,adversarial,chair,کیا تصویر میں کرسی ہے؟
422025,COCO_val2014_000000422025.jpg,Is there a person in the image?,yes,adversarial,person,کیا تصویر میں کوئی شخص ہے؟
422025,COCO_val2014_000000422025.jpg,Is there a frisbee in the image?,yes,adversarial,frisbee,کیا تصویر میں فریسبی ہے؟
422025,COCO_val2014_000000422025.jpg,Is there a car in the image?,no,adversarial,car,کیا تصویر میں کوئی کار ہے؟
422025,COCO_val2014_000000422025.jpg,Is there a book in the image?,no,adversarial,book,کیا تصویر میں کوئی کتاب ہے؟
422025,COCO_val2014_000000422025.jpg,Is there a bottle in the image?,no,adversarial,bottle,کیا تصویر میں کوئی بوتل ہے؟
150224,COCO_val2014_000000150224.jpg,Is there a umbrella in the image?,yes,random,umbrella,کیا تصویر میں چھتری ہے؟
150224,COCO_val2014_000000150224.jpg,Is there a chair in the image?,yes,random,chair,کیا تصویر میں کرسی ہے؟
150224,COCO_val2014_000000150224.jpg,Is there a person in the image?,yes,random,person,کیا تصویر میں کوئی شخص ہے؟
150224,COCO_val2014_000000150224.jpg,Is there a parking meter in the image?,no,random,parking meter,کیا تصویر میں پارکنگ میٹر ہے؟
150224,COCO_val2014_000000150224.jpg,Is there a book in the image?,no,random,book,کیا تصویر میں کوئی کتاب ہے؟
150224,COCO_val2014_000000150224.jpg,Is there a suitcase in the image?,no,random,suitcase,کیا تصویر میں کوئی سوٹ کیس ہے؟
150224,COCO_val2014_000000150224.jpg,Is there a umbrella in the image?,yes,popular,umbrella,کیا تصویر میں چھتری ہے؟
150224,COCO_val2014_000000150224.jpg,Is there a backpack in the image?,yes,popular,backpack,کیا تصویر میں کوئی بیگ ہے؟
150224,COCO_val2014_000000150224.jpg,Is there a person in the image?,yes,popular,person,کیا تصویر میں کوئی شخص ہے؟
150224,COCO_val2014_000000150224.jpg,Is there a car in the image?,no,popular,car,کیا تصویر میں کوئی کار ہے؟
150224,COCO_val2014_000000150224.jpg,Is there a book in the image?,no,popular,book,کیا تصویر میں کوئی کتاب ہے؟
150224,COCO_val2014_000000150224.jpg,Is there a bottle in the image?,no,popular,bottle,کیا تصویر میں کوئی بوتل ہے؟
150224,COCO_val2014_000000150224.jpg,Is there a handbag in the image?,yes,adversarial,handbag,کیا تصویر میں ہینڈ بیگ ہے؟
150224,COCO_val2014_000000150224.jpg,Is there a umbrella in the image?,yes,adversarial,umbrella,کیا تصویر میں چھتری ہے؟
150224,COCO_val2014_000000150224.jpg,Is there a chair in the image?,yes,adversarial,chair,کیا تصویر میں کرسی ہے؟
150224,COCO_val2014_000000150224.jpg,Is there a car in the image?,no,adversarial,car,کیا تصویر میں کوئی کار ہے؟
150224,COCO_val2014_000000150224.jpg,Is there a book in the image?,no,adversarial,book,کیا تصویر میں کوئی کتاب ہے؟
150224,COCO_val2014_000000150224.jpg,Is there a bottle in the image?,no,adversarial,bottle,کیا تصویر میں کوئی بوتل ہے؟
3156,COCO_val2014_000000003156.jpg,Is there a person in the image?,yes,random,person,کیا تصویر میں کوئی شخص ہے؟
3156,COCO_val2014_000000003156.jpg,Is there a sink in the image?,yes,random,sink,کیا تصویر میں کوئی سنک ہے؟
3156,COCO_val2014_000000003156.jpg,Is there a toilet in the image?,yes,random,toilet,کیا تصویر میں بیت الخلا ہے؟
3156,COCO_val2014_000000003156.jpg,Is there a tie in the image?,no,random,tie,کیا تصویر میں ٹائی ہے؟
3156,COCO_val2014_000000003156.jpg,Is there a knife in the image?,no,random,knife,کیا تصویر میں چاقو ہے؟
3156,COCO_val2014_000000003156.jpg,Is there a bottle in the image?,no,random,bottle,کیا تصویر میں کوئی بوتل ہے؟
3156,COCO_val2014_000000003156.jpg,Is there a person in the image?,yes,popular,person,کیا تصویر میں کوئی شخص ہے؟
3156,COCO_val2014_000000003156.jpg,Is there a sink in the image?,yes,popular,sink,کیا تصویر میں کوئی سنک ہے؟
3156,COCO_val2014_000000003156.jpg,Is there a toilet in the image?,yes,popular,toilet,کیا تصویر میں بیت الخلا ہے؟
3156,COCO_val2014_000000003156.jpg,Is there a car in the image?,no,popular,car,کیا تصویر میں کوئی کار ہے؟
3156,COCO_val2014_000000003156.jpg,Is there a chair in the image?,no,popular,chair,کیا تصویر میں کرسی ہے؟
3156,COCO_val2014_000000003156.jpg,Is there a book in the image?,no,popular,book,کیا تصویر میں کوئی کتاب ہے؟
3156,COCO_val2014_000000003156.jpg,Is there a sink in the image?,yes,adversarial,sink,کیا تصویر میں کوئی سنک ہے؟
3156,COCO_val2014_000000003156.jpg,Is there a person in the image?,yes,adversarial,person,کیا تصویر میں کوئی شخص ہے؟
3156,COCO_val2014_000000003156.jpg,Is there a toilet in the image?,yes,adversarial,toilet,کیا تصویر میں بیت الخلا ہے؟
3156,COCO_val2014_000000003156.jpg,Is there a car in the image?,no,adversarial,car,کیا تصویر میں کوئی کار ہے؟
3156,COCO_val2014_000000003156.jpg,Is there a chair in the image?,no,adversarial,chair,کیا تصویر میں کرسی ہے؟
3156,COCO_val2014_000000003156.jpg,Is there a book in the image?,no,adversarial,book,کیا تصویر میں کوئی کتاب ہے؟
208793,COCO_val2014_000000208793.jpg,Is there a person in the image?,yes,random,person,کیا تصویر میں کوئی شخص ہے؟
208793,COCO_val2014_000000208793.jpg,Is there a chair in the image?,yes,random,chair,کیا تصویر میں کرسی ہے؟
208793,COCO_val2014_000000208793.jpg,Is there a sandwich in the image?,yes,random,sandwich,کیا تصویر میں کوئی سینڈوچ ہے؟
208793,COCO_val2014_000000208793.jpg,Is there a sports ball in the image?,no,random,sports ball,کیا تصویر میں کھیلوں کی گیند ہے؟
208793,COCO_val2014_000000208793.jpg,Is there a vase in the image?,no,random,vase,کیا تصویر میں گلدان ہے؟
208793,COCO_val2014_000000208793.jpg,Is there a knife in the image?,no,random,knife,کیا تصویر میں چاقو ہے؟
208793,COCO_val2014_000000208793.jpg,Is there a cell phone in the image?,yes,popular,cell phone,کیا تصویر میں سیل فون ہے؟
208793,COCO_val2014_000000208793.jpg,Is there a sandwich in the image?,yes,popular,sandwich,کیا تصویر میں کوئی سینڈوچ ہے؟
208793,COCO_val2014_000000208793.jpg,Is there a person in the image?,yes,popular,person,کیا تصویر میں کوئی شخص ہے؟
208793,COCO_val2014_000000208793.jpg,Is there a book in the image?,no,popular,book,کیا تصویر میں کوئی کتاب ہے؟
208793,COCO_val2014_000000208793.jpg,Is there a bottle in the image?,no,popular,bottle,کیا تصویر میں کوئی بوتل ہے؟
208793,COCO_val2014_000000208793.jpg,Is there a cup in the image?,no,popular,cup,کیا تصویر میں کپ ہے؟
208793,COCO_val2014_000000208793.jpg,Is there a chair in the image?,yes,adversarial,chair,کیا تصویر میں کرسی ہے؟
208793,COCO_val2014_000000208793.jpg,Is there a cell phone in the image?,yes,adversarial,cell phone,کیا تصویر میں سیل فون ہے؟
208793,COCO_val2014_000000208793.jpg,Is there a person in the image?,yes,adversarial,person,کیا تصویر میں کوئی شخص ہے؟
208793,COCO_val2014_000000208793.jpg,Is there a book in the image?,no,adversarial,book,کیا تصویر میں کوئی کتاب ہے؟
208793,COCO_val2014_000000208793.jpg,Is there a bottle in the image?,no,adversarial,bottle,کیا تصویر میں کوئی بوتل ہے؟
208793,COCO_val2014_000000208793.jpg,Is there a cup in the image?,no,adversarial,cup,کیا تصویر میں کپ ہے؟
327892,COCO_val2014_000000327892.jpg,Is there a cell phone in the image?,yes,random,cell phone,کیا تصویر میں سیل فون ہے؟
327892,COCO_val2014_000000327892.jpg,Is there a bottle in the image?,yes,random,bottle,کیا تصویر میں کوئی بوتل ہے؟
327892,COCO_val2014_000000327892.jpg,Is there a cup in the image?,yes,random,cup,کیا تصویر میں کپ ہے؟
327892,COCO_val2014_000000327892.jpg,Is there a tv in the image?,no,random,tv,کیا تصویر میں ٹی وی ہے؟
327892,COCO_val2014_000000327892.jpg,Is there a bench in the image?,no,random,bench,کیا تصویر میں کوئی بینچ ہے؟
327892,COCO_val2014_000000327892.jpg,Is there a mouse in the image?,no,random,mouse,کیا تصویر میں کوئی چوہا ہے؟
327892,COCO_val2014_000000327892.jpg,Is there a cell phone in the image?,yes,popular,cell phone,کیا تصویر میں سیل فون ہے؟
327892,COCO_val2014_000000327892.jpg,Is there a keyboard in the image?,yes,popular,keyboard,کیا تصویر میں کی بورڈ ہے؟
327892,COCO_val2014_000000327892.jpg,Is there a bottle in the image?,yes,popular,bottle,کیا تصویر میں کوئی بوتل ہے؟
327892,COCO_val2014_000000327892.jpg,Is there a car in the image?,no,popular,car,کیا تصویر میں کوئی کار ہے؟
327892,COCO_val2014_000000327892.jpg,Is there a chair in the image?,no,popular,chair,کیا تصویر میں کرسی ہے؟
327892,COCO_val2014_000000327892.jpg,Is there a book in the image?,no,popular,book,کیا تصویر میں کوئی کتاب ہے؟
327892,COCO_val2014_000000327892.jpg,Is there a cell phone in the image?,yes,adversarial,cell phone,کیا تصویر میں سیل فون ہے؟
327892,COCO_val2014_000000327892.jpg,Is there a cup in the image?,yes,adversarial,cup,کیا تصویر میں کپ ہے؟
327892,COCO_val2014_000000327892.jpg,Is there a person in the image?,yes,adversarial,person,کیا تصویر میں کوئی شخص ہے؟
327892,COCO_val2014_000000327892.jpg,Is there a car in the image?,no,adversarial,car,کیا تصویر میں کوئی کار ہے؟
327892,COCO_val2014_000000327892.jpg,Is there a chair in the image?,no,adversarial,chair,کیا تصویر میں کرسی ہے؟
327892,COCO_val2014_000000327892.jpg,Is there a book in the image?,no,adversarial,book,کیا تصویر میں کوئی کتاب ہے؟
99115,COCO_val2014_000000099115.jpg,Is there a bottle in the image?,yes,random,bottle,کیا تصویر میں کوئی بوتل ہے؟
99115,COCO_val2014_000000099115.jpg,Is there a cup in the image?,yes,random,cup,کیا تصویر میں کپ ہے؟
99115,COCO_val2014_000000099115.jpg,Is there a bowl in the image?,yes,random,bowl,کیا تصویر میں ایک پیالہ ہے؟
99115,COCO_val2014_000000099115.jpg,Is there a car in the image?,no,random,car,کیا تصویر میں کوئی کار ہے؟
99115,COCO_val2014_000000099115.jpg,Is there a kite in the image?,no,random,kite,کیا تصویر میں پتنگ ہے؟
99115,COCO_val2014_000000099115.jpg,Is there a scissors in the image?,no,random,scissors,کیا تصویر میں قینچی ہے؟
99115,COCO_val2014_000000099115.jpg,Is there a bottle in the image?,yes,popular,bottle,کیا تصویر میں کوئی بوتل ہے؟
99115,COCO_val2014_000000099115.jpg,Is there a bowl in the image?,yes,popular,bowl,کیا تصویر میں ایک پیالہ ہے؟
99115,COCO_val2014_000000099115.jpg,Is there a spoon in the image?,yes,popular,spoon,کیا تصویر میں چمچ ہے؟
99115,COCO_val2014_000000099115.jpg,Is there a person in the image?,no,popular,person,کیا تصویر میں کوئی شخص ہے؟
99115,COCO_val2014_000000099115.jpg,Is there a car in the image?,no,popular,car,کیا تصویر میں کوئی کار ہے؟
99115,COCO_val2014_000000099115.jpg,Is there a chair in the image?,no,popular,chair,کیا تصویر میں کرسی ہے؟
99115,COCO_val2014_000000099115.jpg,Is there a fork in the image?,yes,adversarial,fork,کیا تصویر میں کانٹا ہے؟
99115,COCO_val2014_000000099115.jpg,Is there a cup in the image?,yes,adversarial,cup,کیا تصویر میں کپ ہے؟
99115,COCO_val2014_000000099115.jpg,Is there a bottle in the image?,yes,adversarial,bottle,کیا تصویر میں کوئی بوتل ہے؟
99115,COCO_val2014_000000099115.jpg,Is there a person in the image?,no,adversarial,person,کیا تصویر میں کوئی شخص ہے؟
99115,COCO_val2014_000000099115.jpg,Is there a car in the image?,no,adversarial,car,کیا تصویر میں کوئی کار ہے؟
99115,COCO_val2014_000000099115.jpg,Is there a chair in the image?,no,adversarial,chair,کیا تصویر میں کرسی ہے؟
119516,COCO_val2014_000000119516.jpg,Is there a cell phone in the image?,yes,random,cell phone,کیا تصویر میں سیل فون ہے؟
119516,COCO_val2014_000000119516.jpg,Is there a person in the image?,yes,random,person,کیا تصویر میں کوئی شخص ہے؟
119516,COCO_val2014_000000119516.jpg,Is there a traffic light in the image?,yes,random,traffic light,کیا تصویر میں ٹریفک لائٹ ہے؟
119516,COCO_val2014_000000119516.jpg,Is there a hair drier in the image?,no,random,hair drier,کیا تصویر میں ہیئر ڈرائر ہے؟
119516,COCO_val2014_000000119516.jpg,Is there a skateboard in the image?,no,random,skateboard,کیا تصویر میں اسکیٹ بورڈ ہے؟
119516,COCO_val2014_000000119516.jpg,Is there a oven in the image?,no,random,oven,کیا تصویر میں تندور ہے؟
119516,COCO_val2014_000000119516.jpg,Is there a bicycle in the image?,yes,popular,bicycle,کیا تصویر میں کوئی سائیکل ہے؟
119516,COCO_val2014_000000119516.jpg,Is there a cell phone in the image?,yes,popular,cell phone,کیا تصویر میں سیل فون ہے؟
119516,COCO_val2014_000000119516.jpg,Is there a handbag in the image?,yes,popular,handbag,کیا تصویر میں ہینڈ بیگ ہے؟
119516,COCO_val2014_000000119516.jpg,Is there a car in the image?,no,popular,car,کیا تصویر میں کوئی کار ہے؟
119516,COCO_val2014_000000119516.jpg,Is there a chair in the image?,no,popular,chair,کیا تصویر میں کرسی ہے؟
119516,COCO_val2014_000000119516.jpg,Is there a book in the image?,no,popular,book,کیا تصویر میں کوئی کتاب ہے؟
119516,COCO_val2014_000000119516.jpg,Is there a traffic light in the image?,yes,adversarial,traffic light,کیا تصویر میں ٹریفک لائٹ ہے؟
119516,COCO_val2014_000000119516.jpg,Is there a handbag in the image?,yes,adversarial,handbag,کیا تصویر میں ہینڈ بیگ ہے؟
119516,COCO_val2014_000000119516.jpg,Is there a bicycle in the image?,yes,adversarial,bicycle,کیا تصویر میں کوئی سائیکل ہے؟
119516,COCO_val2014_000000119516.jpg,Is there a car in the image?,no,adversarial,car,کیا تصویر میں کوئی کار ہے؟
119516,COCO_val2014_000000119516.jpg,Is there a chair in the image?,no,adversarial,chair,کیا تصویر میں کرسی ہے؟
119516,COCO_val2014_000000119516.jpg,Is there a book in the image?,no,adversarial,book,کیا تصویر میں کوئی کتاب ہے؟
323576,COCO_val2014_000000323576.jpg,Is there a person in the image?,yes,random,person,کیا تصویر میں کوئی شخص ہے؟
323576,COCO_val2014_000000323576.jpg,Is there a chair in the image?,yes,random,chair,کیا تصویر میں کرسی ہے؟
323576,COCO_val2014_000000323576.jpg,Is there a umbrella in the image?,yes,random,umbrella,کیا تصویر میں چھتری ہے؟
323576,COCO_val2014_000000323576.jpg,Is there a sheep in the image?,no,random,sheep,کیا تصویر میں بھیڑ ہے؟
323576,COCO_val2014_000000323576.jpg,Is there a refrigerator in the image?,no,random,refrigerator,کیا تصویر میں ریفریجریٹر ہے؟
323576,COCO_val2014_000000323576.jpg,Is there a remote in the image?,no,random,remote,کیا تصویر میں کوئی ریموٹ ہے؟
323576,COCO_val2014_000000323576.jpg,Is there a person in the image?,yes,popular,person,کیا تصویر میں کوئی شخص ہے؟
323576,COCO_val2014_000000323576.jpg,Is there a umbrella in the image?,yes,popular,umbrella,کیا تصویر میں چھتری ہے؟
323576,COCO_val2014_000000323576.jpg,Is there a chair in the image?,yes,popular,chair,کیا تصویر میں کرسی ہے؟
323576,COCO_val2014_000000323576.jpg,Is there a car in the image?,no,popular,car,کیا تصویر میں کوئی کار ہے؟
323576,COCO_val2014_000000323576.jpg,Is there a book in the image?,no,popular,book,کیا تصویر میں کوئی کتاب ہے؟
323576,COCO_val2014_000000323576.jpg,Is there a bottle in the image?,no,popular,bottle,کیا تصویر میں کوئی بوتل ہے؟
323576,COCO_val2014_000000323576.jpg,Is there a person in the image?,yes,adversarial,person,کیا تصویر میں کوئی شخص ہے؟
323576,COCO_val2014_000000323576.jpg,Is there a umbrella in the image?,yes,adversarial,umbrella,کیا تصویر میں چھتری ہے؟
323576,COCO_val2014_000000323576.jpg,Is there a chair in the image?,yes,adversarial,chair,کیا تصویر میں کرسی ہے؟
323576,COCO_val2014_000000323576.jpg,Is there a car in the image?,no,adversarial,car,کیا تصویر میں کوئی کار ہے؟
323576,COCO_val2014_000000323576.jpg,Is there a book in the image?,no,adversarial,book,کیا تصویر میں کوئی کتاب ہے؟
323576,COCO_val2014_000000323576.jpg,Is there a bottle in the image?,no,adversarial,bottle,کیا تصویر میں کوئی بوتل ہے؟
215207,COCO_val2014_000000215207.jpg,Is there a cup in the image?,yes,random,cup,کیا تصویر میں کپ ہے؟
215207,COCO_val2014_000000215207.jpg,Is there a dining table in the image?,yes,random,dining table,کیا تصویر میں کھانے کی میز ہے؟
215207,COCO_val2014_000000215207.jpg,Is there a spoon in the image?,yes,random,spoon,کیا تصویر میں چمچ ہے؟
215207,COCO_val2014_000000215207.jpg,Is there a boat in the image?,no,random,boat,کیا تصویر میں کوئی کشتی ہے؟
215207,COCO_val2014_000000215207.jpg,Is there a cow in the image?,no,random,cow,کیا تصویر میں گائے ہے؟
215207,COCO_val2014_000000215207.jpg,Is there a bicycle in the image?,no,random,bicycle,کیا تصویر میں کوئی سائیکل ہے؟
215207,COCO_val2014_000000215207.jpg,Is there a dining table in the image?,yes,popular,dining table,کیا تصویر میں کھانے کی میز ہے؟
215207,COCO_val2014_000000215207.jpg,Is there a cup in the image?,yes,popular,cup,کیا تصویر میں کپ ہے؟
215207,COCO_val2014_000000215207.jpg,Is there a spoon in the image?,yes,popular,spoon,کیا تصویر میں چمچ ہے؟
215207,COCO_val2014_000000215207.jpg,Is there a person in the image?,no,popular,person,کیا تصویر میں کوئی شخص ہے؟
215207,COCO_val2014_000000215207.jpg,Is there a car in the image?,no,popular,car,کیا تصویر میں کوئی کار ہے؟
215207,COCO_val2014_000000215207.jpg,Is there a chair in the image?,no,popular,chair,کیا تصویر میں کرسی ہے؟
215207,COCO_val2014_000000215207.jpg,Is there a dining table in the image?,yes,adversarial,dining table,کیا تصویر میں کھانے کی میز ہے؟
215207,COCO_val2014_000000215207.jpg,Is there a cup in the image?,yes,adversarial,cup,کیا تصویر میں کپ ہے؟
215207,COCO_val2014_000000215207.jpg,Is there a spoon in the image?,yes,adversarial,spoon,کیا تصویر میں چمچ ہے؟
215207,COCO_val2014_000000215207.jpg,Is there a person in the image?,no,adversarial,person,کیا تصویر میں کوئی شخص ہے؟
215207,COCO_val2014_000000215207.jpg,Is there a car in the image?,no,adversarial,car,کیا تصویر میں کوئی کار ہے؟
215207,COCO_val2014_000000215207.jpg,Is there a chair in the image?,no,adversarial,chair,کیا تصویر میں کرسی ہے؟
133964,COCO_val2014_000000133964.jpg,Is there a boat in the image?,yes,random,boat,کیا تصویر میں کوئی کشتی ہے؟
133964,COCO_val2014_000000133964.jpg,Is there a bird in the image?,yes,random,bird,کیا تصویر میں کوئی پرندہ ہے؟
133964,COCO_val2014_000000133964.jpg,Is there a person in the image?,yes,random,person,کیا تصویر میں کوئی شخص ہے؟
133964,COCO_val2014_000000133964.jpg,Is there a car in the image?,no,random,car,کیا تصویر میں کوئی کار ہے؟
133964,COCO_val2014_000000133964.jpg,Is there a motorcycle in the image?,no,random,motorcycle,کیا تصویر میں کوئی موٹر سائیکل ہے؟
133964,COCO_val2014_000000133964.jpg,Is there a toaster in the image?,no,random,toaster,کیا تصویر میں ٹوسٹر ہے؟
133964,COCO_val2014_000000133964.jpg,Is there a bird in the image?,yes,popular,bird,کیا تصویر میں کوئی پرندہ ہے؟
133964,COCO_val2014_000000133964.jpg,Is there a person in the image?,yes,popular,person,کیا تصویر میں کوئی شخص ہے؟
133964,COCO_val2014_000000133964.jpg,Is there a boat in the image?,yes,popular,boat,کیا تصویر میں کوئی کشتی ہے؟
133964,COCO_val2014_000000133964.jpg,Is there a car in the image?,no,popular,car,کیا تصویر میں کوئی کار ہے؟
133964,COCO_val2014_000000133964.jpg,Is there a chair in the image?,no,popular,chair,کیا تصویر میں کرسی ہے؟
133964,COCO_val2014_000000133964.jpg,Is there a book in the image?,no,popular,book,کیا تصویر میں کوئی کتاب ہے؟
133964,COCO_val2014_000000133964.jpg,Is there a boat in the image?,yes,adversarial,boat,کیا تصویر میں کوئی کشتی ہے؟
133964,COCO_val2014_000000133964.jpg,Is there a person in the image?,yes,adversarial,person,کیا تصویر میں کوئی شخص ہے؟
133964,COCO_val2014_000000133964.jpg,Is there a bird in the image?,yes,adversarial,bird,کیا تصویر میں کوئی پرندہ ہے؟
133964,COCO_val2014_000000133964.jpg,Is there a car in the image?,no,adversarial,car,کیا تصویر میں کوئی کار ہے؟
133964,COCO_val2014_000000133964.jpg,Is there a chair in the image?,no,adversarial,chair,کیا تصویر میں کرسی ہے؟
133964,COCO_val2014_000000133964.jpg,Is there a book in the image?,no,adversarial,book,کیا تصویر میں کوئی کتاب ہے؟
520862,COCO_val2014_000000520862.jpg,Is there a dining table in the image?,yes,random,dining table,کیا تصویر میں کھانے کی میز ہے؟
520862,COCO_val2014_000000520862.jpg,Is there a chair in the image?,yes,random,chair,کیا تصویر میں کرسی ہے؟
520862,COCO_val2014_000000520862.jpg,Is there a book in the image?,yes,random,book,کیا تصویر میں کوئی کتاب ہے؟
520862,COCO_val2014_000000520862.jpg,Is there a skis in the image?,no,random,skis,کیا تصویر میں کوئی سکی ہے؟
520862,COCO_val2014_000000520862.jpg,Is there a backpack in the image?,no,random,backpack,کیا تصویر میں کوئی بیگ ہے؟
520862,COCO_val2014_000000520862.jpg,Is there a refrigerator in the image?,no,random,refrigerator,کیا تصویر میں ریفریجریٹر ہے؟
520862,COCO_val2014_000000520862.jpg,Is there a carrot in the image?,yes,popular,carrot,کیا تصویر میں گاجر ہے؟
520862,COCO_val2014_000000520862.jpg,Is there a chair in the image?,yes,popular,chair,کیا تصویر میں کرسی ہے؟
520862,COCO_val2014_000000520862.jpg,Is there a cup in the image?,yes,popular,cup,کیا تصویر میں کپ ہے؟
520862,COCO_val2014_000000520862.jpg,Is there a person in the image?,no,popular,person,کیا تصویر میں کوئی شخص ہے؟
520862,COCO_val2014_000000520862.jpg,Is there a car in the image?,no,popular,car,کیا تصویر میں کوئی کار ہے؟
520862,COCO_val2014_000000520862.jpg,Is there a bottle in the image?,no,popular,bottle,کیا تصویر میں کوئی بوتل ہے؟
520862,COCO_val2014_000000520862.jpg,Is there a tv in the image?,yes,adversarial,tv,کیا تصویر میں ٹی وی ہے؟
520862,COCO_val2014_000000520862.jpg,Is there a dining table in the image?,yes,adversarial,dining table,کیا تصویر میں کھانے کی میز ہے؟
520862,COCO_val2014_000000520862.jpg,Is there a carrot in the image?,yes,adversarial,carrot,کیا تصویر میں گاجر ہے؟
520862,COCO_val2014_000000520862.jpg,Is there a person in the image?,no,adversarial,person,کیا تصویر میں کوئی شخص ہے؟
520862,COCO_val2014_000000520862.jpg,Is there a car in the image?,no,adversarial,car,کیا تصویر میں کوئی کار ہے؟
520862,COCO_val2014_000000520862.jpg,Is there a bottle in the image?,no,adversarial,bottle,کیا تصویر میں کوئی بوتل ہے؟
1803,COCO_val2014_000000001803.jpg,Is there a toilet in the image?,yes,random,toilet,کیا تصویر میں بیت الخلا ہے؟
1803,COCO_val2014_000000001803.jpg,Is there a bowl in the image?,yes,random,bowl,کیا تصویر میں ایک پیالہ ہے؟
1803,COCO_val2014_000000001803.jpg,Is there a sink in the image?,yes,random,sink,کیا تصویر میں کوئی سنک ہے؟
1803,COCO_val2014_000000001803.jpg,Is there a suitcase in the image?,no,random,suitcase,کیا تصویر میں کوئی سوٹ کیس ہے؟
1803,COCO_val2014_000000001803.jpg,Is there a tennis racket in the image?,no,random,tennis racket,کیا تصویر میں ٹینس ریکیٹ ہے؟
1803,COCO_val2014_000000001803.jpg,Is there a fire hydrant in the image?,no,random,fire hydrant,کیا تصویر میں فائر ہائیڈرنٹ ہے؟
1803,COCO_val2014_000000001803.jpg,Is there a bowl in the image?,yes,popular,bowl,کیا تصویر میں ایک پیالہ ہے؟
1803,COCO_val2014_000000001803.jpg,Is there a sink in the image?,yes,popular,sink,کیا تصویر میں کوئی سنک ہے؟
1803,COCO_val2014_000000001803.jpg,Is there a toilet in the image?,yes,popular,toilet,کیا تصویر میں بیت الخلا ہے؟
1803,COCO_val2014_000000001803.jpg,Is there a person in the image?,no,popular,person,کیا تصویر میں کوئی شخص ہے؟
1803,COCO_val2014_000000001803.jpg,Is there a car in the image?,no,popular,car,کیا تصویر میں کوئی کار ہے؟
1803,COCO_val2014_000000001803.jpg,Is there a chair in the image?,no,popular,chair,کیا تصویر میں کرسی ہے؟
1803,COCO_val2014_000000001803.jpg,Is there a toilet in the image?,yes,adversarial,toilet,کیا تصویر میں بیت الخلا ہے؟
1803,COCO_val2014_000000001803.jpg,Is there a bowl in the image?,yes,adversarial,bowl,کیا تصویر میں ایک پیالہ ہے؟
1803,COCO_val2014_000000001803.jpg,Is there a sink in the image?,yes,adversarial,sink,کیا تصویر میں کوئی سنک ہے؟
1803,COCO_val2014_000000001803.jpg,Is there a person in the image?,no,adversarial,person,کیا تصویر میں کوئی شخص ہے؟
1803,COCO_val2014_000000001803.jpg,Is there a car in the image?,no,adversarial,car,کیا تصویر میں کوئی کار ہے؟
1803,COCO_val2014_000000001803.jpg,Is there a chair in the image?,no,adversarial,chair,کیا تصویر میں کرسی ہے؟
8718,COCO_val2014_000000008718.jpg,Is there a bowl in the image?,yes,random,bowl,کیا تصویر میں ایک پیالہ ہے؟
8718,COCO_val2014_000000008718.jpg,Is there a spoon in the image?,yes,random,spoon,کیا تصویر میں چمچ ہے؟
8718,COCO_val2014_000000008718.jpg,Is there a dining table in the image?,yes,random,dining table,کیا تصویر میں کھانے کی میز ہے؟
8718,COCO_val2014_000000008718.jpg,Is there a bicycle in the image?,no,random,bicycle,کیا تصویر میں کوئی سائیکل ہے؟
8718,COCO_val2014_000000008718.jpg,Is there a bear in the image?,no,random,bear,کیا تصویر میں ریچھ ہے؟
8718,COCO_val2014_000000008718.jpg,Is there a fire hydrant in the image?,no,random,fire hydrant,کیا تصویر میں فائر ہائیڈرنٹ ہے؟
8718,COCO_val2014_000000008718.jpg,Is there a spoon in the image?,yes,popular,spoon,کیا تصویر میں چمچ ہے؟
8718,COCO_val2014_000000008718.jpg,Is there a bowl in the image?,yes,popular,bowl,کیا تصویر میں ایک پیالہ ہے؟
8718,COCO_val2014_000000008718.jpg,Is there a cup in the image?,yes,popular,cup,کیا تصویر میں کپ ہے؟
8718,COCO_val2014_000000008718.jpg,Is there a person in the image?,no,popular,person,کیا تصویر میں کوئی شخص ہے؟
8718,COCO_val2014_000000008718.jpg,Is there a car in the image?,no,popular,car,کیا تصویر میں کوئی کار ہے؟
8718,COCO_val2014_000000008718.jpg,Is there a chair in the image?,no,popular,chair,کیا تصویر میں کرسی ہے؟
8718,COCO_val2014_000000008718.jpg,Is there a cup in the image?,yes,adversarial,cup,کیا تصویر میں کپ ہے؟
8718,COCO_val2014_000000008718.jpg,Is there a dining table in the image?,yes,adversarial,dining table,کیا تصویر میں کھانے کی میز ہے؟
8718,COCO_val2014_000000008718.jpg,Is there a bowl in the image?,yes,adversarial,bowl,کیا تصویر میں ایک پیالہ ہے؟
8718,COCO_val2014_000000008718.jpg,Is there a person in the image?,no,adversarial,person,کیا تصویر میں کوئی شخص ہے؟
8718,COCO_val2014_000000008718.jpg,Is there a car in the image?,no,adversarial,car,کیا تصویر میں کوئی کار ہے؟
8718,COCO_val2014_000000008718.jpg,Is there a chair in the image?,no,adversarial,chair,کیا تصویر میں کرسی ہے؟
95583,COCO_val2014_000000095583.jpg,Is there a person in the image?,yes,random,person,کیا تصویر میں کوئی شخص ہے؟
95583,COCO_val2014_000000095583.jpg,Is there a umbrella in the image?,yes,random,umbrella,کیا تصویر میں چھتری ہے؟
95583,COCO_val2014_000000095583.jpg,Is there a book in the image?,yes,random,book,کیا تصویر میں کوئی کتاب ہے؟
95583,COCO_val2014_000000095583.jpg,Is there a vase in the image?,no,random,vase,کیا تصویر میں گلدان ہے؟
95583,COCO_val2014_000000095583.jpg,Is there a tv in the image?,no,random,tv,کیا تصویر میں ٹی وی ہے؟
95583,COCO_val2014_000000095583.jpg,Is there a skateboard in the image?,no,random,skateboard,کیا تصویر میں اسکیٹ بورڈ ہے؟
95583,COCO_val2014_000000095583.jpg,Is there a person in the image?,yes,popular,person,کیا تصویر میں کوئی شخص ہے؟
95583,COCO_val2014_000000095583.jpg,Is there a umbrella in the image?,yes,popular,umbrella,کیا تصویر میں چھتری ہے؟
95583,COCO_val2014_000000095583.jpg,Is there a book in the image?,yes,popular,book,کیا تصویر میں کوئی کتاب ہے؟
95583,COCO_val2014_000000095583.jpg,Is there a car in the image?,no,popular,car,کیا تصویر میں کوئی کار ہے؟
95583,COCO_val2014_000000095583.jpg,Is there a chair in the image?,no,popular,chair,کیا تصویر میں کرسی ہے؟
95583,COCO_val2014_000000095583.jpg,Is there a bottle in the image?,no,popular,bottle,کیا تصویر میں کوئی بوتل ہے؟
95583,COCO_val2014_000000095583.jpg,Is there a umbrella in the image?,yes,adversarial,umbrella,کیا تصویر میں چھتری ہے؟
95583,COCO_val2014_000000095583.jpg,Is there a person in the image?,yes,adversarial,person,کیا تصویر میں کوئی شخص ہے؟
95583,COCO_val2014_000000095583.jpg,Is there a book in the image?,yes,adversarial,book,کیا تصویر میں کوئی کتاب ہے؟
95583,COCO_val2014_000000095583.jpg,Is there a car in the image?,no,adversarial,car,کیا تصویر میں کوئی کار ہے؟
95583,COCO_val2014_000000095583.jpg,Is there a chair in the image?,no,adversarial,chair,کیا تصویر میں کرسی ہے؟
95583,COCO_val2014_000000095583.jpg,Is there a bottle in the image?,no,adversarial,bottle,کیا تصویر میں کوئی بوتل ہے؟
346940,COCO_val2014_000000346940.jpg,Is there a knife in the image?,yes,random,knife,کیا تصویر میں چاقو ہے؟
346940,COCO_val2014_000000346940.jpg,Is there a oven in the image?,yes,random,oven,کیا تصویر میں تندور ہے؟
346940,COCO_val2014_000000346940.jpg,Is there a bowl in the image?,yes,random,bowl,کیا تصویر میں ایک پیالہ ہے؟
346940,COCO_val2014_000000346940.jpg,Is there a hair drier in the image?,no,random,hair drier,کیا تصویر میں ہیئر ڈرائر ہے؟
346940,COCO_val2014_000000346940.jpg,Is there a sheep in the image?,no,random,sheep,کیا تصویر میں بھیڑ ہے؟
346940,COCO_val2014_000000346940.jpg,Is there a hot dog in the image?,no,random,hot dog,کیا تصویر میں کوئی ہاٹ ڈاگ ہے؟
346940,COCO_val2014_000000346940.jpg,Is there a oven in the image?,yes,popular,oven,کیا تصویر میں تندور ہے؟
346940,COCO_val2014_000000346940.jpg,Is there a knife in the image?,yes,popular,knife,کیا تصویر میں چاقو ہے؟
346940,COCO_val2014_000000346940.jpg,Is there a bowl in the image?,yes,popular,bowl,کیا تصویر میں ایک پیالہ ہے؟
346940,COCO_val2014_000000346940.jpg,Is there a person in the image?,no,popular,person,کیا تصویر میں کوئی شخص ہے؟
346940,COCO_val2014_000000346940.jpg,Is there a car in the image?,no,popular,car,کیا تصویر میں کوئی کار ہے؟
346940,COCO_val2014_000000346940.jpg,Is there a chair in the image?,no,popular,chair,کیا تصویر میں کرسی ہے؟
346940,COCO_val2014_000000346940.jpg,Is there a bowl in the image?,yes,adversarial,bowl,کیا تصویر میں ایک پیالہ ہے؟
346940,COCO_val2014_000000346940.jpg,Is there a oven in the image?,yes,adversarial,oven,کیا تصویر میں تندور ہے؟
346940,COCO_val2014_000000346940.jpg,Is there a knife in the image?,yes,adversarial,knife,کیا تصویر میں چاقو ہے؟
346940,COCO_val2014_000000346940.jpg,Is there a person in the image?,no,adversarial,person,کیا تصویر میں کوئی شخص ہے؟
346940,COCO_val2014_000000346940.jpg,Is there a car in the image?,no,adversarial,car,کیا تصویر میں کوئی کار ہے؟
346940,COCO_val2014_000000346940.jpg,Is there a chair in the image?,no,adversarial,chair,کیا تصویر میں کرسی ہے؟
145025,COCO_val2014_000000145025.jpg,Is there a backpack in the image?,yes,random,backpack,کیا تصویر میں کوئی بیگ ہے؟
145025,COCO_val2014_000000145025.jpg,Is there a bicycle in the image?,yes,random,bicycle,کیا تصویر میں کوئی سائیکل ہے؟
145025,COCO_val2014_000000145025.jpg,Is there a person in the image?,yes,random,person,کیا تصویر میں کوئی شخص ہے؟
145025,COCO_val2014_000000145025.jpg,Is there a cow in the image?,no,random,cow,کیا تصویر میں گائے ہے؟
145025,COCO_val2014_000000145025.jpg,Is there a parking meter in the image?,no,random,parking meter,کیا تصویر میں پارکنگ میٹر ہے؟
145025,COCO_val2014_000000145025.jpg,Is there a cell phone in the image?,no,random,cell phone,کیا تصویر میں سیل فون ہے؟
145025,COCO_val2014_000000145025.jpg,Is there a backpack in the image?,yes,popular,backpack,کیا تصویر میں کوئی بیگ ہے؟
145025,COCO_val2014_000000145025.jpg,Is there a bicycle in the image?,yes,popular,bicycle,کیا تصویر میں کوئی سائیکل ہے؟
145025,COCO_val2014_000000145025.jpg,Is there a person in the image?,yes,popular,person,کیا تصویر میں کوئی شخص ہے؟
145025,COCO_val2014_000000145025.jpg,Is there a car in the image?,no,popular,car,کیا تصویر میں کوئی کار ہے؟
145025,COCO_val2014_000000145025.jpg,Is there a chair in the image?,no,popular,chair,کیا تصویر میں کرسی ہے؟
145025,COCO_val2014_000000145025.jpg,Is there a book in the image?,no,popular,book,کیا تصویر میں کوئی کتاب ہے؟
145025,COCO_val2014_000000145025.jpg,Is there a person in the image?,yes,adversarial,person,کیا تصویر میں کوئی شخص ہے؟
145025,COCO_val2014_000000145025.jpg,Is there a bicycle in the image?,yes,adversarial,bicycle,کیا تصویر میں کوئی سائیکل ہے؟
145025,COCO_val2014_000000145025.jpg,Is there a backpack in the image?,yes,adversarial,backpack,کیا تصویر میں کوئی بیگ ہے؟
145025,COCO_val2014_000000145025.jpg,Is there a car in the image?,no,adversarial,car,کیا تصویر میں کوئی کار ہے؟
145025,COCO_val2014_000000145025.jpg,Is there a chair in the image?,no,adversarial,chair,کیا تصویر میں کرسی ہے؟
145025,COCO_val2014_000000145025.jpg,Is there a book in the image?,no,adversarial,book,کیا تصویر میں کوئی کتاب ہے؟
441861,COCO_val2014_000000441861.jpg,Is there a person in the image?,yes,random,person,کیا تصویر میں کوئی شخص ہے؟
441861,COCO_val2014_000000441861.jpg,Is there a bench in the image?,yes,random,bench,کیا تصویر میں کوئی بینچ ہے؟
441861,COCO_val2014_000000441861.jpg,Is there a sports ball in the image?,yes,random,sports ball,کیا تصویر میں کھیلوں کی گیند ہے؟
441861,COCO_val2014_000000441861.jpg,Is there a spoon in the image?,no,random,spoon,کیا تصویر میں چمچ ہے؟
441861,COCO_val2014_000000441861.jpg,Is there a airplane in the image?,no,random,airplane,کیا تصویر میں ہوائی جہاز ہے؟
441861,COCO_val2014_000000441861.jpg,Is there a surfboard in the image?,no,random,surfboard,کیا تصویر میں کوئی سرف بورڈ ہے؟
441861,COCO_val2014_000000441861.jpg,Is there a bench in the image?,yes,popular,bench,کیا تصویر میں کوئی بینچ ہے؟
441861,COCO_val2014_000000441861.jpg,Is there a sports ball in the image?,yes,popular,sports ball,کیا تصویر میں کھیلوں کی گیند ہے؟
441861,COCO_val2014_000000441861.jpg,Is there a person in the image?,yes,popular,person,کیا تصویر میں کوئی شخص ہے؟
441861,COCO_val2014_000000441861.jpg,Is there a car in the image?,no,popular,car,کیا تصویر میں کوئی کار ہے؟
441861,COCO_val2014_000000441861.jpg,Is there a chair in the image?,no,popular,chair,کیا تصویر میں کرسی ہے؟
441861,COCO_val2014_000000441861.jpg,Is there a book in the image?,no,popular,book,کیا تصویر میں کوئی کتاب ہے؟
441861,COCO_val2014_000000441861.jpg,Is there a bench in the image?,yes,adversarial,bench,کیا تصویر میں کوئی بینچ ہے؟
441861,COCO_val2014_000000441861.jpg,Is there a sports ball in the image?,yes,adversarial,sports ball,کیا تصویر میں کھیلوں کی گیند ہے؟
441861,COCO_val2014_000000441861.jpg,Is there a person in the image?,yes,adversarial,person,کیا تصویر میں کوئی شخص ہے؟
441861,COCO_val2014_000000441861.jpg,Is there a car in the image?,no,adversarial,car,کیا تصویر میں کوئی کار ہے؟
441861,COCO_val2014_000000441861.jpg,Is there a chair in the image?,no,adversarial,chair,کیا تصویر میں کرسی ہے؟
441861,COCO_val2014_000000441861.jpg,Is there a book in the image?,no,adversarial,book,کیا تصویر میں کوئی کتاب ہے؟
255401,COCO_val2014_000000255401.jpg,Is there a sink in the image?,yes,random,sink,کیا تصویر میں کوئی سنک ہے؟
255401,COCO_val2014_000000255401.jpg,Is there a toilet in the image?,yes,random,toilet,کیا تصویر میں بیت الخلا ہے؟
255401,COCO_val2014_000000255401.jpg,Is there a bottle in the image?,yes,random,bottle,کیا تصویر میں کوئی بوتل ہے؟
255401,COCO_val2014_000000255401.jpg,Is there a surfboard in the image?,no,random,surfboard,کیا تصویر میں کوئی سرف بورڈ ہے؟
255401,COCO_val2014_000000255401.jpg,Is there a snowboard in the image?,no,random,snowboard,کیا تصویر میں سنو بورڈ ہے؟
255401,COCO_val2014_000000255401.jpg,Is there a traffic light in the image?,no,random,traffic light,کیا تصویر میں ٹریفک لائٹ ہے؟
255401,COCO_val2014_000000255401.jpg,Is there a sink in the image?,yes,popular,sink,کیا تصویر میں کوئی سنک ہے؟
255401,COCO_val2014_000000255401.jpg,Is there a toilet in the image?,yes,popular,toilet,کیا تصویر میں بیت الخلا ہے؟
255401,COCO_val2014_000000255401.jpg,Is there a bottle in the image?,yes,popular,bottle,کیا تصویر میں کوئی بوتل ہے؟
255401,COCO_val2014_000000255401.jpg,Is there a person in the image?,no,popular,person,کیا تصویر میں کوئی شخص ہے؟
255401,COCO_val2014_000000255401.jpg,Is there a car in the image?,no,popular,car,کیا تصویر میں کوئی کار ہے؟
255401,COCO_val2014_000000255401.jpg,Is there a chair in the image?,no,popular,chair,کیا تصویر میں کرسی ہے؟
255401,COCO_val2014_000000255401.jpg,Is there a toilet in the image?,yes,adversarial,toilet,کیا تصویر میں بیت الخلا ہے؟
255401,COCO_val2014_000000255401.jpg,Is there a sink in the image?,yes,adversarial,sink,کیا تصویر میں کوئی سنک ہے؟
255401,COCO_val2014_000000255401.jpg,Is there a bottle in the image?,yes,adversarial,bottle,کیا تصویر میں کوئی بوتل ہے؟
255401,COCO_val2014_000000255401.jpg,Is there a person in the image?,no,adversarial,person,کیا تصویر میں کوئی شخص ہے؟
255401,COCO_val2014_000000255401.jpg,Is there a car in the image?,no,adversarial,car,کیا تصویر میں کوئی کار ہے؟
255401,COCO_val2014_000000255401.jpg,Is there a chair in the image?,no,adversarial,chair,کیا تصویر میں کرسی ہے؟
297522,COCO_val2014_000000297522.jpg,Is there a baseball glove in the image?,yes,random,baseball glove,کیا تصویر میں بیس بال کا دستانہ ہے؟
297522,COCO_val2014_000000297522.jpg,Is there a baseball bat in the image?,yes,random,baseball bat,کیا تصویر میں بیس بال کا بیٹ ہے؟
297522,COCO_val2014_000000297522.jpg,Is there a person in the image?,yes,random,person,کیا تصویر میں کوئی شخص ہے؟
297522,COCO_val2014_000000297522.jpg,Is there a parking meter in the image?,no,random,parking meter,کیا تصویر میں پارکنگ میٹر ہے؟
297522,COCO_val2014_000000297522.jpg,Is there a bicycle in the image?,no,random,bicycle,کیا تصویر میں کوئی سائیکل ہے؟
297522,COCO_val2014_000000297522.jpg,Is there a fork in the image?,no,random,fork,کیا تصویر میں کانٹا ہے؟
297522,COCO_val2014_000000297522.jpg,Is there a baseball glove in the image?,yes,popular,baseball glove,کیا تصویر میں بیس بال کا دستانہ ہے؟
297522,COCO_val2014_000000297522.jpg,Is there a baseball bat in the image?,yes,popular,baseball bat,کیا تصویر میں بیس بال کا بیٹ ہے؟
297522,COCO_val2014_000000297522.jpg,Is there a person in the image?,yes,popular,person,کیا تصویر میں کوئی شخص ہے؟
297522,COCO_val2014_000000297522.jpg,Is there a car in the image?,no,popular,car,کیا تصویر میں کوئی کار ہے؟
297522,COCO_val2014_000000297522.jpg,Is there a chair in the image?,no,popular,chair,کیا تصویر میں کرسی ہے؟
297522,COCO_val2014_000000297522.jpg,Is there a book in the image?,no,popular,book,کیا تصویر میں کوئی کتاب ہے؟
297522,COCO_val2014_000000297522.jpg,Is there a person in the image?,yes,adversarial,person,کیا تصویر میں کوئی شخص ہے؟
297522,COCO_val2014_000000297522.jpg,Is there a baseball bat in the image?,yes,adversarial,baseball bat,کیا تصویر میں بیس بال کا بیٹ ہے؟
297522,COCO_val2014_000000297522.jpg,Is there a baseball glove in the image?,yes,adversarial,baseball glove,کیا تصویر میں بیس بال کا دستانہ ہے؟
297522,COCO_val2014_000000297522.jpg,Is there a car in the image?,no,adversarial,car,کیا تصویر میں کوئی کار ہے؟
297522,COCO_val2014_000000297522.jpg,Is there a chair in the image?,no,adversarial,chair,کیا تصویر میں کرسی ہے؟
297522,COCO_val2014_000000297522.jpg,Is there a book in the image?,no,adversarial,book,کیا تصویر میں کوئی کتاب ہے؟
466901,COCO_val2014_000000466901.jpg,Is there a tie in the image?,yes,random,tie,کیا تصویر میں ٹائی ہے؟
466901,COCO_val2014_000000466901.jpg,Is there a person in the image?,yes,random,person,کیا تصویر میں کوئی شخص ہے؟
466901,COCO_val2014_000000466901.jpg,Is there a handbag in the image?,yes,random,handbag,کیا تصویر میں ہینڈ بیگ ہے؟
466901,COCO_val2014_000000466901.jpg,Is there a clock in the image?,no,random,clock,کیا تصویر میں کوئی گھڑی ہے؟
466901,COCO_val2014_000000466901.jpg,Is there a microwave in the image?,no,random,microwave,کیا تصویر میں مائکروویو ہے؟
466901,COCO_val2014_000000466901.jpg,Is there a cake in the image?,no,random,cake,کیا تصویر میں کیک ہے؟
466901,COCO_val2014_000000466901.jpg,Is there a tie in the image?,yes,popular,tie,کیا تصویر میں ٹائی ہے؟
466901,COCO_val2014_000000466901.jpg,Is there a handbag in the image?,yes,popular,handbag,کیا تصویر میں ہینڈ بیگ ہے؟
466901,COCO_val2014_000000466901.jpg,Is there a person in the image?,yes,popular,person,کیا تصویر میں کوئی شخص ہے؟
466901,COCO_val2014_000000466901.jpg,Is there a car in the image?,no,popular,car,کیا تصویر میں کوئی کار ہے؟
466901,COCO_val2014_000000466901.jpg,Is there a chair in the image?,no,popular,chair,کیا تصویر میں کرسی ہے؟
466901,COCO_val2014_000000466901.jpg,Is there a book in the image?,no,popular,book,کیا تصویر میں کوئی کتاب ہے؟
466901,COCO_val2014_000000466901.jpg,Is there a person in the image?,yes,adversarial,person,کیا تصویر میں کوئی شخص ہے؟
466901,COCO_val2014_000000466901.jpg,Is there a tie in the image?,yes,adversarial,tie,کیا تصویر میں ٹائی ہے؟
466901,COCO_val2014_000000466901.jpg,Is there a handbag in the image?,yes,adversarial,handbag,کیا تصویر میں ہینڈ بیگ ہے؟
466901,COCO_val2014_000000466901.jpg,Is there a car in the image?,no,adversarial,car,کیا تصویر میں کوئی کار ہے؟
466901,COCO_val2014_000000466901.jpg,Is there a chair in the image?,no,adversarial,chair,کیا تصویر میں کرسی ہے؟
466901,COCO_val2014_000000466901.jpg,Is there a book in the image?,no,adversarial,book,کیا تصویر میں کوئی کتاب ہے؟
54329,COCO_val2014_000000054329.jpg,Is there a baseball glove in the image?,yes,random,baseball glove,کیا تصویر میں بیس بال کا دستانہ ہے؟
54329,COCO_val2014_000000054329.jpg,Is there a person in the image?,yes,random,person,کیا تصویر میں کوئی شخص ہے؟
54329,COCO_val2014_000000054329.jpg,Is there a sports ball in the image?,yes,random,sports ball,کیا تصویر میں کھیلوں کی گیند ہے؟
54329,COCO_val2014_000000054329.jpg,Is there a cake in the image?,no,random,cake,کیا تصویر میں کیک ہے؟
54329,COCO_val2014_000000054329.jpg,Is there a hot dog in the image?,no,random,hot dog,کیا تصویر میں کوئی ہاٹ ڈاگ ہے؟
54329,COCO_val2014_000000054329.jpg,Is there a stop sign in the image?,no,random,stop sign,کیا تصویر میں سٹاپ کا نشان ہے؟
54329,COCO_val2014_000000054329.jpg,Is there a sports ball in the image?,yes,popular,sports ball,کیا تصویر میں کھیلوں کی گیند ہے؟
54329,COCO_val2014_000000054329.jpg,Is there a person in the image?,yes,popular,person,کیا تصویر میں کوئی شخص ہے؟
54329,COCO_val2014_000000054329.jpg,Is there a baseball glove in the image?,yes,popular,baseball glove,کیا تصویر میں بیس بال کا دستانہ ہے؟
54329,COCO_val2014_000000054329.jpg,Is there a car in the image?,no,popular,car,کیا تصویر میں کوئی کار ہے؟
54329,COCO_val2014_000000054329.jpg,Is there a chair in the image?,no,popular,chair,کیا تصویر میں کرسی ہے؟
54329,COCO_val2014_000000054329.jpg,Is there a book in the image?,no,popular,book,کیا تصویر میں کوئی کتاب ہے؟
54329,COCO_val2014_000000054329.jpg,Is there a sports ball in the image?,yes,adversarial,sports ball,کیا تصویر میں کھیلوں کی گیند ہے؟
54329,COCO_val2014_000000054329.jpg,Is there a baseball glove in the image?,yes,adversarial,baseball glove,کیا تصویر میں بیس بال کا دستانہ ہے؟
54329,COCO_val2014_000000054329.jpg,Is there a person in the image?,yes,adversarial,person,کیا تصویر میں کوئی شخص ہے؟
54329,COCO_val2014_000000054329.jpg,Is there a car in the image?,no,adversarial,car,کیا تصویر میں کوئی کار ہے؟
54329,COCO_val2014_000000054329.jpg,Is there a chair in the image?,no,adversarial,chair,کیا تصویر میں کرسی ہے؟
54329,COCO_val2014_000000054329.jpg,Is there a book in the image?,no,adversarial,book,کیا تصویر میں کوئی کتاب ہے؟
477435,COCO_val2014_000000477435.jpg,Is there a person in the image?,yes,random,person,کیا تصویر میں کوئی شخص ہے؟
477435,COCO_val2014_000000477435.jpg,Is there a clock in the image?,yes,random,clock,کیا تصویر میں کوئی گھڑی ہے؟
477435,COCO_val2014_000000477435.jpg,Is there a bicycle in the image?,yes,random,bicycle,کیا تصویر میں کوئی سائیکل ہے؟
477435,COCO_val2014_000000477435.jpg,Is there a surfboard in the image?,no,random,surfboard,کیا تصویر میں کوئی سرف بورڈ ہے؟
477435,COCO_val2014_000000477435.jpg,Is there a microwave in the image?,no,random,microwave,کیا تصویر میں مائکروویو ہے؟
477435,COCO_val2014_000000477435.jpg,Is there a bear in the image?,no,random,bear,کیا تصویر میں ریچھ ہے؟
477435,COCO_val2014_000000477435.jpg,Is there a dining table in the image?,yes,popular,dining table,کیا تصویر میں کھانے کی میز ہے؟
477435,COCO_val2014_000000477435.jpg,Is there a person in the image?,yes,popular,person,کیا تصویر میں کوئی شخص ہے؟
477435,COCO_val2014_000000477435.jpg,Is there a bench in the image?,yes,popular,bench,کیا تصویر میں کوئی بینچ ہے؟
477435,COCO_val2014_000000477435.jpg,Is there a car in the image?,no,popular,car,کیا تصویر میں کوئی کار ہے؟
477435,COCO_val2014_000000477435.jpg,Is there a book in the image?,no,popular,book,کیا تصویر میں کوئی کتاب ہے؟
477435,COCO_val2014_000000477435.jpg,Is there a bottle in the image?,no,popular,bottle,کیا تصویر میں کوئی بوتل ہے؟
477435,COCO_val2014_000000477435.jpg,Is there a clock in the image?,yes,adversarial,clock,کیا تصویر میں کوئی گھڑی ہے؟
477435,COCO_val2014_000000477435.jpg,Is there a bench in the image?,yes,adversarial,bench,کیا تصویر میں کوئی بینچ ہے؟
477435,COCO_val2014_000000477435.jpg,Is there a chair in the image?,yes,adversarial,chair,کیا تصویر میں کرسی ہے؟
477435,COCO_val2014_000000477435.jpg,Is there a car in the image?,no,adversarial,car,کیا تصویر میں کوئی کار ہے؟
477435,COCO_val2014_000000477435.jpg,Is there a book in the image?,no,adversarial,book,کیا تصویر میں کوئی کتاب ہے؟
477435,COCO_val2014_000000477435.jpg,Is there a bottle in the image?,no,adversarial,bottle,کیا تصویر میں کوئی بوتل ہے؟
